pais,tipo_inmueble,dormitorios,ventanas,habitantes_mayores,habitantes_menores,aire_acondicionado,calefaccion_electrica,agua_caliente_electrica,secarropas_electrico,horno_electrico,refrigerador,freezer,tv,tv_frecuencia,lavado_frecuencia,cantidad_equipos,uso_horario_pico,horas_alto_consumo,tarifa_kwh,consumo_kwh
CO,Casa,3,6,3,3,0,0,0,0,1,1,0,1,28.784503013072726,2.9251111335206206,3,0,0.0,820.0,226.6
SV,Casa,5,12,4,0,0,0,1,0,0,1,1,2,11.755187843087604,3.9758891817370516,5,0,4.0,0.19,409.1
DO,Departamento,4,11,5,1,1,0,0,0,0,1,0,1,34.94941311234396,1.7012533264601353,3,1,4.4,12.5,343.2
PY,Departamento,3,7,3,0,1,0,0,1,1,1,0,2,15.727473536634658,3.2378095366150714,6,1,4.4,185.0,344.2
JM,Casa,2,3,2,0,0,1,0,1,0,1,0,1,19.20281789093601,0.46899834906295546,4,1,3.3,0.35,295.4
PE,Departamento,5,11,7,0,0,1,1,0,1,1,0,2,22.32676211354704,3.032778218285164,6,1,7.3,0.62,638.0
CO,Casa,3,10,1,0,1,1,1,0,1,1,0,1,26.351509468144044,2.66666595435184,6,0,11.7,820.0,567.3
JM,Departamento,3,3,1,2,1,0,0,0,1,1,0,1,9.643462471741884,0.48797558294346466,4,1,4.4,0.35,252.4
MX,Casa,2,4,3,1,0,0,0,0,1,1,0,2,19.59237473864566,2.017818456855914,4,0,0.0,1.2,197.8
CO,Casa pareada,2,8,6,1,1,0,1,0,1,1,0,1,16.168126788640123,5.192166438363303,5,1,8.4,820.0,590.3
CL,Departamento,1,3,3,0,1,1,1,0,1,1,0,2,11.218476330712493,2.498814838948782,7,1,11.7,150.0,625.6
HN,Departamento,1,4,1,0,0,0,0,0,0,1,0,0,0.0,3.3637451869068324,1,0,0.0,3.5,80.4
PY,Casa,1,4,1,0,0,0,0,0,0,1,1,1,12.709161622563915,2.018780339898305,3,0,0.0,185.0,125.4
ES,Casa pareada,3,12,4,2,1,0,0,1,1,1,1,3,10.131429215717626,2.6320832310868356,8,1,4.4,0.27,446.5
NI,Casa,1,1,1,0,1,1,1,1,0,1,0,1,20.531553475778672,3.000126589637121,6,0,11.7,7.5,576.2
PR,Casa pareada,1,7,1,0,0,1,1,0,1,1,1,3,2.554140130258073,4.391157722337271,8,0,7.3,0.22,493.5
ES,Casa móvil,5,12,6,2,1,1,0,0,1,1,0,1,19.386756541711527,1.4206522339440766,5,1,7.7,0.27,559.0
EC,Otro,4,11,6,1,1,0,0,1,0,1,0,1,4.279597443467594,2.899570240652699,4,1,4.4,0.1,405.4
HN,Departamento,4,12,6,1,0,0,0,0,0,1,0,4,25.909063227933547,0.6276084008190868,5,0,0.0,3.5,280.5
PE,Casa,2,5,5,0,1,1,0,0,1,1,0,4,22.023061918311935,4.26657778572798,8,1,7.7,0.62,542.5
US,Departamento,5,14,5,2,0,1,0,0,1,1,0,1,0.0,3.0815303780855734,4,1,3.3,0.16,407.8
BR,Departamento,1,4,3,0,1,1,1,0,1,1,0,1,18.824578326718697,4.24427856303611,6,1,11.7,0.75,630.9
GT,Departamento,4,8,2,5,1,0,0,0,0,1,0,1,16.41983311925571,4.205377529067903,3,1,4.4,1.7,316.1
JM,Casa móvil,1,3,1,0,0,1,1,1,0,1,0,2,23.28662002282481,3.5428827808932652,6,0,7.3,0.35,470.9
PR,Departamento,2,6,4,0,0,1,1,0,1,1,0,2,23.139082114575537,1.7499467910758915,6,1,7.3,0.22,543.2
ES,Departamento,2,9,1,0,1,0,0,0,0,1,0,3,30.638515327343583,1.287092660786394,5,0,4.4,0.27,232.1
CU,Departamento,2,4,5,1,0,1,1,0,1,1,0,1,29.35547125465149,0.25289087367731433,5,1,7.3,0.09,573.9
CL,Otro,4,8,3,3,0,0,1,0,1,1,0,1,13.116277177692407,4.346723112615822,4,0,4.0,150.0,406.0
JM,Casa,3,10,3,0,0,0,0,1,1,1,1,1,26.374709026511216,2.1918430235733855,5,0,0.0,0.35,262.1
PA,Casa,1,3,2,0,0,0,1,0,0,1,0,2,22.964180008086593,6.052609954096601,4,0,4.0,0.17,322.9
MX,Departamento,4,8,5,2,1,1,1,0,1,1,0,0,0.0,3.3930537181115716,5,1,11.7,1.2,708.5
US,Otro,5,12,8,2,0,0,1,0,0,1,1,1,15.763933935391616,2.2191173807168836,4,0,4.0,0.16,547.6
HN,Departamento,2,4,3,0,0,0,1,0,1,1,0,2,24.463221475430636,1.7901016435389412,5,0,4.0,3.5,366.0
HN,Casa,0,4,1,0,0,1,0,0,1,1,0,2,9.59413947487567,0.0,5,0,3.3,3.5,254.2
PY,Casa,4,11,3,1,1,0,0,0,1,1,1,2,2.693283944927817,3.2465860544659533,6,1,4.4,185.0,352.8
CU,Casa,1,5,1,0,1,0,0,0,1,1,0,2,16.576590613361176,2.8776183454723183,5,0,4.4,0.09,243.3
BR,Casa pareada,2,7,5,0,1,0,1,0,0,1,0,2,32.51725008565195,2.218015622044073,5,1,8.4,0.75,523.9
NI,Casa,3,7,2,2,1,0,1,1,1,1,0,2,31.129658916602637,2.6324090232139463,7,1,8.4,7.5,534.7
CR,Departamento,2,7,1,1,0,0,1,1,0,1,0,2,4.365220521313116,4.028623552911993,5,0,4.0,145.0,323.5
SV,Casa,2,4,1,0,1,0,0,1,0,1,1,1,18.12329009071548,3.4172155896819403,5,0,4.4,0.19,293.2
JM,Casa,1,1,1,0,0,1,0,0,0,1,0,2,25.16297572101451,2.4424249551214574,4,0,3.3,0.35,247.8
PR,Casa pareada,4,11,5,2,1,1,1,0,1,1,0,2,37.28995340885703,5.038830900443418,7,1,11.7,0.22,748.6
MX,Casa,3,8,1,1,0,1,1,0,0,1,0,3,17.970860152044523,1.3763592039175698,6,1,7.3,1.2,440.4
BR,Casa,3,10,3,1,1,0,0,0,0,1,0,3,7.557941211391306,2.521340104483653,5,1,4.4,0.75,283.0
UY,Departamento,0,1,2,0,0,0,0,1,0,1,1,3,23.181894876745783,1.2568807308985694,6,0,0.0,8.5,217.8
PY,Casa,4,12,6,3,0,1,0,0,0,1,0,1,51.78853679367535,4.276928362267183,3,1,3.3,185.0,450.5
JM,Casa,3,8,3,0,1,0,1,0,1,1,0,3,13.064938354277192,4.246547786501962,7,1,8.4,0.35,492.5
MX,Otro,2,7,1,0,0,0,1,0,1,1,0,3,29.476496098482997,1.3333426486236628,6,0,4.0,1.2,321.5
GT,Casa,1,6,1,0,0,1,0,0,0,1,0,1,30.493396105434073,1.985974041477947,3,0,3.3,1.7,236.7
HN,Casa,2,5,3,1,1,1,0,1,1,1,0,2,31.57507758021134,5.154452634844937,7,1,7.7,3.5,529.4
UY,Casa,2,5,1,2,0,0,0,0,1,1,0,2,36.47393997603329,3.4644301228637504,4,0,0.0,8.5,173.3
CR,Casa,2,6,1,0,1,0,0,0,0,1,0,3,0.0,0.41480488889187317,5,0,4.4,145.0,187.2
VE,Casa,4,14,1,1,0,0,1,0,1,1,1,4,17.441679286591768,1.886711859003845,8,0,4.0,0.01,376.3
BO,Casa,1,1,3,0,0,0,0,0,0,1,1,2,23.74386451706263,3.947972225642093,4,0,0.0,0.6,209.2
EC,Departamento,4,10,6,1,0,0,0,0,0,1,0,2,20.02993291199956,3.5103149653025065,3,0,0.0,0.1,264.5
US,Casa,3,10,1,0,0,0,1,0,1,1,1,1,23.398753611927038,3.4740718059664295,5,0,4.0,0.16,346.3
BO,Casa,3,6,5,1,1,0,0,0,1,1,0,1,29.73894128217401,4.047849518057258,4,1,4.4,0.6,381.2
DO,Departamento,2,6,8,0,1,1,0,0,1,1,0,1,19.39748153598713,1.392056171564671,5,1,7.7,12.5,588.9
BO,Departamento,4,10,2,2,0,0,0,0,1,1,0,1,21.103957256122186,2.3875002557599965,3,0,0.0,0.6,176.0
PE,Casa,1,5,2,0,0,0,0,0,1,1,0,1,31.30099316404514,3.9211487656689354,3,0,0.0,0.62,156.9
PR,Casa,3,7,5,2,1,0,1,1,0,1,1,0,0.0,1.8752799925732238,5,1,8.4,0.22,608.1
SV,Casa,3,6,2,2,1,0,0,0,0,1,0,2,0.0,0.0,4,1,4.4,0.19,245.4
BO,Casa,3,10,1,0,0,0,0,1,0,1,0,3,34.72953572189574,0.0,5,0,0.0,0.6,152.4
MX,Casa,3,7,4,1,0,0,1,0,0,1,0,2,23.662095977839375,3.626207938113022,4,0,4.0,1.2,388.1
PY,Departamento,3,5,1,0,0,0,1,0,0,1,0,1,39.33793485188187,5.940726901174541,3,0,4.0,185.0,288.9
MX,Casa pareada,2,5,1,0,1,1,0,0,1,1,0,1,28.867590544047385,2.2663837978216144,5,0,7.7,1.2,386.7
PE,Departamento,4,5,1,0,1,0,0,0,0,0,1,2,27.287142340743458,2.1350290616494605,4,0,4.4,0.62,227.8
CR,Departamento,1,4,4,0,0,1,1,1,1,1,0,1,14.690234954442852,4.5673092186816415,6,1,7.3,145.0,581.2
GT,Casa pareada,4,8,4,2,1,0,1,1,0,1,0,2,19.504411624484174,2.826751681051598,6,1,8.4,1.7,555.6
NI,Casa,3,8,1,1,0,1,1,0,0,1,0,3,0.0,4.193757982829661,6,1,7.3,7.5,427.5
GT,Departamento,3,7,4,0,0,0,0,0,0,1,0,3,0.0,3.921405657535596,4,0,0.0,1.7,172.8
PY,Casa,5,13,4,2,0,1,0,0,0,1,0,1,4.3711565466015045,3.343155043393407,3,1,3.3,185.0,351.4
CO,Casa,3,4,1,0,1,0,0,0,0,1,0,3,17.861954419095092,1.8031758545722574,5,0,4.4,820.0,218.0
BO,Casa,3,7,2,1,1,0,0,1,1,1,1,2,14.92894719571758,2.384490039982336,7,1,4.4,0.6,369.5
HT,Casa,2,5,1,1,1,0,1,0,0,1,0,3,3.947287528674323,2.9635539243437767,6,1,8.4,0.14,400.3
NI,Casa,3,8,5,0,1,1,0,0,0,1,1,1,1.2878188393901304,5.793476342092321,5,1,7.7,7.5,524.6
CO,Casa,3,7,3,0,1,0,0,0,0,1,0,2,4.320695835695014,4.891405985344477,4,1,4.4,820.0,271.5
UY,Casa,2,8,4,0,0,0,0,1,0,1,0,1,11.318065693592201,0.5468051273132133,3,0,0.0,8.5,203.9
HN,Casa,3,5,4,0,1,0,1,0,0,1,0,1,25.098982484765358,2.842163798623693,4,1,8.4,3.5,478.9
SV,Casa,3,9,6,0,0,0,0,1,0,1,1,2,0.0,2.713859309498177,5,0,0.0,0.19,312.3
ES,Casa,1,7,1,0,1,0,0,0,0,1,0,2,23.28367972831538,3.268111444929491,4,0,4.4,0.27,220.6
EC,Casa,3,5,1,1,0,0,0,1,1,1,0,2,0.0,2.935299615538639,5,0,0.0,0.1,163.7
GT,Casa,2,2,1,0,1,0,0,0,0,1,0,2,17.658744627170876,2.717423809103425,4,0,4.4,1.7,213.5
SV,Casa pareada,1,1,1,0,0,0,0,0,0,1,0,3,3.1265230558664854,1.6046029690949237,4,0,0.0,0.19,79.0
JM,Casa pareada,4,11,3,2,1,1,1,0,1,1,0,1,27.715332597619195,4.213681966485366,6,1,11.7,0.35,664.5
BR,Casa,1,2,2,0,0,1,0,0,1,1,0,1,5.464007200683692,1.1064160517142518,4,1,3.3,0.75,282.4
GT,Departamento,3,7,1,0,0,1,1,0,1,1,1,2,6.135577467298068,0.8850454453741863,7,0,7.3,1.7,479.7
DO,Casa,5,11,6,1,0,1,0,0,0,1,0,1,20.785987061150372,1.9828927072597513,3,1,3.3,12.5,397.5
GT,Casa,2,6,2,0,0,1,0,0,0,1,1,3,7.801242551584783,1.7538451775919963,6,1,3.3,1.7,308.8
SV,Casa,3,5,8,0,0,0,0,0,0,1,0,3,16.143700184768388,2.64533037005323,4,0,0.0,0.19,310.1
HT,Casa,3,8,8,0,1,0,1,0,0,1,0,1,29.885318628514625,3.5467875569892033,4,1,8.4,0.14,604.0
NI,Casa,2,4,3,0,1,0,0,1,0,1,0,3,21.784251975241027,1.1264100439829208,6,1,4.4,7.5,320.2
AR,Departamento,3,5,1,0,0,0,0,0,0,1,0,1,18.360464999730034,2.128559717202775,2,0,0.0,85.0,83.6
UY,Casa pareada,1,1,4,0,1,1,1,0,1,1,0,2,20.732753145856964,3.0562848485093976,7,1,11.7,8.5,666.1
SV,Departamento,3,6,3,1,1,1,1,0,1,1,0,1,23.138190201071218,2.262378870404798,6,1,11.7,0.19,639.2
ES,Casa,4,10,3,2,0,0,0,1,1,1,1,1,10.822464625824859,7.214353455144588,5,0,0.0,0.27,306.1
PA,Casa,4,11,6,2,0,0,0,0,0,1,0,1,30.155152164829296,0.5124966516266323,2,0,0.0,0.17,261.7
CL,Departamento,3,6,1,1,1,0,1,0,1,1,0,3,19.99436902877041,3.0595402898963426,7,1,8.4,150.0,451.2
ES,Otro,5,13,2,1,0,0,0,0,0,1,0,3,26.737943936677578,4.290794561942168,4,0,0.0,0.27,165.6
JM,Casa,4,12,4,2,1,0,1,1,0,1,0,3,8.816941827934562,2.423174834973125,7,1,8.4,0.35,549.2
DO,Casa,1,5,1,0,1,0,1,0,1,1,0,2,34.12513069961006,4.5361482597615375,6,0,8.4,12.5,445.3
CU,Casa,1,5,2,0,0,0,0,0,0,1,0,1,3.739155113734835,4.0872820073343,2,0,0.0,0.09,115.8
CR,Casa,3,8,1,0,0,0,0,0,1,1,0,1,17.33586465924823,2.1276090985775924,3,0,0.0,145.0,113.3
BO,Departamento,1,5,2,0,1,0,0,1,0,0,0,4,25.09820707776118,3.827788157296938,6,1,4.4,0.6,281.3
PA,Departamento,3,10,3,1,0,0,0,0,0,1,0,1,2.8083886612395332,2.394611822220999,2,0,0.0,0.17,153.2
HT,Casa,2,3,3,0,1,0,0,1,1,1,0,1,40.00963101590153,3.084617350754356,5,1,4.4,0.14,346.5
BR,Casa,2,6,5,0,0,1,1,0,1,1,1,2,27.96544030519997,2.646248634278728,7,1,7.3,0.75,625.7
BR,Casa,3,11,2,0,0,0,0,0,0,1,1,2,12.327829314693597,1.7905772689729738,4,0,0.0,0.75,160.2
AR,Departamento,3,8,1,2,0,0,0,1,1,1,1,1,31.226782545637384,2.85870813697375,5,0,0.0,85.0,237.0
BO,Casa,2,9,3,0,1,0,1,0,0,1,0,1,19.302012142378622,0.9997885218986982,4,1,8.4,0.6,438.6
DO,Casa pareada,2,5,4,0,0,1,0,1,0,1,0,1,39.1644487673541,1.8548410240340092,4,1,3.3,12.5,369.9
UY,Casa,3,13,3,1,0,1,0,0,0,1,0,4,37.22359941995649,3.4092937770386595,6,1,3.3,8.5,370.2
EC,Casa,3,7,2,1,1,1,1,1,1,1,0,2,0.0,1.6273130107807483,8,1,11.7,0.1,636.0
PE,Departamento,2,7,5,1,0,0,0,0,1,1,1,4,22.566587307122617,0.42827115675581773,7,0,0.0,0.62,318.8
HT,Casa,0,1,3,0,1,0,1,0,1,1,0,3,21.075341800536343,3.322647203728554,7,1,8.4,0.14,498.7
BO,Casa,3,12,2,0,0,0,0,0,0,1,0,3,16.484752648567067,3.373400865594987,4,0,0.0,0.6,133.6
PE,Departamento,4,8,3,2,0,1,0,0,0,1,0,3,26.00959284699897,3.498798469646461,5,1,3.3,0.62,354.8
PA,Casa,2,8,1,1,0,0,1,1,0,1,0,1,9.224167523962874,2.5505204039169516,4,0,4.0,0.17,316.6
PY,Casa,4,9,2,0,1,0,1,0,0,1,1,1,40.109261124005144,3.8234743111153664,5,1,8.4,185.0,474.2
EC,Departamento,2,5,1,0,0,0,1,0,0,1,0,4,17.056522764727504,2.315765705826963,6,0,4.0,0.1,287.8
GT,Casa,1,7,3,0,0,1,0,0,0,1,0,2,20.85993480747625,1.8089346874517198,4,1,3.3,1.7,301.4
PR,Casa,3,5,3,0,0,1,1,0,0,1,0,4,11.940063911682024,0.9094912734507425,7,1,7.3,0.22,481.5
DO,Otro,2,5,1,1,0,0,0,0,0,1,0,2,22.46683149610744,4.626879587195767,3,0,0.0,12.5,121.3
CU,Otro,1,4,1,0,1,1,0,0,0,1,1,2,29.083932972673047,3.190300464443764,6,0,7.7,0.09,418.3
GT,Casa,2,6,2,0,0,1,0,0,0,1,0,1,24.466615152789032,4.712221152154827,3,1,3.3,1.7,275.8
HN,Departamento,3,7,1,1,1,0,1,0,1,1,0,2,32.910290551841356,3.3921306190949525,6,1,8.4,3.5,454.4
ES,Casa,1,3,3,0,0,0,0,0,1,1,0,1,25.167028186484664,0.0,3,0,0.0,0.27,167.5
PA,Otro,3,7,2,0,0,0,1,0,1,1,0,1,18.1141386699399,4.217603564994753,4,0,4.0,0.17,332.6
CU,Casa,2,7,1,0,0,0,0,0,1,1,0,1,35.713358160823674,5.35499772749842,3,0,0.0,0.09,134.9
JM,Departamento,3,7,1,0,1,0,1,1,0,1,0,2,25.044446476624685,1.9514672203441104,6,0,8.4,0.35,436.5
UY,Departamento,3,7,6,1,0,1,1,0,0,1,1,2,13.557917496135516,3.883054917322726,6,1,7.3,8.5,633.7
DO,Casa,3,7,4,0,0,0,1,0,1,1,0,2,12.550170612743585,2.051871265786634,5,0,4.0,12.5,387.0
CR,Departamento,4,12,3,0,0,0,0,1,1,1,0,2,17.57380952599726,1.562982598948156,5,0,0.0,145.0,219.2
PE,Departamento,5,13,3,2,0,1,0,0,0,1,1,4,11.724157592653386,2.384199017977478,7,1,3.3,0.62,382.1
BO,Casa pareada,2,3,1,0,0,1,1,0,1,1,0,1,20.16129415276004,2.308460579128743,5,0,7.3,0.6,443.8
CO,Casa,4,9,5,3,0,0,0,0,1,1,0,4,12.982330537332174,4.148933179089349,6,0,0.0,820.0,303.8
PY,Otro,3,8,4,0,0,1,0,0,0,1,0,2,13.98539188440994,5.56015146062846,4,1,3.3,185.0,341.6
DO,Casa,0,3,2,0,0,0,0,1,0,1,0,1,26.823925098127926,2.8949807117807995,3,0,0.0,12.5,160.6
PR,Casa,2,6,1,0,0,0,1,0,0,1,0,4,24.802411525117666,3.611592554427058,6,0,4.0,0.22,306.4
US,Casa pareada,3,12,1,0,1,0,1,0,0,1,0,1,0.0,4.259352136161378,4,0,8.4,0.16,383.6
HN,Departamento,4,14,7,1,1,0,0,0,0,1,0,1,33.723423428665185,1.5133405266189743,3,1,4.4,3.5,401.9
HN,Casa pareada,3,10,8,2,0,0,1,1,0,1,0,1,11.025070291453376,1.5107297882490904,4,0,4.0,3.5,537.9
BR,Departamento,1,2,2,0,0,0,0,0,0,1,0,1,13.169081984148253,5.306036327846703,2,0,0.0,0.75,125.0
CO,Casa,2,4,3,0,0,0,0,0,1,1,1,2,26.642923020556356,2.1222173266094826,5,0,0.0,820.0,233.9
GT,Departamento,2,6,4,0,0,1,1,1,0,1,0,4,22.681627809553163,1.5741956892213866,8,1,7.3,1.7,572.7
GT,Departamento,2,6,1,1,0,0,1,0,0,1,0,2,17.60382844565353,3.548231017557757,4,0,4.0,1.7,292.6
CU,Departamento,3,6,2,1,1,1,0,1,1,1,0,1,19.3668014028904,2.4514248215306864,6,1,7.7,0.09,468.5
PR,Casa,3,9,3,0,0,0,0,0,0,1,0,3,27.065325128978273,2.887846617652908,4,0,0.0,0.22,175.0
PY,Otro,3,5,2,0,0,0,1,0,0,1,0,2,38.41255614426905,1.1033544582341794,4,0,4.0,185.0,314.8
HN,Casa,4,11,6,0,1,1,1,0,1,1,1,3,9.479992806471518,3.587244056022161,9,1,11.7,3.5,768.2
SV,Departamento,3,6,4,1,0,0,0,1,0,1,0,2,27.698959812747646,4.451588080169211,4,0,0.0,0.19,255.1
US,Casa,3,5,2,1,1,1,0,1,1,1,0,2,14.233015110724978,2.3257748553454434,7,1,7.7,0.16,472.5
CU,Casa,3,6,5,1,0,1,0,0,0,1,0,2,22.783329395705042,0.935935002640278,4,1,3.3,0.09,374.3
ES,Departamento,2,3,1,0,0,0,0,1,1,1,1,1,18.837333546896343,5.763225987852396,5,0,0.0,0.27,214.2
PR,Casa,3,7,3,1,0,1,0,0,0,1,1,3,13.354133277414032,1.432105827902289,6,1,3.3,0.22,359.4
CO,Departamento,3,6,2,1,0,1,1,0,1,1,0,2,50.595312289968234,1.3708896260812815,6,1,7.3,820.0,519.8
DO,Casa,2,2,4,0,1,0,1,0,1,1,0,1,27.52383732712678,4.711219184042071,5,1,8.4,12.5,518.1
CU,Departamento,3,7,3,0,1,0,0,0,1,1,0,2,28.085477496020182,2.1593267853084406,5,1,4.4,0.09,310.0
MX,Casa,1,6,2,0,0,0,0,0,0,1,0,1,39.44597792260228,5.3638804328180845,2,0,0.0,1.2,136.4
AR,Departamento,1,1,1,0,0,0,1,0,0,1,0,1,28.69675756694491,4.767277279225777,3,0,4.0,85.0,279.3
BO,Casa,3,10,2,2,0,1,0,0,0,1,0,4,8.303239989755811,4.132292838711065,6,1,3.3,0.6,309.2
ES,Casa,3,11,3,0,0,0,0,1,1,1,0,2,40.314001647785034,2.951288514123817,5,0,0.0,0.27,244.5
NI,Casa,3,7,6,2,1,0,0,0,0,1,1,1,22.219827776762713,5.075580541789499,4,1,4.4,7.5,441.9
BO,Departamento,4,12,3,2,0,0,0,0,1,1,0,1,27.39631204986562,6.539657901494418,3,0,0.0,0.6,226.5
ES,Otro,3,8,2,1,0,0,0,0,0,1,1,2,20.132366728016702,4.103600040420246,4,0,0.0,0.27,191.8
MX,Casa,3,7,4,1,0,0,0,0,1,1,0,1,24.853032830631406,3.784265641123546,3,0,0.0,1.2,228.6
AR,Casa,2,5,1,0,0,0,0,0,1,1,0,3,44.718090760554695,3.255762279029474,5,0,0.0,85.0,169.1
SV,Casa,2,2,2,1,0,0,1,1,0,1,1,1,8.911970250619607,3.3441905466876447,5,0,4.0,0.19,394.5
US,Casa,4,8,4,2,1,0,0,0,0,0,0,1,27.811812052237418,4.578966626423342,2,1,4.4,0.16,301.5
CL,Departamento,4,12,2,0,0,0,1,0,1,1,0,2,23.33549011636205,3.2782699598771154,5,0,4.0,150.0,341.4
DO,Departamento,1,5,1,0,0,0,0,0,0,1,1,1,14.73493303483885,1.312605967346768,3,0,0.0,12.5,123.2
UY,Casa,3,8,3,0,1,1,0,0,0,1,0,2,24.184990745503846,2.7989591687859514,5,1,7.7,8.5,427.9
CU,Casa,2,4,1,0,1,0,1,0,1,1,0,3,10.822910254997405,1.2174167181025957,7,0,8.4,0.09,416.6
CR,Casa,4,8,5,0,1,0,0,1,1,1,1,2,6.379491691473477,0.866922350789801,7,1,4.4,145.0,430.8
CO,Casa,3,10,4,2,0,0,1,0,1,1,1,1,20.412060667816196,2.907726480593044,5,0,4.0,820.0,462.6
BO,Casa,2,8,3,0,0,0,0,1,0,1,0,4,7.0199157585854,3.9233779317919324,6,0,0.0,0.6,197.7
JM,Departamento,0,3,1,0,0,0,0,0,1,1,1,1,22.595417655715384,3.3873692804958404,4,0,0.0,0.35,165.6
BO,Casa,4,10,5,1,1,0,1,0,0,1,0,1,15.095378393062894,3.5927142285475884,4,1,8.4,0.6,522.9
PR,Casa,3,5,5,0,1,0,1,0,0,1,0,1,12.594841794988803,4.513649705601008,4,1,8.4,0.22,510.8
PA,Casa pareada,2,7,2,0,1,0,1,0,1,1,0,2,29.39420421798181,4.463984924723762,6,1,8.4,0.17,471.0
GT,Casa,4,10,5,0,0,0,1,0,0,1,1,2,21.655154620167625,4.1682445756815465,5,0,4.0,1.7,448.3
PR,Casa,4,9,5,1,1,1,1,0,0,1,0,3,5.317362401311527,2.6514491409348433,7,1,11.7,0.22,669.2
BO,Departamento,1,4,1,0,0,0,0,0,0,1,1,2,9.804154918325569,3.2484182253489777,4,0,0.0,0.6,134.3
CL,Otro,2,6,1,0,1,0,0,0,0,1,0,0,0.0,2.087628079201324,2,0,4.4,150.0,194.3
NI,Casa,3,6,2,1,1,1,0,0,0,1,0,4,12.043211583294136,1.4293624188503182,7,1,7.7,7.5,408.3
CR,Casa,3,11,6,2,1,0,0,1,0,1,1,3,8.94164817847882,3.098298871245076,7,1,4.4,145.0,476.9
PR,Casa,4,15,2,2,0,0,1,0,0,0,0,3,21.071550728393234,1.0811190417371002,4,0,4.0,0.22,303.6
MX,Departamento,3,8,2,0,0,1,1,0,0,1,1,2,27.04190345123167,5.911300408772803,6,1,7.3,1.2,518.9
DO,Casa,2,5,1,0,0,0,1,0,0,1,0,1,1.040148008539358,5.131613907104676,3,0,4.0,12.5,269.1
CR,Casa,3,7,5,1,1,0,0,0,0,1,0,3,17.62740280902598,1.1814475604104113,5,1,4.4,145.0,350.1
AR,Departamento,2,5,2,1,0,0,0,0,0,1,0,3,24.477150300950683,3.8188182566087177,4,0,0.0,85.0,160.7
EC,Casa,1,6,1,0,0,0,0,0,1,1,0,1,12.726322593408682,3.060504608332036,3,0,0.0,0.1,115.3
HN,Departamento,2,3,1,0,0,0,0,0,1,1,0,4,29.375229217497576,2.497601944089589,6,0,0.0,3.5,159.5
BO,Departamento,3,10,4,0,0,0,0,1,0,1,0,2,17.884533969194713,3.6146268294349344,4,0,0.0,0.6,228.2
GT,Casa,1,4,1,0,0,0,1,0,1,1,0,1,27.25707983318722,4.177431433031877,4,0,4.0,1.7,306.3
CO,Casa,4,11,1,3,1,1,1,0,1,1,0,1,14.52995279155005,2.925614538177091,6,1,11.7,820.0,608.4
SV,Departamento,3,6,1,1,0,1,1,0,0,1,0,1,3.52222858895529,5.202122733997946,4,1,7.3,0.19,434.0
CR,Otro,2,2,1,0,0,0,1,1,1,1,0,3,30.520748860237426,2.9041941223132612,7,0,4.0,145.0,369.6
HN,Casa,3,10,7,1,0,0,1,0,0,1,0,2,34.2309514951162,2.4104205936209557,4,0,4.0,3.5,481.8
JM,Casa,3,11,3,1,0,1,0,0,1,1,0,2,20.095522862568465,1.3491520004547723,5,1,3.3,0.35,343.9
DO,Departamento,2,9,2,1,1,1,0,0,1,1,0,4,9.498278803192896,3.4016612962387667,8,1,7.7,12.5,442.6
NI,Casa,2,8,1,2,0,1,0,0,0,1,0,2,12.18808973852994,3.783540320751703,4,1,3.3,7.5,272.5
BR,Departamento,1,5,3,0,1,1,1,0,1,1,1,2,20.462032758149537,4.044617836234154,8,1,11.7,0.75,684.8
NI,Casa,1,5,1,0,0,0,1,0,0,1,0,2,15.119800984380655,5.31667421717801,4,0,4.0,7.5,283.1
AR,Otro,2,5,3,0,0,1,0,0,1,1,0,2,17.725793692443435,2.254912945809442,5,1,3.3,85.0,330.7
PA,Departamento,3,8,3,0,0,0,0,1,0,1,0,1,6.561010883086665,3.630543188763936,3,0,0.0,0.17,185.1
UY,Casa pareada,2,6,3,0,0,1,1,1,0,1,1,4,15.071310521755985,2.2846739654500827,9,1,7.3,8.5,577.5
HN,Departamento,3,7,2,3,0,0,0,0,0,1,0,1,24.03376242526725,3.401310429189831,2,0,0.0,3.5,166.5
MX,Casa pareada,3,9,5,1,0,0,1,0,0,1,0,2,8.747764896201652,1.5487648839371482,4,0,4.0,1.2,396.5
UY,Casa,2,3,3,1,0,1,0,0,1,1,0,1,11.891110561914113,3.886659771645835,4,1,3.3,8.5,342.0
AR,Casa,3,8,2,0,1,0,0,0,0,1,0,4,24.17370803031829,5.496349877246457,6,1,4.4,85.0,282.9
VE,Casa,1,1,1,0,1,0,1,0,1,1,1,2,34.06615533650644,3.4855783433685974,7,0,8.4,0.01,485.4
PY,Otro,1,2,1,0,0,1,0,0,1,1,1,1,4.015014679867171,0.9478157306200425,5,0,3.3,185.0,295.7
JM,Casa,2,2,1,0,1,1,0,0,1,1,0,3,44.224479010834955,2.286376321031074,7,0,7.7,0.35,432.2
JM,Casa,2,6,1,0,1,0,1,0,0,1,0,1,5.782379309528844,0.8486666888135952,4,0,8.4,0.35,372.2
MX,Casa,4,10,7,2,1,0,1,0,1,1,1,3,43.83861037981873,2.900711050966858,8,1,8.4,1.2,720.5
CO,Casa,2,8,4,0,0,1,0,0,0,1,0,1,9.65279009315255,0.6544423221852766,3,1,3.3,820.0,312.1
SV,Casa,3,9,3,0,1,0,0,0,1,1,0,1,31.9662786898701,1.6379063515062748,4,1,4.4,0.19,296.8
PA,Departamento,4,12,2,0,0,0,1,1,1,1,0,2,16.924722352829843,2.522958849289396,6,0,4.0,0.17,372.8
DO,Casa,2,6,1,1,0,0,0,0,0,1,0,2,4.575153921984398,1.6689149669963195,3,0,0.0,12.5,93.5
GT,Casa,5,11,6,4,0,1,0,0,0,1,0,2,18.22986413923563,3.091522283121308,4,1,3.3,1.7,454.7
PY,Casa,0,2,1,0,1,0,0,0,0,1,0,1,13.479254305972056,2.0573883319547015,3,0,4.4,185.0,200.7
HT,Casa pareada,2,5,3,0,0,0,0,0,0,1,0,2,31.076773394837602,4.290926283505445,3,0,0.0,0.14,172.2
DO,Casa,3,8,2,2,1,0,1,0,0,1,0,2,25.649406535468145,3.2564075566924497,5,1,8.4,12.5,462.6
BR,Departamento,1,1,1,0,0,0,0,1,1,1,0,2,13.91243076354674,4.6904147148184485,5,0,0.0,0.75,169.5
PE,Casa,1,2,1,0,0,1,1,0,1,1,0,2,12.334795530211297,3.5246577265725887,6,0,7.3,0.62,451.6
EC,Casa,5,11,3,0,0,0,0,0,0,1,0,2,18.83800715640246,0.40004843302788196,3,0,0.0,0.1,145.1
CL,Departamento,4,10,2,2,0,0,1,0,0,1,0,2,19.058789354321814,3.7554754312860807,4,0,4.0,150.0,339.7
JM,Otro,3,8,5,0,0,1,0,1,1,1,1,3,23.995247560451347,2.448606800759721,8,1,3.3,0.35,492.5
ES,Casa,3,10,1,0,0,0,0,0,0,1,0,2,41.20080771050789,5.084340387870093,3,0,0.0,0.27,124.2
SV,Departamento,1,3,1,0,0,0,0,0,0,1,0,4,24.774105734360884,5.578663605034393,5,0,0.0,0.19,134.8
VE,Casa,3,8,1,0,1,0,0,0,1,1,1,2,32.293249313154135,3.899376779685566,6,0,4.4,0.01,305.7
PY,Departamento,0,1,2,0,0,0,0,0,0,1,1,1,17.322891729525256,2.3498595228277366,3,0,0.0,185.0,158.8
CU,Casa,5,13,4,3,0,1,0,0,1,1,1,2,23.945994213705404,5.7661746200914035,6,1,3.3,0.09,470.7
ES,Casa,4,8,1,1,0,0,0,0,1,1,0,1,18.696057610804697,3.6207710787183576,3,0,0.0,0.27,135.3
DO,Departamento,2,9,2,1,1,1,0,0,0,1,0,1,40.91669089395488,3.504372369528556,4,1,7.7,12.5,412.0
CR,Casa,1,4,1,0,1,1,0,0,1,1,0,2,21.001429124600765,0.7565096236869491,6,0,7.7,145.0,386.5
CO,Casa pareada,0,2,1,0,0,0,0,0,0,1,0,1,21.51589844819523,2.2936178840327104,2,0,0.0,820.0,85.7
HN,Casa,4,10,2,1,0,0,0,0,0,1,1,2,9.727694033123406,1.8739530952437582,4,0,0.0,3.5,173.4
BO,Departamento,2,4,2,0,0,1,0,0,0,1,0,2,8.636971371074695,5.657263923730119,4,1,3.3,0.6,277.5
PE,Casa,5,13,5,1,0,0,0,0,1,1,0,2,10.76834875971807,1.2571496676002818,4,0,0.0,0.62,247.1
SV,Casa,2,4,2,0,1,0,1,0,0,1,1,1,18.64846392967584,4.1196273294494405,5,1,8.4,0.19,466.3
PR,Casa,3,8,1,0,0,0,0,0,0,1,0,3,6.094875663694053,2.716883680483159,4,0,0.0,0.22,87.6
PY,Casa,1,7,2,0,1,1,0,0,1,1,0,1,9.797367078815792,3.1519605827298953,5,1,7.7,185.0,412.4
JM,Casa,3,6,1,1,0,0,1,0,0,1,0,3,22.121137011312243,3.5725358017194204,5,0,4.0,0.35,306.6
SV,Departamento,3,6,3,0,1,0,1,0,1,1,0,3,27.581642172281732,3.583958086656615,7,1,8.4,0.19,508.1
HN,Casa pareada,3,7,4,1,0,0,1,0,1,1,0,4,22.404213541280903,2.249677711865606,7,0,4.0,3.5,431.6
EC,Casa pareada,2,3,1,2,0,0,1,1,0,1,0,1,28.091174883856002,2.760580998718991,4,0,4.0,0.1,340.5
JM,Casa,1,4,2,0,1,1,0,0,1,1,1,1,29.085868016131474,3.435199990633133,6,1,7.7,0.35,466.4
ES,Casa pareada,0,2,1,0,0,0,1,0,0,1,0,1,0.0,4.864245575802361,3,0,4.0,0.27,266.9
BO,Casa,1,2,1,0,0,0,1,0,1,1,0,3,16.932869822232753,3.966222505727974,6,0,4.0,0.6,316.8
EC,Casa pareada,2,6,1,0,1,0,0,1,0,1,0,1,23.11373129121661,3.656509950289659,4,0,4.4,0.1,251.7
BO,Casa,3,10,4,1,0,0,0,0,1,1,1,1,35.45896479778648,3.3601072689631204,4,0,0.0,0.6,275.9
MX,Departamento,3,9,4,0,0,1,0,0,1,1,1,1,15.678882395469874,3.1463898912777206,5,1,3.3,1.2,400.1
ES,Casa,2,3,2,0,0,0,1,1,0,1,0,3,14.602116969870393,4.180626663147306,6,0,4.0,0.27,354.7
CL,Casa,3,1,2,1,0,0,0,0,1,1,0,2,11.64619711151963,2.9118260226288495,4,0,0.0,150.0,164.9
HT,Departamento,2,6,2,1,1,0,1,1,1,1,0,2,13.053406466211403,6.7810630382369546,7,1,8.4,0.14,522.1
CU,Casa,5,12,5,0,0,0,1,1,0,1,0,2,13.786055064528817,2.026315317542614,5,0,4.0,0.09,427.9
PR,Casa,4,9,5,3,1,0,0,0,0,1,0,2,24.2218666143744,2.477119551067519,4,1,4.4,0.22,383.0
MX,Casa,3,8,5,1,1,1,0,0,1,1,0,1,23.24851658511045,2.5100649996482947,5,1,7.7,1.2,520.3
PA,Casa,3,9,3,0,0,0,1,0,0,1,0,3,27.53212064827865,1.1546097786021348,5,0,4.0,0.17,348.1
EC,Departamento,2,6,2,1,0,1,0,0,1,1,0,2,23.680100364945186,1.516206342553982,5,1,3.3,0.1,317.6
CU,Casa pareada,1,3,3,0,0,1,0,0,1,1,0,3,32.272911466421924,1.7246889372914136,6,1,3.3,0.09,355.2
MX,Casa,3,1,3,0,0,0,0,0,0,1,0,3,15.739144297689347,3.0378942466475856,4,0,0.0,1.2,161.2
VE,Departamento,4,9,3,1,0,0,1,0,1,1,0,2,25.806226194469854,0.9328479876989637,5,0,4.0,0.01,378.4
AR,Casa,5,8,7,2,0,1,1,0,1,1,0,1,8.608439244657193,2.9351852596559773,5,1,7.3,85.0,651.5
SV,Casa,2,6,1,0,1,0,0,0,1,1,0,3,14.709615024323604,2.665065416919023,6,0,4.4,0.19,247.8
ES,Casa,1,4,1,0,1,0,1,1,0,1,0,2,9.588768640512091,2.3335358217064748,6,0,8.4,0.27,425.0
AR,Casa,2,5,2,1,0,0,0,0,1,1,0,1,8.978629707364759,1.7496061753951553,3,0,0.0,85.0,153.1
BR,Casa,2,8,6,0,1,0,1,1,0,1,0,2,31.968167090961245,3.1534655007132906,6,1,8.4,0.75,597.5
CR,Casa,4,7,2,1,0,1,0,1,0,1,0,2,37.31428751032344,3.8044521483124094,5,1,3.3,145.0,349.0
BR,Casa,3,8,1,0,1,1,0,0,0,1,0,2,28.44201190692885,4.694955591161335,5,0,7.7,0.75,379.6
NI,Departamento,3,9,3,0,1,0,0,1,0,1,0,2,8.907628663969927,2.50115522778246,5,1,4.4,7.5,305.2
VE,Departamento,2,7,4,2,1,0,0,0,1,1,0,3,28.272526511405022,0.6594487890853569,6,1,4.4,0.01,376.5
EC,Casa pareada,4,9,4,2,0,0,1,0,1,1,0,1,27.809315781091883,1.0935707438916613,4,0,4.0,0.1,413.3
PY,Casa,3,6,1,0,0,0,0,0,0,1,0,3,0.0,2.8188471349889896,4,0,0.0,185.0,78.1
EC,Casa,3,10,1,0,1,0,0,0,1,0,0,1,11.757007917823966,3.5641102975437,3,0,4.4,0.1,200.5
HN,Departamento,3,10,1,1,1,1,1,1,1,1,0,2,20.72868237828491,3.051611243978291,8,1,11.7,3.5,631.2
HN,Casa,1,3,1,0,0,0,0,0,1,1,0,4,17.226617912063315,4.858274827010188,6,0,0.0,3.5,149.0
SV,Casa,2,4,1,0,1,1,0,1,1,1,0,4,23.046694991218267,3.7197034800773667,9,0,7.7,0.19,462.0
PE,Departamento,2,8,1,0,1,0,1,1,0,1,1,0,0.0,1.775184560704918,5,0,8.4,0.62,457.7
ES,Departamento,4,11,4,0,0,1,1,0,1,1,0,2,14.895421329715212,5.222603391813191,6,1,7.3,0.27,551.0
PR,Casa,2,4,1,0,0,0,0,0,1,1,0,2,24.68869602541885,2.7268816059772245,4,0,0.0,0.22,130.2
UY,Casa,2,7,7,1,1,0,0,0,0,1,1,1,21.767876377631527,1.6422374148846368,4,1,4.4,8.5,442.0
HT,Casa,3,7,5,1,1,0,0,0,1,1,0,4,23.853035866026865,1.384158188287862,7,1,4.4,0.14,399.8
BR,Casa pareada,2,7,2,0,0,0,1,1,0,1,1,1,22.523458313414473,2.2825008577509074,5,0,4.0,0.75,380.8
VE,Departamento,2,3,3,0,0,0,0,0,1,1,1,3,28.841877387127873,3.9023250035158794,6,0,0.0,0.01,256.3
AR,Casa,3,12,5,3,0,0,1,1,0,1,0,2,27.88611119265221,4.233343973340535,5,0,4.0,85.0,494.3
BR,Departamento,1,6,1,0,0,0,1,0,1,1,0,2,24.8716181782567,1.1378964329205035,5,0,4.0,0.75,303.5
ES,Casa,1,4,1,0,0,0,1,0,0,1,0,1,31.083475778800388,2.0710240130652036,3,0,4.0,0.27,268.8
CO,Casa,3,4,2,1,1,1,0,0,0,1,1,2,37.70797721727563,3.7204617258362807,6,1,7.7,820.0,472.9
JM,Casa,2,4,3,1,0,0,0,0,1,1,0,3,27.13069281851587,1.5263171119986128,5,0,0.0,0.35,214.3
CL,Casa,4,11,1,4,0,0,0,1,0,1,1,4,25.587978521423153,3.5814386572721215,7,0,0.0,150.0,272.4
DO,Casa,1,5,1,0,0,1,0,0,1,1,1,2,13.317494255454292,1.2203280327111643,6,0,3.3,12.5,307.2
CU,Casa,3,6,1,1,1,0,1,0,0,1,1,2,39.23627220422718,2.5141162891071733,6,1,8.4,0.09,470.5
DO,Casa,2,5,3,0,1,0,1,0,0,1,1,2,29.92476613583053,4.837742182649784,6,1,8.4,12.5,517.6
HN,Departamento,3,6,2,1,1,0,0,1,1,1,0,3,24.374484348615333,4.763528104846525,7,1,4.4,3.5,354.2
UY,Casa,3,8,4,0,0,0,0,0,0,1,0,2,26.123449200984506,4.437766880670159,3,0,0.0,8.5,198.6
SV,Departamento,1,3,1,0,0,0,1,0,1,1,0,1,23.153420177865783,1.370197460648562,4,0,4.0,0.19,292.5
ES,Departamento,1,3,1,0,1,1,0,0,1,1,0,2,3.977252726490054,2.948960995975387,6,0,7.7,0.27,381.4
GT,Casa,2,2,4,0,0,0,0,0,1,1,0,3,24.861553100763835,4.210169745822153,5,0,0.0,1.7,237.9
PY,Departamento,1,1,4,0,0,0,1,0,1,1,0,1,28.074872340229483,4.193807982033289,4,0,4.0,185.0,396.7
CO,Casa,1,3,1,0,0,1,0,0,0,1,0,2,12.314542102085893,2.2604636169263723,4,0,3.3,820.0,236.1
AR,Departamento,3,8,2,1,0,0,0,1,0,1,0,1,20.749812179898363,5.1383120585565285,3,0,0.0,85.0,182.6
JM,Casa pareada,2,3,1,2,0,1,0,1,1,1,0,3,23.571419244288727,1.2681215783605126,7,1,3.3,0.35,352.2
PA,Casa pareada,2,5,3,0,0,0,1,1,0,1,1,1,13.671565451478834,2.7406003307401066,5,0,4.0,0.17,409.0
BO,Casa,3,12,1,2,0,0,1,0,1,1,0,2,28.645784512858746,2.484598358399431,5,0,4.0,0.6,342.5
PR,Casa,3,8,4,0,0,1,1,0,1,1,0,3,20.657716751876617,3.255508156210182,7,1,7.3,0.22,557.0
SV,Departamento,4,7,5,4,0,0,0,0,1,1,0,4,27.709815891931484,2.4138435868000183,6,0,0.0,0.19,336.4
VE,Casa,3,9,1,0,1,1,1,0,0,1,0,2,39.18164394628769,0.006138620820310248,6,0,11.7,0.01,548.6
JM,Departamento,3,9,4,0,0,0,1,0,0,1,0,1,4.070245487198568,3.0662848793340585,3,0,4.0,0.35,351.6
NI,Departamento,2,5,2,0,0,0,0,0,1,1,0,3,23.17594890831677,2.7207434060038223,5,0,0.0,7.5,169.4
PY,Casa,3,7,1,1,0,0,0,0,1,1,0,2,11.24890357805304,1.5094726202360027,4,0,0.0,185.0,128.6
HN,Casa,2,5,1,0,0,0,1,0,0,1,1,3,17.214042271937956,4.716890008241071,6,0,4.0,3.5,334.9
BO,Departamento,2,6,1,0,0,0,1,1,0,0,0,0,0.0,2.9881335148129105,2,0,4.0,0.6,262.9
AR,Casa,3,8,3,0,0,0,1,0,0,1,1,2,16.638753973736563,0.21226809338853014,5,0,4.0,85.0,367.1
JM,Otro,1,6,2,0,1,0,1,0,0,1,1,1,23.881369233081795,3.487022479843275,5,1,8.4,0.35,465.8
PE,Casa,3,12,2,1,0,1,0,1,1,1,0,3,21.49484100739509,4.8056732295381694,7,1,3.3,0.62,379.8
NI,Departamento,1,4,1,0,1,1,0,0,0,1,0,2,19.440630059395772,5.65362498865518,5,0,7.7,7.5,376.1
EC,Departamento,1,6,3,0,1,0,1,0,0,1,0,2,6.0588415624658545,4.05155404030816,5,1,8.4,0.1,449.3
NI,Casa,1,3,1,0,1,0,1,0,1,1,0,1,22.72552622971467,2.5964542736090097,5,0,8.4,7.5,417.0
CR,Otro,3,4,1,0,1,0,1,0,1,1,0,2,11.887036652132508,2.73760517699424,6,0,8.4,145.0,418.7
PY,Departamento,5,14,3,2,1,0,1,1,1,1,0,1,5.4537240296389715,1.7378097703580289,6,1,8.4,185.0,536.0
CU,Casa,2,6,5,0,1,0,0,0,0,1,0,2,21.775212255170512,3.0337204442306045,4,1,4.4,0.09,338.3
CR,Casa,1,2,1,0,0,0,0,0,1,1,0,3,23.68146555198407,5.962336628036038,5,0,0.0,145.0,153.9
HT,Casa,2,8,1,0,0,0,1,1,1,1,1,3,18.37865493356082,3.203138977868295,8,0,4.0,0.14,400.1
HT,Casa,2,6,3,0,1,1,0,0,0,1,0,1,17.575032079219667,5.561043020507331,4,1,7.7,0.14,425.9
PR,Casa,2,6,1,1,1,0,0,0,1,1,0,1,22.453549485724164,3.916591800110915,4,1,4.4,0.22,257.5
VE,Departamento,1,1,2,0,0,1,1,0,0,0,0,1,24.26768922217504,2.689841754672159,3,1,7.3,0.01,411.1
CO,Casa,1,7,5,0,0,1,1,0,0,1,0,2,19.49442964145361,4.956888128517487,5,1,7.3,820.0,553.7
PR,Otro,1,2,2,0,1,1,1,0,1,1,0,2,21.80959957421132,2.256262119281958,7,1,11.7,0.22,603.6
ES,Departamento,1,2,1,0,1,1,1,0,0,1,0,1,26.067331774117264,0.0,5,0,11.7,0.27,525.7
HN,Casa,3,9,2,0,1,1,0,0,0,1,0,3,19.041655003571428,0.4378684418800125,6,1,7.7,3.5,392.2
PY,Departamento,3,10,4,2,0,1,0,0,0,1,0,2,19.38116764872605,0.983407795075042,4,1,3.3,185.0,356.6
VE,Casa,4,9,1,1,0,1,0,0,0,1,0,1,14.631308671292008,1.4221082670302652,3,1,3.3,0.01,242.5
VE,Casa,0,2,1,0,1,1,0,0,1,1,0,1,27.954598748704036,3.435075137495633,5,0,7.7,0.01,391.3
PY,Departamento,1,8,1,0,0,0,0,0,1,1,1,2,27.11463651567547,5.718050836618178,5,0,0.0,185.0,189.7
CR,Casa pareada,1,2,1,0,1,1,0,0,0,1,0,1,14.40064205638448,5.61347076929435,4,0,7.7,145.0,364.8
NI,Casa,4,10,3,1,0,0,0,1,0,1,1,2,30.017092200148387,4.416483528177396,5,0,0.0,7.5,271.6
CL,Otro,3,8,3,1,1,0,0,0,0,1,0,2,36.74684666741395,3.5330643160051447,4,1,4.4,150.0,308.1
PR,Departamento,1,1,3,0,1,0,0,1,0,1,0,3,40.93778850822717,0.5086996862968753,6,1,4.4,0.22,341.9
CO,Casa,5,11,5,1,0,1,0,1,0,1,0,1,23.40278387537954,1.848306660402846,4,1,3.3,820.0,408.1
PE,Casa,2,8,3,0,0,0,0,0,1,1,0,2,17.791167934491412,2.316412483739234,4,0,0.0,0.62,182.6
SV,Departamento,2,4,3,0,0,0,1,0,1,1,0,2,13.744953481042398,4.819684875698201,5,0,4.0,0.19,369.9
BO,Departamento,2,7,1,1,0,0,0,0,1,1,0,1,28.93818353557584,2.005721666794942,3,0,0.0,0.6,132.7
CO,Departamento,2,5,1,1,0,0,1,1,1,1,1,2,32.55382460907761,1.7203650041472636,7,0,4.0,820.0,412.2
BR,Casa,2,8,1,1,0,1,0,1,0,1,0,2,24.771195378794705,2.516966057042798,5,1,3.3,0.75,302.8
AR,Casa,1,3,1,0,0,0,1,0,0,1,0,1,36.45332668197962,4.462451766651203,3,0,4.0,85.0,281.3
HT,Departamento,4,10,3,2,1,1,0,0,0,1,0,2,21.11959241444378,4.470350653083996,5,1,7.7,0.14,462.4
ES,Casa pareada,3,10,3,3,0,0,1,1,0,1,0,1,19.38032786965517,2.20143322605115,4,0,4.0,0.27,409.4
BR,Casa pareada,3,7,4,1,0,1,0,1,1,1,0,2,23.793391662842396,0.9566257801988107,6,1,3.3,0.75,415.4
CR,Casa,3,6,1,1,0,0,1,1,0,1,0,3,14.20380032323775,5.334024490424966,6,0,4.0,145.0,344.2
CL,Departamento,5,11,2,2,0,1,1,0,0,1,0,1,41.20370249042524,2.32434204326122,4,1,7.3,150.0,482.7
GT,Casa pareada,4,11,3,1,0,1,0,1,0,1,1,2,6.005942817175789,3.5779739272102367,6,1,3.3,1.7,396.1
HT,Otro,2,8,2,1,0,0,0,0,0,1,0,2,13.516415863750742,5.637166374321508,3,0,0.0,0.14,148.1
SV,Casa,5,13,5,0,0,0,1,0,1,1,0,1,32.421386186275804,2.606528211628507,4,0,4.0,0.19,421.7
CO,Otro,2,6,1,0,1,0,1,0,1,1,1,2,19.091038599178614,3.0498697745169925,7,0,8.4,820.0,470.8
PE,Departamento,1,4,2,0,0,1,1,0,1,1,0,2,32.888323923109894,4.4548465404831195,6,1,7.3,0.62,503.0
EC,Casa pareada,1,9,3,0,0,0,1,1,0,1,0,2,0.0,2.1835173115908764,5,0,4.0,0.1,355.4
CL,Casa,2,4,5,0,0,0,1,0,1,1,0,2,24.51229385521833,6.344692672792457,5,0,4.0,150.0,445.5
NI,Departamento,4,8,3,1,0,1,0,0,0,1,0,1,11.170280938860257,3.621634994217957,3,1,3.3,7.5,310.5
CU,Casa,2,6,1,2,1,1,0,0,1,1,0,1,8.285548139737312,1.288177131658766,5,1,7.7,0.09,403.7
EC,Casa,3,7,2,1,0,0,0,0,0,1,0,1,13.423138912075313,3.096703389154009,2,0,0.0,0.1,130.7
BO,Departamento,0,1,1,0,0,0,0,0,0,1,0,0,0.0,1.1363122688138863,1,0,0.0,0.6,70.9
PR,Departamento,2,7,2,0,1,0,0,0,0,1,0,3,16.342432809524695,4.266856289574719,5,1,4.4,0.22,256.6
AR,Casa,4,9,2,3,0,0,0,0,1,1,0,4,18.543389268025653,2.912942208141307,6,0,0.0,85.0,217.9
MX,Departamento,3,8,3,1,0,0,0,0,0,1,0,2,12.92476703996054,2.8283174845225383,3,0,0.0,1.2,165.5
CR,Casa,1,3,1,0,0,0,1,0,0,1,0,2,25.527285008997627,2.638994582046418,4,0,4.0,145.0,280.4
HN,Casa pareada,2,4,1,0,0,1,1,0,0,1,0,1,33.74907711467967,2.3953892084907835,4,0,7.3,3.5,419.8
CL,Casa,3,7,3,1,1,0,0,0,0,0,0,1,13.575733202915638,2.793970519620716,2,1,4.4,150.0,242.8
BR,Casa,2,2,4,0,1,0,1,1,1,1,1,1,15.018075765656299,1.3691470176174698,7,1,8.4,0.75,583.1
GT,Casa,3,7,4,0,1,0,0,1,1,1,0,3,10.084496874253052,1.2805486414069969,7,1,4.4,1.7,366.0
AR,Departamento,2,3,3,0,1,1,0,1,0,1,0,2,16.689494685279197,0.9452348021817834,6,1,7.7,85.0,453.6
PY,Casa,3,8,7,1,1,0,0,0,1,1,0,1,19.360143443714346,3.733365017636707,4,1,4.4,185.0,435.4
JM,Otro,5,11,7,0,0,0,0,0,1,1,0,2,12.298719173593126,2.8577871609150174,4,0,0.0,0.35,300.2
PA,Departamento,1,1,3,0,0,0,1,1,0,1,1,2,20.651690663642313,5.881351233129031,6,0,4.0,0.17,434.9
NI,Casa,3,9,3,0,1,0,0,0,0,1,0,1,20.499759747065955,1.3879594474623493,3,1,4.4,7.5,260.8
AR,Departamento,1,4,1,0,0,0,0,0,0,1,0,3,0.0,2.4010634073751405,4,0,0.0,85.0,76.3
CL,Otro,3,8,3,0,1,0,1,0,1,1,0,0,0.0,3.9484730107013197,4,1,8.4,150.0,472.4
CR,Casa pareada,5,9,2,2,0,1,1,1,1,1,0,1,35.464338961560514,3.11446021627357,6,1,7.3,145.0,553.8
AR,Casa pareada,3,5,1,0,0,0,1,0,1,0,0,1,15.135776268007714,3.001570779123805,3,0,4.0,85.0,260.1
VE,Casa,1,4,2,0,1,1,1,0,0,1,0,2,19.07641793162121,1.7247005495912051,6,1,11.7,0.01,568.9
CL,Casa,3,8,4,4,0,0,1,1,1,1,0,3,17.631024408867063,2.3743676592870733,7,0,4.0,150.0,500.9
BR,Departamento,2,5,1,0,0,1,1,1,0,1,0,1,21.89836394352477,5.161615167360026,5,0,7.3,0.75,466.7
HT,Casa,3,8,4,1,0,0,1,0,1,1,0,1,27.063801464245856,2.692151742093949,4,0,4.0,0.14,404.8
CO,Departamento,2,9,1,0,1,0,0,0,1,1,0,1,22.092024924866408,5.1376189989381675,4,0,4.4,820.0,247.6
BR,Departamento,3,5,7,0,0,0,0,0,1,1,1,2,17.226467380689805,3.0513151774991973,5,0,0.0,0.75,349.9
CR,Casa,3,5,1,0,0,0,1,0,0,1,1,2,18.243471958601432,0.8180341907128446,5,0,4.0,145.0,311.1
CU,Departamento,3,8,3,2,0,0,1,0,1,0,0,2,17.377173789839397,3.7599088645191836,4,0,4.0,0.09,362.4
MX,Casa,3,10,4,2,1,1,0,1,0,1,1,1,25.190707129218126,5.641321710048455,6,1,7.7,1.2,574.2
CO,Casa,2,4,1,0,0,0,0,0,0,1,0,3,29.35942641301566,0.0,4,0,0.0,820.0,105.5
CU,Departamento,3,6,5,0,0,0,1,0,0,1,1,2,13.6476596887767,4.2567800233022055,5,0,4.0,0.09,441.9
MX,Departamento,4,7,3,0,0,0,0,0,0,1,1,1,18.625530071068763,3.6276740534773833,3,0,0.0,1.2,194.8
CU,Departamento,1,6,1,0,1,0,1,0,0,1,1,3,21.659553149020514,0.5313252527786334,7,0,8.4,0.09,442.0
MX,Casa,4,10,3,1,0,1,0,0,1,1,0,4,6.200193340963043,4.264030805965895,7,1,3.3,1.2,351.3
AR,Casa,2,7,4,0,1,0,1,0,1,1,0,2,19.099278041913948,3.331779728011751,6,1,8.4,85.0,517.4
NI,Casa,2,6,1,0,1,0,1,1,1,1,0,2,24.443934035776707,2.838749768353912,7,0,8.4,7.5,469.9
HN,Otro,2,4,5,0,0,0,0,0,0,1,0,2,18.118573148619035,1.4819564986251963,3,0,0.0,3.5,209.2
HT,Casa,2,8,2,1,0,0,1,1,1,1,1,1,5.208674458582381,0.654294749691493,6,0,4.0,0.14,411.5
CU,Departamento,2,5,3,0,0,1,0,0,0,1,0,3,8.773768114116846,1.9833454489067694,5,1,3.3,0.09,296.3
HN,Casa,4,8,3,0,1,0,0,1,0,1,0,3,10.31047044325802,2.2887200762178916,6,1,4.4,3.5,310.6
HN,Casa,0,1,1,0,1,0,0,0,0,1,1,2,14.6006082140726,3.923924905722111,5,0,4.4,3.5,260.7
UY,Departamento,2,5,4,1,0,0,1,0,0,1,0,1,16.03534117953491,5.309777229795367,3,0,4.0,8.5,381.3
MX,Casa,2,6,2,0,0,0,0,0,0,1,0,3,18.814124111751696,2.9328635381463073,4,0,0.0,1.2,134.7
DO,Otro,0,1,3,0,0,0,0,0,1,1,0,1,10.629915714042442,2.583894622865756,3,0,0.0,12.5,172.4
HN,Departamento,4,14,4,2,0,0,1,1,1,1,1,1,7.700555117417764,4.000600275787425,6,0,4.0,3.5,501.9
BR,Departamento,2,5,1,0,1,0,0,0,0,1,0,4,21.474906544329386,2.458472347910562,6,0,4.4,0.75,235.3
JM,Casa pareada,2,5,1,0,0,0,1,1,0,1,0,1,11.238811683008617,2.6925189096013105,4,0,4.0,0.35,303.1
GT,Casa,2,5,1,0,1,0,0,0,0,1,1,1,19.093418242628246,1.1465638510069747,4,0,4.4,1.7,243.8
CU,Departamento,0,2,1,0,1,0,0,0,1,0,0,2,48.0446249273608,2.590354074066038,4,0,4.4,0.09,232.8
PR,Casa,4,9,5,3,0,0,1,0,0,1,0,2,16.69133598195558,2.7501025385255735,4,0,4.0,0.22,438.4
NI,Casa,3,6,4,0,1,0,0,1,0,1,0,3,32.474263368236805,4.700403537008997,6,1,4.4,7.5,379.1
PY,Departamento,2,4,3,1,0,1,1,0,1,1,0,1,24.45212710247019,2.399650785141215,5,1,7.3,185.0,521.0
ES,Casa,3,3,3,3,0,0,0,0,0,1,0,2,29.623557113343644,2.6846133723398578,3,0,0.0,0.27,209.1
JM,Casa,5,10,6,3,1,0,0,1,1,1,0,3,29.700585902076035,1.1795958327912865,7,1,4.4,0.35,495.6
CO,Casa,3,8,3,1,0,0,0,1,1,1,0,3,16.829703802101665,2.0202106406562708,6,0,0.0,820.0,243.4
BR,Casa,4,9,1,2,0,1,0,0,1,1,0,2,27.57637829515743,3.7066009122740864,5,1,3.3,0.75,315.3
PE,Departamento,3,6,6,0,0,1,0,0,1,1,1,0,0.0,0.0,4,1,3.3,0.62,439.2
BO,Casa pareada,2,5,2,0,0,0,0,0,1,1,1,4,27.157272810747724,1.5412007501393798,7,0,0.0,0.6,226.3
MX,Departamento,2,5,3,0,0,0,0,0,1,1,0,1,27.466763039089308,2.7491897445344966,3,0,0.0,1.2,180.2
US,Casa,2,4,2,0,0,0,1,0,0,1,0,1,18.340901448989204,3.4939765979181514,3,0,4.0,0.16,299.5
US,Departamento,3,9,4,1,1,0,1,0,1,1,1,4,11.763040234286667,3.6835348778323818,9,1,8.4,0.16,583.8
US,Departamento,3,7,3,0,1,1,0,1,1,1,0,1,29.014467003353595,2.0679048424139497,6,1,7.7,0.16,485.9
PR,Departamento,2,6,2,0,0,0,1,1,0,1,0,0,0.0,2.060714446311414,3,0,4.0,0.22,324.9
HN,Casa,3,7,1,0,1,0,1,0,0,0,0,1,15.298857442311249,1.2926618253746214,3,0,8.4,3.5,342.1
HN,Departamento,2,4,1,1,0,1,1,0,0,1,1,4,10.951273900141468,2.154334531506793,8,1,7.3,3.5,484.8
HT,Departamento,4,11,5,2,0,0,0,0,1,1,0,2,18.71305761455297,1.5712326478597403,4,0,0.0,0.14,270.1
CR,Casa,1,3,1,0,1,0,1,0,1,1,0,1,28.542429853184913,3.933442959087564,5,0,8.4,145.0,425.2
VE,Casa,3,7,2,1,0,0,1,0,0,1,0,1,14.216573751384548,3.7186863269446286,3,0,4.0,0.01,313.7
UY,Casa,1,3,1,0,0,0,1,0,0,1,1,1,19.352999184504764,3.52003223403842,4,0,4.0,8.5,314.7
UY,Casa,0,1,5,0,0,0,0,0,1,1,0,2,11.015595332459178,5.163795591017713,4,0,0.0,8.5,249.0
PR,Otro,2,7,1,0,0,0,1,1,0,1,0,3,13.706553894356034,0.0,6,0,4.0,0.22,305.7
CU,Otro,3,8,2,0,0,0,0,1,1,1,0,1,41.22197504272245,3.4231079943409495,4,0,0.0,0.09,199.0
HN,Departamento,3,3,3,0,0,0,1,0,1,1,0,2,26.29397945523384,4.867788980653096,5,0,4.0,3.5,380.7
UY,Otro,5,13,9,3,0,0,1,1,1,1,0,2,25.184119625346643,1.7808795584313883,6,0,4.0,8.5,631.6
BO,Casa,2,3,1,0,0,1,0,1,0,1,0,4,14.027623356736605,5.475553751728565,7,0,3.3,0.6,304.7
ES,Casa,2,10,1,0,1,0,1,0,0,1,1,1,8.715643636952793,0.0,5,0,8.4,0.27,414.4
US,Casa,2,7,3,0,0,1,0,0,1,1,0,1,12.195458754913348,0.06859291986812188,4,1,3.3,0.16,310.8
HT,Casa,4,11,4,4,0,1,0,0,1,1,0,1,5.7216636708668425,5.466054473047329,4,1,3.3,0.14,421.2
BR,Casa,4,7,2,4,1,0,1,0,1,1,0,2,17.32392991980874,3.988080430525636,6,1,8.4,0.75,518.7
VE,Departamento,2,4,4,1,0,0,1,0,0,1,0,3,46.5680949147,0.8860001318020263,5,0,4.0,0.01,416.2
NI,Otro,4,12,4,0,1,1,0,0,0,1,0,2,3.0343130442439232,3.2224269101873797,5,1,7.7,7.5,441.7
CO,Casa móvil,2,8,3,0,0,0,0,0,0,1,0,1,21.31957301329239,3.790299878549854,2,0,0.0,820.0,152.0
CO,Casa,3,7,1,3,0,0,1,1,0,0,0,4,30.02996900450725,3.5614773410551503,6,0,4.0,820.0,364.2
SV,Casa móvil,2,6,1,0,0,0,0,1,0,1,0,2,32.76973660750163,3.815860803887119,4,0,0.0,0.19,151.7
NI,Casa,3,12,4,1,0,1,1,0,0,1,0,2,8.041213717284641,2.7048480167736955,5,1,7.3,7.5,519.4
AR,Casa,1,4,1,0,0,0,1,0,0,1,1,2,13.625185506828466,2.679434649079044,5,0,4.0,85.0,315.1
BR,Casa,2,5,2,0,1,0,0,0,0,1,0,1,11.678580980260636,4.0907538745204235,3,1,4.4,0.75,238.6
MX,Departamento,4,8,3,1,0,1,0,0,0,1,1,2,7.049603231686007,1.5574590018696048,5,1,3.3,1.2,348.2
ES,Departamento,4,12,2,0,0,0,0,0,0,1,1,1,23.922570770711484,2.734584178167993,3,0,0.0,0.27,163.2
EC,Casa,1,4,3,0,1,0,0,0,0,0,1,3,8.659313605766725,0.9569067351233169,5,1,4.4,0.1,271.3
BO,Departamento,2,5,3,1,0,0,1,0,1,1,0,2,9.301160864187427,3.9911583096239003,5,0,4.0,0.6,377.5
EC,Casa pareada,2,4,2,0,0,0,0,0,1,1,0,4,32.796880156711666,2.4720533567632375,6,0,0.0,0.1,195.2
HN,Casa,3,9,4,3,1,0,0,0,1,1,0,1,6.4381381406917075,1.9910307732157606,4,1,4.4,3.5,362.5
PA,Casa,0,1,3,0,0,0,1,0,1,1,0,3,21.524154615587552,2.3824973812845087,6,0,4.0,0.17,375.9
US,Casa,3,6,2,1,0,0,0,0,0,1,0,3,22.5269648877761,2.931356902585291,4,0,0.0,0.16,154.4
US,Casa móvil,3,8,4,0,1,0,0,0,0,1,1,3,24.032513705988798,2.678483419804308,6,1,4.4,0.16,364.3
PR,Departamento,1,2,2,0,0,0,0,0,1,1,0,0,0.0,2.600122673065294,2,0,0.0,0.22,137.2
ES,Departamento,1,4,2,0,1,0,0,0,0,1,0,2,29.269504179706196,1.7895518579660687,4,1,4.4,0.27,249.3
CO,Casa,1,3,3,0,0,0,0,0,1,1,1,1,28.643889426789315,1.2174314408134923,4,0,0.0,820.0,218.8
UY,Departamento,1,3,1,0,1,1,1,0,1,1,0,2,1.7885441511249027,4.4176212789269655,7,0,11.7,8.5,565.9
PA,Casa móvil,3,3,3,1,1,0,1,0,1,1,0,2,22.376338670416892,2.9808659242781257,6,1,8.4,0.17,503.7
JM,Casa,4,12,3,0,1,0,1,0,1,1,0,1,34.56688850916263,1.822469392099692,5,1,8.4,0.35,478.7
DO,Casa,0,1,2,0,0,0,0,0,0,1,0,4,27.705022138557943,2.2824939172629586,5,0,0.0,12.5,155.7
CO,Departamento,3,9,1,0,0,1,1,0,0,1,1,2,26.55355101449004,2.5451264558842293,6,0,7.3,820.0,474.0
MX,Casa,2,5,1,0,0,0,0,0,1,1,1,2,20.794038151957185,3.321681131904051,5,0,0.0,1.2,174.1
PR,Casa,0,3,1,0,1,0,1,0,0,1,0,2,27.08793601905235,4.151173813116648,5,0,8.4,0.22,407.6
JM,Casa pareada,2,3,1,0,0,1,1,0,0,1,0,2,21.460957857323983,0.9850103445566032,5,0,7.3,0.35,418.4
HN,Departamento,1,4,2,0,0,0,0,0,0,1,0,3,40.43956971212609,1.0689137803266067,4,0,0.0,3.5,154.2
CO,Casa,2,8,1,1,1,1,0,0,1,1,1,1,15.86968674985545,2.633499913089494,6,1,7.7,820.0,442.4
JM,Departamento,2,4,2,0,0,0,1,0,0,1,1,1,16.298209893799296,2.5185704989254836,4,0,4.0,0.35,339.1
CL,Casa,2,5,5,0,1,0,1,0,0,1,0,1,22.894872654112525,3.2907611916157644,4,1,8.4,150.0,509.9
CL,Casa,3,10,3,3,0,0,0,1,1,1,1,2,29.425551415102287,5.036666325455999,6,0,0.0,150.0,333.8
PE,Otro,3,6,5,0,0,0,0,1,1,1,0,1,1.3705845216767898,3.628530905786971,4,0,0.0,0.62,273.0
EC,Casa,2,4,2,0,0,0,0,0,0,1,0,2,11.761084552987493,3.1174810376083966,3,0,0.0,0.1,120.8
VE,Departamento,2,6,1,1,0,0,0,0,0,1,0,4,10.49810003123988,6.281890495304065,5,0,0.0,0.01,128.6
CL,Casa,3,9,5,3,1,0,1,0,1,1,0,3,12.51267286184196,4.571776656821985,7,1,8.4,150.0,598.2
MX,Casa,1,2,4,0,0,0,1,1,0,1,1,3,34.69753937985016,3.0451044061703723,7,0,4.0,1.2,480.1
JM,Departamento,2,5,3,0,0,0,0,0,0,1,0,0,0.0,2.3843151134414784,1,0,0.0,0.35,136.2
CU,Casa,1,1,4,0,1,0,0,1,0,1,0,1,22.32451445219904,1.0346754094250508,4,1,4.4,0.09,330.1
BR,Casa,2,5,1,0,0,0,0,1,1,1,0,1,7.861983139087867,3.013817538948134,4,0,0.0,0.75,153.1
PA,Casa,2,4,2,1,0,1,1,0,0,1,0,1,5.014504726283125,6.434250923018633,4,1,7.3,0.17,469.9
VE,Casa,1,4,3,0,0,0,1,1,1,1,0,2,27.904302146842337,5.234556055112156,6,0,4.0,0.01,423.7
BO,Casa,2,8,3,0,0,1,0,1,1,1,0,1,15.200975923250391,3.0828588889332997,5,1,3.3,0.6,365.0
GT,Otro,4,10,4,0,1,0,0,0,0,1,0,3,3.205762650107161,0.4099227715193634,5,1,4.4,1.7,283.4
BR,Casa,0,2,1,0,1,0,0,0,0,1,0,2,4.338851862920022,5.279827612665125,4,0,4.4,0.75,213.1
ES,Casa,0,4,1,0,1,0,0,1,1,1,0,1,31.333132695582098,5.49617416315441,5,0,4.4,0.27,293.1
DO,Casa,3,5,6,2,1,0,1,0,0,1,0,2,2.1772592259275854,4.027407008553029,5,1,8.4,12.5,565.9
GT,Otro,1,1,2,0,1,0,0,0,1,1,0,3,32.954683670131516,4.654173370991359,6,1,4.4,1.7,309.5
DO,Departamento,0,1,3,0,1,0,1,0,0,1,0,1,16.181988356228217,1.2813377461507267,4,1,8.4,12.5,438.5
HT,Casa,1,2,2,0,0,0,1,1,1,1,0,3,15.335446453539,1.8022894008450487,7,0,4.0,0.14,375.6
DO,Casa,1,4,1,0,0,0,0,0,1,1,0,2,27.1129468479365,3.875020599246904,4,0,0.0,12.5,137.2
PY,Casa,2,7,4,0,0,1,0,0,0,1,0,3,7.221811539673528,3.771037807442104,5,1,3.3,185.0,332.0
JM,Casa,3,9,2,1,1,0,0,0,1,1,0,4,5.818852664199795,1.5097710977903724,7,1,4.4,0.35,279.7
PR,Departamento,3,5,2,0,0,0,0,0,0,1,1,1,15.827893307842528,4.728505537386455,3,0,0.0,0.22,168.3
PR,Casa,3,10,3,0,1,0,1,1,0,0,0,2,16.646225483265326,2.5573580161465683,5,1,8.4,0.22,456.0
HN,Casa,1,4,5,0,0,0,1,0,1,1,1,2,32.837619981987,2.0171533215924855,6,0,4.0,3.5,478.7
PY,Otro,5,8,2,3,0,0,1,1,1,1,0,4,24.839410536653293,2.0475804218076847,8,0,4.0,185.0,445.0
DO,Casa,2,5,2,2,0,1,0,0,0,1,0,1,9.28714823276869,3.787735935045407,3,1,3.3,12.5,295.4
JM,Casa,2,10,1,0,0,0,1,0,0,1,0,2,25.613924440616678,4.849830248266086,4,0,4.0,0.35,290.0
US,Casa,3,6,4,2,0,0,0,0,1,1,0,2,32.77576521543199,3.6427447184898583,4,0,0.0,0.16,260.9
PR,Casa,2,6,4,0,0,0,0,1,1,1,0,1,17.289952151116065,2.5753435265158178,4,0,0.0,0.22,245.3
SV,Casa móvil,4,7,3,0,1,0,0,0,1,1,0,2,19.524830278003034,5.182842594588471,5,1,4.4,0.19,315.7
MX,Departamento,4,9,2,1,0,0,0,0,1,1,0,2,24.136667524975756,2.8947885723942672,4,0,0.0,1.2,175.4
BO,Casa,3,7,4,0,0,1,0,0,1,1,0,0,0.0,2.4211738524577875,3,1,3.3,0.6,345.0
GT,Departamento,3,6,5,0,0,0,0,0,0,1,0,3,21.109936450712574,5.518874231619158,4,0,0.0,1.7,238.7
VE,Departamento,5,10,4,0,0,0,0,0,0,1,0,1,22.336637434053255,2.907281713645426,2,0,0.0,0.01,178.7
PR,Otro,2,5,6,0,0,0,0,0,1,1,0,1,36.39939006865598,6.247713892148509,3,0,0.0,0.22,289.0
DO,Departamento,4,8,5,0,1,0,0,1,1,1,0,2,40.93486653770805,0.8651117634697267,6,1,4.4,12.5,415.4
BO,Casa,3,6,3,2,0,1,0,0,1,1,0,1,28.15670342371967,4.074697806465613,4,1,3.3,0.6,364.7
PA,Departamento,1,1,1,0,0,0,1,0,1,0,0,1,14.346742141102437,3.9446727364279184,3,0,4.0,0.17,263.8
ES,Departamento,1,5,1,0,0,0,0,0,1,1,0,1,0.0,2.9116308307540395,3,0,0.0,0.27,108.6
PR,Departamento,2,2,5,1,1,1,1,0,1,1,0,2,9.65234059449414,4.146558444514407,7,1,11.7,0.22,706.4
DO,Departamento,1,1,1,0,0,1,0,1,0,1,0,1,19.339881417547673,2.0563212087819016,4,0,3.3,12.5,272.3
PY,Casa,0,1,1,0,0,1,0,0,0,1,0,2,26.35813262188768,0.0,4,0,3.3,185.0,238.3
PR,Casa,3,8,3,1,0,0,0,1,0,1,0,1,15.903641710843065,3.456939629218862,3,0,0.0,0.22,203.4
HN,Departamento,3,8,3,0,0,0,1,0,1,1,1,2,16.799225495617524,1.1298091351351762,6,0,4.0,3.5,401.3
AR,Departamento,1,2,1,0,0,1,1,0,0,1,0,2,17.395537162294644,3.27130533962348,5,0,7.3,85.0,424.7
CO,Otro,1,1,3,0,1,0,0,0,1,1,0,1,23.85558805548472,2.8994880952978748,4,1,4.4,820.0,298.8
GT,Casa,2,4,3,0,1,1,0,0,1,1,0,3,17.710150210469507,0.6472382429436077,7,1,7.7,1.7,451.4
GT,Casa,2,5,5,0,0,0,0,0,0,1,0,1,8.316780851413988,6.0271658351336725,2,0,0.0,1.7,216.1
BO,Otro,2,4,3,1,0,1,0,0,1,1,0,3,8.572915401362906,1.0823850899405647,6,1,3.3,0.6,337.3
AR,Casa,5,11,7,2,0,1,0,0,1,1,0,3,38.382878276687265,2.7207692888187935,6,1,3.3,85.0,517.3
BO,Casa pareada,3,10,1,1,0,1,1,1,1,0,0,1,19.573666043435665,3.1950761282904594,5,1,7.3,0.6,466.4
UY,Casa móvil,3,4,5,1,0,1,0,0,0,1,0,3,38.25738086877094,2.9845280110797727,5,1,3.3,8.5,413.1
PA,Departamento,2,9,2,0,1,1,0,0,0,1,0,2,16.3041957316957,3.6947413066909194,5,1,7.7,0.17,395.0
AR,Casa,4,6,4,0,0,0,0,1,1,1,1,3,24.04055848120096,1.8521819331179665,7,0,0.0,85.0,311.5
GT,Departamento,3,4,1,0,0,0,0,1,1,1,0,3,13.177832810451408,2.7885572077642244,6,0,0.0,1.7,167.0
HT,Casa,2,3,2,0,0,1,1,1,1,1,0,0,0.0,2.286731252418322,5,1,7.3,0.14,504.5
AR,Casa,0,1,2,0,0,0,1,0,0,1,0,2,25.09264992924906,2.0060256749103322,4,0,4.0,85.0,307.3
MX,Departamento,0,1,1,0,0,0,0,0,1,1,1,3,21.082176016305326,4.433750359621325,6,0,0.0,1.2,188.7
ES,Casa,3,9,1,0,0,0,0,1,1,1,0,2,14.47496643128682,3.3172650201487066,5,0,0.0,0.27,164.1
EC,Casa pareada,0,3,1,0,0,1,1,1,0,1,0,2,25.294156432277518,2.9952085756634026,6,0,7.3,0.1,470.3
AR,Casa,1,3,1,0,1,0,1,0,0,1,0,1,29.54509955621015,0.9373001422671066,4,0,8.4,85.0,382.7
UY,Departamento,2,7,1,0,1,0,0,0,1,1,0,2,21.317438603375976,2.5879880036310934,5,0,4.4,8.5,246.1
CR,Casa,3,13,4,1,0,0,0,0,0,1,0,3,20.237846594338556,4.716810208961842,4,0,0.0,145.0,219.1
VE,Casa,3,9,1,1,0,1,1,0,0,1,0,2,37.18844879444045,2.2037760668970354,5,1,7.3,0.01,451.9
PY,Departamento,4,11,2,3,0,0,1,0,1,1,0,0,0.0,5.016112436510317,3,0,4.0,185.0,372.6
PR,Casa,2,3,3,0,0,0,1,0,1,1,0,2,15.046628309813054,2.258306164040957,5,0,4.0,0.22,360.0
HN,Casa,5,11,3,1,1,1,0,0,0,1,0,3,37.37542432987094,6.033292585388357,6,1,7.7,3.5,484.5
UY,Otro,2,7,1,0,1,1,1,0,0,1,0,1,25.212759304540885,2.6743519139092373,5,0,11.7,8.5,536.8
VE,Otro,1,3,2,0,1,0,1,0,0,1,0,1,24.420178997082793,4.103976157298386,4,1,8.4,0.01,424.1
MX,Departamento,2,3,2,1,0,0,1,0,0,1,0,2,28.94927691449249,3.341069982897626,4,0,4.0,1.2,331.3
PY,Departamento,3,7,3,2,0,0,0,1,1,1,0,4,18.74901279168218,0.8644018331944139,7,0,0.0,185.0,264.6
PA,Casa,1,1,3,0,1,0,0,0,0,1,0,2,13.041021128499592,4.1206848573446635,4,1,4.4,0.17,275.6
HN,Casa,2,6,2,1,1,0,0,1,1,1,0,2,25.145325253744556,3.9557286229657302,6,1,4.4,3.5,340.3
BR,Casa,2,7,5,0,0,0,1,0,1,1,1,2,17.783600991490566,3.710009836249533,6,0,4.0,0.75,473.2
BO,Departamento,1,4,1,0,1,0,1,0,1,1,0,1,14.508341417019047,1.0134704508567287,5,0,8.4,0.6,406.7
EC,Casa,2,8,3,0,1,1,0,0,1,1,0,2,3.5401630566631717,3.393582654796093,6,1,7.7,0.1,443.0
AR,Casa pareada,2,8,3,1,0,0,1,0,0,1,0,1,19.54286427533316,4.179899601990681,3,0,4.0,85.0,347.9
JM,Casa,1,1,1,0,0,1,0,0,0,1,1,1,30.42991437327153,4.193233887306803,4,0,3.3,0.35,290.7
UY,Departamento,2,6,2,0,0,1,0,0,0,1,0,2,30.37134938675286,4.889666785355359,4,1,3.3,8.5,292.7
BR,Departamento,3,7,1,0,0,1,0,0,0,1,1,1,29.143041262295725,4.192272307373027,4,0,3.3,0.75,290.2
HN,Casa,3,11,3,0,0,0,1,0,0,1,0,1,5.277293841663138,2.5720527564186755,3,0,4.0,3.5,320.0
VE,Casa,0,1,1,0,1,0,1,0,1,1,0,4,21.897261791986367,4.35613343984058,8,0,8.4,0.01,454.2
US,Casa,4,8,5,0,0,0,1,0,1,1,0,2,12.963481641684087,1.5385095950746335,5,0,4.0,0.16,415.1
NI,Departamento,3,4,1,3,1,1,0,0,0,1,0,3,11.697741203589391,1.1286923091040042,6,1,7.7,7.5,400.8
AR,Departamento,3,9,3,1,0,0,0,1,0,1,1,2,8.776596292474437,0.0,5,0,0.0,85.0,234.6
PY,Casa móvil,4,6,5,0,1,1,1,1,1,1,0,3,27.770465964868816,3.1182033607086623,9,1,11.7,185.0,754.9
MX,Casa,3,5,5,1,0,0,1,0,1,1,0,3,28.24066475636939,2.2679162036544307,6,0,4.0,1.2,458.9
HN,Casa,3,5,4,1,0,0,0,0,1,1,1,1,1.5534277798377332,3.6549563665297335,4,0,0.0,3.5,262.8
CR,Departamento,3,8,1,1,0,0,1,0,0,1,1,2,30.20073416429868,4.140408633995136,5,0,4.0,145.0,350.4
PY,Casa,3,7,1,0,0,0,1,0,0,1,0,3,10.370861125341769,2.2927634677473647,5,0,4.0,185.0,271.2
BR,Departamento,0,1,1,0,1,0,0,1,1,1,1,1,15.00214658756396,2.846460399015366,6,0,4.4,0.75,319.5
AR,Casa,2,3,1,0,1,0,1,0,1,0,0,3,25.277479919994043,4.306181395277903,6,0,8.4,85.0,412.3
EC,Departamento,5,10,2,1,1,0,0,0,1,1,0,2,23.055254082107727,2.2781083792961763,5,1,4.4,0.1,291.2
PY,Casa,5,10,1,1,0,1,0,0,1,1,0,3,20.793478840517192,4.21994603088031,6,1,3.3,185.0,306.3
PY,Casa,1,5,2,0,0,1,0,1,1,0,0,1,6.28498858555851,4.007650824881198,4,1,3.3,185.0,299.2
PY,Casa,4,7,6,0,0,0,0,1,1,1,0,3,26.328447644242047,2.253142376047651,6,0,0.0,185.0,331.5
HT,Casa,1,6,5,0,0,0,0,0,1,1,0,1,16.907692760495156,2.414464195186114,3,0,0.0,0.14,234.3
MX,Casa,2,8,6,1,0,0,0,0,0,1,0,1,18.386009254034455,2.0189324475306054,2,0,0.0,1.2,248.2
VE,Casa,4,11,4,1,0,0,0,0,0,1,0,3,25.404641840280625,2.6169203822185985,4,0,0.0,0.01,216.7
JM,Departamento,2,5,1,1,0,0,0,0,0,1,0,1,15.132092832416234,5.655851413555473,2,0,0.0,0.35,112.4
BO,Casa,2,5,1,0,0,0,0,0,1,1,0,4,11.457661390254648,3.218582141288475,6,0,0.0,0.6,132.2
MX,Casa,1,7,1,0,0,0,0,0,0,1,0,3,10.236266098148004,4.366876201475769,4,0,0.0,1.2,99.9
US,Departamento,1,2,2,0,0,0,0,1,0,1,0,1,25.370425333606857,2.239151882723162,3,0,0.0,0.16,157.2
HT,Casa,5,14,5,3,1,0,0,0,0,1,0,4,16.73587389883113,0.0,6,1,4.4,0.14,381.7
PA,Casa,0,4,1,0,1,0,1,0,0,1,0,3,30.20521973756334,1.9935005790354596,6,0,8.4,0.17,414.5
CL,Otro,4,9,10,0,1,0,0,0,0,1,0,1,14.875997813981638,4.387474870983134,3,1,4.4,150.0,481.2
CR,Departamento,3,7,5,1,0,1,0,1,1,1,1,4,36.6121384357231,2.188239579718727,9,1,3.3,145.0,538.7
PE,Departamento,3,10,2,2,0,0,0,0,0,1,1,3,16.75156804628139,2.739949716921532,5,0,0.0,0.62,205.9
PY,Departamento,2,7,1,0,1,0,0,0,0,1,0,1,11.843685663534483,0.6458416589186129,3,0,4.4,185.0,193.9
PA,Casa,3,5,2,2,0,0,1,0,0,1,0,2,37.246011064932986,0.0,4,0,4.0,0.17,339.1
BR,Casa,5,12,3,0,0,0,0,1,0,1,0,4,7.058924349774587,1.5721133760092636,6,0,0.0,0.75,187.7
PE,Casa,3,6,1,1,1,0,1,0,1,1,1,1,0.0,2.160912510535221,6,1,8.4,0.62,464.4
BR,Departamento,5,9,2,1,0,0,0,0,1,1,0,1,35.347209432796696,4.974522301806991,3,0,0.0,0.75,178.1
GT,Casa,1,4,3,0,1,0,0,1,0,1,0,2,30.918905288946622,1.3018148566057173,5,1,4.4,1.7,318.7
CU,Departamento,3,10,5,0,1,1,1,0,0,1,1,3,18.73652988872456,4.629355357249258,8,1,11.7,0.09,724.4
MX,Otro,2,8,3,1,0,1,0,0,1,1,0,1,28.477594895776882,5.111158670875842,4,1,3.3,1.2,354.3
US,Departamento,2,6,1,0,1,0,0,1,1,1,1,3,33.97010385044599,3.8017319322413745,8,0,4.4,0.16,361.9
PE,Casa,3,11,6,1,0,1,1,0,0,1,0,1,24.389788836018255,4.44471145976258,4,1,7.3,0.62,589.6
GT,Casa,1,5,2,0,0,0,0,0,0,1,0,3,27.182561254740843,5.2758977730855605,4,0,0.0,1.7,155.4
JM,Departamento,4,5,8,0,0,0,1,0,0,1,0,2,21.590656830266816,3.7865522454162654,4,0,4.0,0.35,492.0
VE,Departamento,2,4,1,0,1,1,1,1,0,1,1,4,18.314969502205088,2.8023272655676124,10,0,11.7,0.01,644.6
PA,Casa pareada,3,8,4,1,0,1,0,0,0,1,0,2,1.2887973717559689,2.9053665709745853,4,1,3.3,0.17,334.5
CR,Casa,3,8,4,0,0,0,0,0,1,1,1,3,26.884110538887853,5.2432517420758895,6,0,0.0,145.0,289.6
US,Casa,2,8,5,0,0,0,0,0,0,1,0,2,2.835264859393476,3.108142201259633,3,0,0.0,0.16,203.2
CO,Casa,4,8,3,0,1,0,0,1,1,1,0,3,22.398894801181584,2.1650291785624387,7,1,4.4,820.0,355.5
GT,Departamento,5,12,4,0,1,0,0,0,1,1,0,4,14.125490347908803,2.283048419195858,7,1,4.4,1.7,342.1
PR,Departamento,3,9,2,0,1,0,1,0,0,1,0,2,5.1796052056381505,3.4605054354382423,5,1,8.4,0.22,416.1
PR,Otro,2,3,2,0,0,0,0,1,1,1,0,3,13.167340918094759,4.783986972830098,6,0,0.0,0.22,205.6
AR,Casa,2,4,1,0,1,1,1,0,0,1,0,3,8.227828867265774,2.2930584314544005,7,0,11.7,85.0,536.4
PR,Casa pareada,2,4,1,0,1,1,1,0,1,1,0,3,30.939453535835113,2.102729741923205,8,0,11.7,0.22,594.5
CU,Departamento,1,2,1,0,1,0,0,0,1,1,0,3,23.71592416145303,5.618017528203701,6,0,4.4,0.09,271.9
EC,Departamento,5,10,6,0,0,1,1,0,0,1,0,2,27.343402884719342,1.8262927112173626,5,1,7.3,0.1,577.0
PA,Casa,3,8,1,0,1,0,1,0,1,1,1,2,19.38532588811713,0.0939223276455694,7,0,8.4,0.17,458.4
PE,Departamento,3,11,2,0,0,0,0,0,1,1,1,2,35.860829917212,4.277907498683382,5,0,0.0,0.62,220.9
EC,Departamento,3,11,1,1,0,0,0,0,0,1,0,1,19.867709617883584,2.7287458218905773,2,0,0.0,0.1,101.8
HN,Casa,2,4,2,0,0,1,1,0,1,1,0,2,17.665163221273374,4.009760508234537,6,1,7.3,3.5,488.2
CU,Casa,2,4,1,0,0,1,1,0,1,1,0,1,35.54569451931238,2.75325620389062,5,0,7.3,0.09,452.2
DO,Casa,2,6,1,0,1,0,1,0,0,1,0,3,10.785172283189441,3.872637454531441,6,0,8.4,12.5,397.9
CR,Casa,4,12,10,1,0,0,0,1,1,1,0,0,0.0,4.14496376325374,3,0,0.0,145.0,438.9
GT,Casa,2,6,3,0,1,0,0,0,0,1,0,1,23.06577537664568,0.0,3,1,4.4,1.7,255.9
PY,Casa,2,3,2,0,0,0,1,0,0,1,0,1,19.35019019009521,0.6395428561469418,3,0,4.0,185.0,287.7
BR,Casa,3,7,2,1,1,0,0,1,0,1,0,1,28.801603840675412,2.9519804172549016,4,1,4.4,0.75,296.1
JM,Casa,1,2,2,0,0,1,0,0,1,1,1,2,17.573876201859523,3.701517565960662,6,1,3.3,0.35,351.4
AR,Casa,2,10,5,0,0,0,1,1,0,1,0,1,21.03096032509804,0.8914689452731306,4,0,4.0,85.0,419.5
CO,Casa,4,8,8,1,0,0,1,1,0,1,1,2,14.329010269972096,3.490277621710986,6,0,4.0,820.0,584.3
EC,Departamento,2,5,3,0,1,1,1,0,1,1,0,3,24.31724186134103,0.0,8,1,11.7,0.1,637.1
PE,Departamento,0,1,1,0,0,1,0,0,0,1,0,3,15.70782547727963,1.4847634894330368,5,0,3.3,0.62,243.0
SV,Otro,3,9,2,0,1,1,0,0,0,1,0,1,10.754002580657694,1.909018780982165,4,1,7.7,0.19,377.4
GT,Departamento,4,9,2,0,1,0,1,1,0,1,0,2,14.489181921790188,1.5061621111882544,6,1,8.4,1.7,455.6
DO,Casa pareada,4,9,2,1,0,0,1,0,1,0,0,1,31.300399462894703,3.49557824193236,3,0,4.0,12.5,314.1
AR,Departamento,0,2,2,0,0,0,0,1,1,1,1,1,27.859849751333332,4.010500406683104,5,0,0.0,85.0,240.5
EC,Departamento,4,10,1,2,1,1,0,1,0,1,1,2,25.436873910330178,5.144343596321738,7,1,7.7,0.1,493.7
JM,Casa,3,6,3,0,0,0,0,0,0,0,0,3,16.302829747639798,2.16173704960781,3,0,0.0,0.35,122.2
CU,Casa,2,1,4,0,0,0,1,1,1,1,0,3,27.021418523041564,2.4935943739852844,7,0,4.0,0.09,453.4
BR,Departamento,2,5,1,1,0,1,1,0,1,1,1,1,20.998822542878873,3.555961345905307,6,1,7.3,0.75,509.1
PA,Casa,4,13,2,0,0,0,0,0,0,1,0,4,13.848864910746643,3.7893279719284854,5,0,0.0,0.17,138.6
US,Casa,2,4,1,0,0,0,0,0,1,1,0,2,29.147117138182644,1.8579620501139353,4,0,0.0,0.16,130.2
SV,Departamento,2,8,3,0,0,0,0,1,0,1,0,1,20.931975797158824,3.6939748443684515,3,0,0.0,0.19,191.5
DO,Casa,4,6,5,0,1,0,0,0,1,1,0,4,29.999294713186874,0.05175244199197504,7,1,4.4,12.5,389.5
AR,Casa,2,6,2,1,1,0,0,0,0,1,0,3,31.49703782967822,2.9340289053435744,5,1,4.4,85.0,285.2
PE,Departamento,3,6,1,1,1,0,0,0,1,1,0,4,11.367227077906454,1.8086139831010943,7,1,4.4,0.62,260.4
PE,Casa,2,8,1,0,0,0,1,0,1,1,1,3,23.211575865315073,1.325941927200362,7,0,4.0,0.62,358.1
NI,Casa,3,8,4,1,1,0,0,1,0,1,0,2,6.248125828917301,1.3383308278740316,5,1,4.4,7.5,342.9
CR,Casa,3,6,2,0,1,0,0,1,1,1,0,1,19.021937440458462,1.7694895158853572,5,1,4.4,145.0,301.9
CL,Casa,2,8,2,0,0,0,1,0,1,1,1,2,19.899741480132192,2.3822407376277974,6,0,4.0,150.0,379.3
PR,Casa móvil,3,8,3,0,0,0,0,0,0,1,0,1,11.69745877252726,5.231675395748017,2,0,0.0,0.22,154.1
PY,Casa,5,11,4,2,0,0,1,0,1,1,1,1,13.898749589919344,4.915132222369499,5,0,4.0,185.0,468.4
MX,Casa,2,6,4,2,0,0,0,0,1,1,1,1,10.85961907426623,3.6578841383094574,4,0,0.0,1.2,281.7
ES,Casa,2,7,7,0,0,1,1,1,0,1,1,2,19.845960629493156,1.3114251882026626,7,1,7.3,0.27,683.1
CO,Departamento,0,1,1,0,0,0,1,0,0,1,0,0,0.0,4.6393313367613604,2,0,4.0,820.0,265.9
CO,Departamento,3,4,1,0,1,0,0,1,1,1,0,1,8.434811995004177,0.1998055983565994,5,0,4.4,820.0,260.7
AR,Departamento,2,9,6,1,0,0,0,0,0,1,0,2,7.539053301181944,3.780950127381788,3,0,0.0,85.0,255.0
PR,Casa pareada,3,5,3,2,0,0,1,1,1,1,1,2,16.915020694971336,2.6481879012740857,7,0,4.0,0.22,477.9
CU,Casa,2,5,1,2,1,0,1,0,1,1,0,1,1.0678769677919462,2.127525983951652,5,1,8.4,0.09,435.8
EC,Casa,2,4,3,0,1,0,1,0,0,1,0,1,26.86392259241544,3.786342428595675,4,1,8.4,0.1,453.7
BR,Casa,1,1,3,0,0,1,0,1,1,1,0,2,7.884961088921067,2.3924982684044926,6,1,3.3,0.75,363.0
JM,Casa,2,5,3,1,1,0,1,0,0,1,0,1,35.7025087361187,4.188601698585605,4,1,8.4,0.35,474.2
CR,Casa,3,7,4,0,0,1,1,0,0,1,0,2,30.972944832701202,4.455266447713052,5,1,7.3,145.0,531.3
HT,Casa,1,5,2,0,0,0,1,1,1,1,0,1,25.291849914469697,2.797333805504282,5,0,4.0,0.14,369.6
PA,Otro,1,3,3,0,1,0,1,0,0,1,0,1,15.17268022759417,1.0123344193143615,4,1,8.4,0.17,436.9
BO,Casa,1,2,3,0,0,0,0,1,1,1,0,1,16.123656298235872,3.4851877426640585,4,0,0.0,0.6,218.7
MX,Departamento,2,6,1,1,0,0,0,0,0,1,1,1,23.34607291730721,4.2621245732015485,3,0,0.0,1.2,154.5
BO,Departamento,1,3,1,0,0,1,1,0,0,1,0,4,34.515873718459886,4.420279880272721,7,0,7.3,0.6,474.9
AR,Casa,1,6,2,0,0,0,0,0,0,1,0,2,22.05146708908418,0.46035151457191015,3,0,0.0,85.0,118.1
CO,Casa,1,3,2,0,1,0,0,0,0,1,0,2,4.607855191409529,0.8679333850875084,4,1,4.4,820.0,224.5
AR,Casa,3,10,2,0,0,1,0,0,0,1,0,4,31.736860507455958,1.7281472913377947,6,1,3.3,85.0,308.6
CU,Casa,2,5,4,0,1,1,1,0,1,1,0,1,16.523131648445208,3.3653939880670083,6,1,11.7,0.09,656.1
VE,Casa,3,7,7,0,0,1,0,0,0,1,0,1,2.48916667455277,2.30559019926121,3,1,3.3,0.01,406.2
HN,Casa,3,7,1,0,0,0,0,0,0,1,1,3,24.13840934141835,2.715895998290256,5,0,0.0,3.5,155.2
PA,Casa,5,13,7,2,1,0,1,1,0,1,1,1,18.557082968959655,4.130671228102495,6,1,8.4,0.17,686.4
PY,Casa,2,5,1,0,1,1,0,1,1,1,0,2,15.824390268889665,2.3672735908997318,7,0,7.7,185.0,429.1
VE,Otro,3,8,1,2,1,0,0,0,1,1,0,1,20.284707911094273,3.442138293082955,4,1,4.4,0.01,269.6
SV,Casa pareada,0,1,1,0,1,0,0,0,0,1,0,3,24.589898992740288,4.290590383455862,5,0,4.4,0.19,237.2
NI,Casa,2,7,1,1,0,0,0,0,1,1,0,2,14.364977208551513,3.858180227371955,4,0,0.0,7.5,141.3
CO,Casa,3,4,3,0,1,0,0,0,1,1,1,3,29.321195252553444,2.726509481148031,7,1,4.4,820.0,371.3
CL,Departamento,1,3,2,0,0,0,1,0,0,1,0,4,14.181848847208585,3.683325521107167,6,0,4.0,150.0,318.7
MX,Departamento,5,11,6,0,1,1,1,0,0,1,0,2,23.8848693279917,5.085819380534021,6,1,11.7,1.2,707.4
AR,Departamento,2,3,1,1,0,0,1,1,1,1,0,1,32.80129268971609,1.2343927415246365,5,0,4.0,85.0,351.1
NI,Casa,2,6,3,0,0,0,0,0,0,1,0,0,0.0,3.154326760839599,1,0,0.0,7.5,139.5
HT,Casa,2,6,2,0,0,0,0,0,1,1,1,4,30.454076153244678,2.9139500705291805,7,0,0.0,0.14,237.8
PE,Departamento,3,6,4,1,0,0,0,0,0,1,0,2,20.08812391506858,3.3529683395234895,3,0,0.0,0.62,203.9
PA,Departamento,1,2,2,0,0,0,1,1,1,1,0,1,25.934570713186815,2.5726892504437955,5,0,4.0,0.17,368.9
PA,Casa,3,9,5,2,0,0,1,1,1,1,0,2,32.88117217831035,2.6373427563018654,6,0,4.0,0.17,506.8
PY,Departamento,2,6,2,0,0,1,0,0,0,1,1,1,21.284661957907744,2.085269342642067,4,1,3.3,185.0,307.8
GT,Departamento,3,7,1,0,0,0,1,0,1,1,1,2,25.362626134211897,2.1053798873836027,6,0,4.0,1.7,352.7
US,Casa,2,4,3,0,0,0,0,1,0,1,0,3,23.489765566690597,5.831697367433129,5,0,0.0,0.16,223.1
VE,Casa,2,8,4,0,1,1,1,0,0,1,1,2,10.769989595475762,4.970829788952652,7,1,11.7,0.01,680.4
VE,Departamento,3,3,4,0,1,0,1,1,0,1,0,1,12.838361368273535,4.360511436494994,5,1,8.4,0.01,520.3
GT,Casa,3,10,6,1,0,0,1,1,0,1,0,1,31.98651589851888,2.4557441990497684,4,0,4.0,1.7,475.9
BO,Casa,1,2,1,0,0,0,1,0,0,1,0,2,27.63282546475613,0.9717539144233909,4,0,4.0,0.6,275.1
GT,Casa,2,7,4,0,1,0,0,0,0,1,0,1,15.375420619655811,3.277554071047958,3,1,4.4,1.7,296.7
DO,Departamento,2,6,1,0,1,0,1,0,1,1,0,1,5.948834579315058,1.6070178271165187,5,0,8.4,12.5,405.6
CR,Casa,1,5,1,0,0,0,1,0,1,1,0,1,31.8453924551438,3.5973903814051424,4,0,4.0,145.0,305.7
AR,Departamento,3,4,2,0,0,0,1,1,0,1,0,4,26.080154356128567,3.1676320461621894,7,0,4.0,85.0,376.8
NI,Casa,3,7,6,1,1,1,0,1,0,1,1,1,21.7012161715796,1.4107681074630967,6,1,7.7,7.5,599.6
CL,Otro,2,7,1,0,1,1,0,0,1,1,0,1,35.23094916235048,0.8863701141997624,5,0,7.7,150.0,383.4
SV,Casa pareada,2,4,4,0,0,1,0,0,1,1,0,1,11.037734518300415,2.455806624332502,4,1,3.3,0.19,350.5
CO,Departamento,3,5,2,0,0,0,0,0,1,1,0,2,18.426857893182834,1.5676730830387697,4,0,0.0,820.0,149.9
BR,Departamento,0,3,1,0,1,0,0,1,0,1,0,2,13.27421915960502,3.7429109993782435,5,0,4.4,0.75,254.2
AR,Casa pareada,3,9,2,1,0,0,1,0,0,1,0,1,17.32921109901674,3.2189981378462305,3,0,4.0,85.0,312.9
ES,Departamento,4,11,4,0,0,0,0,0,0,1,0,1,22.55604585051493,3.686286814921343,2,0,0.0,0.27,182.1
HN,Casa,4,8,2,1,1,1,1,0,1,1,0,2,17.024085697796714,1.7650796687515533,7,1,11.7,3.5,612.4
ES,Casa,3,10,2,1,1,1,0,0,1,1,0,2,30.90292755100109,3.101115404272887,6,1,7.7,0.27,449.9
GT,Casa,1,3,2,0,1,1,0,1,1,1,0,2,25.5084020044811,4.317227867885736,7,1,7.7,1.7,475.6
DO,Departamento,1,2,2,0,0,0,1,0,0,1,0,1,0.0,2.732500534726265,3,0,4.0,12.5,287.7
CL,Departamento,3,8,3,1,0,0,1,1,0,1,0,3,16.503764384117794,4.329226429474909,6,0,4.0,150.0,402.8
GT,Casa,2,2,3,0,1,0,1,1,0,1,0,2,11.127082878391775,6.177642766790966,6,1,8.4,1.7,502.8
NI,Casa pareada,2,3,2,1,0,0,0,0,0,1,0,2,19.493240424337426,1.2908036652767811,3,0,0.0,7.5,134.5
GT,Departamento,2,8,1,2,0,0,0,0,0,1,1,1,18.336380251481245,2.6263736087444745,3,0,0.0,1.7,160.4
HN,Casa,4,8,1,2,1,1,0,0,1,1,0,1,20.277286793880915,4.944387619405212,5,1,7.7,3.5,424.5
PY,Casa,2,3,2,1,0,0,0,0,0,1,0,2,19.130780629728566,3.365479087521245,3,0,0.0,185.0,143.1
CO,Casa,3,5,2,0,0,0,1,0,1,1,1,1,15.145218136463896,0.186323825884267,5,0,4.0,820.0,358.7
PY,Departamento,2,9,1,0,1,1,0,0,0,1,0,4,4.3859777708743675,5.924943448059232,7,0,7.7,185.0,369.6
HT,Casa,5,12,5,1,1,1,1,0,1,1,0,4,34.0894810658196,1.2903341147968383,9,1,11.7,0.14,745.2
UY,Casa,3,8,1,1,0,1,1,0,0,1,0,4,14.947326162884336,4.082854175806763,7,1,7.3,8.5,455.2
CU,Departamento,3,5,3,2,0,0,1,0,1,1,0,2,24.350053778034013,3.5091575779762247,5,0,4.0,0.09,403.2
VE,Casa,2,3,4,0,1,1,1,0,0,1,0,2,24.01847447064812,3.5863958277661965,6,1,11.7,0.01,641.1
US,Casa,4,9,5,2,1,0,1,1,1,1,0,0,0.0,2.1936858471555762,5,1,8.4,0.16,595.0
SV,Casa,0,2,1,0,1,0,0,0,0,1,0,2,30.344293862270394,3.1843869267109812,4,0,4.4,0.19,226.2
CO,Casa,0,3,1,0,1,1,0,1,1,1,0,4,13.434997503702228,5.855190449731717,9,0,7.7,820.0,454.8
PY,Departamento,1,7,1,0,0,0,0,1,1,1,0,1,35.487104966609834,1.5321396887025678,4,0,0.0,185.0,158.5
HT,Casa pareada,2,6,2,0,0,0,1,0,0,1,0,1,24.132328230039235,2.3920305858144477,3,0,4.0,0.14,297.2
VE,Casa,3,6,4,1,0,0,0,0,0,1,0,2,31.671373676115625,2.743543066450597,3,0,0.0,0.01,211.1
AR,Casa,1,2,2,0,0,0,1,1,0,1,1,1,8.038722678432439,0.0,5,0,4.0,85.0,364.8
CO,Casa,4,8,3,1,1,0,1,0,0,1,0,1,25.369304726522646,1.8002646427257016,4,1,8.4,820.0,459.6
EC,Casa,1,2,2,0,0,0,0,0,1,1,0,2,3.930413514454429,2.8449069072392703,4,0,0.0,0.1,143.1
EC,Casa móvil,5,12,10,0,0,1,0,0,0,1,0,3,31.441862834731378,3.9324035662781736,5,1,3.3,0.1,543.5
AR,Casa,1,3,1,0,0,0,1,0,1,1,0,1,21.34169783481213,4.06998499860745,4,0,4.0,85.0,303.3
MX,Casa,3,6,5,1,0,0,0,0,1,1,0,1,31.47580464698301,2.386272525422319,3,0,0.0,1.2,255.4
UY,Casa,1,5,1,0,0,0,0,0,0,1,0,3,32.88690867393916,1.8088140888811348,4,0,0.0,8.5,117.8
ES,Casa,2,5,1,0,1,0,1,1,1,1,0,2,22.212134023925113,2.670269116149022,7,0,8.4,0.27,467.3
PE,Casa pareada,3,7,6,1,0,0,1,0,0,0,0,3,21.68174224781339,6.4071989127084485,4,0,4.0,0.62,432.2
AR,Casa,1,1,2,0,0,1,0,1,0,1,1,3,33.5913293515296,3.8083559116723,7,1,3.3,85.0,390.4
PY,Casa,2,5,2,0,0,0,0,0,0,1,0,2,28.66836977161347,5.096130228243853,3,0,0.0,185.0,143.6
JM,Casa,2,6,3,0,1,0,1,0,0,1,0,4,19.82944176109516,3.0781401768526866,7,1,8.4,0.35,475.1
PE,Casa,2,6,3,0,0,0,0,1,0,1,0,2,30.77153410432249,1.3473453269042155,4,0,0.0,0.62,199.4
HN,Casa pareada,2,7,2,0,0,0,0,0,0,1,1,1,22.058741065826055,3.1268253246216724,3,0,0.0,3.5,164.1
DO,Casa,2,6,1,1,0,0,0,0,1,1,1,2,12.15103360993513,2.1802424965439573,5,0,0.0,12.5,176.8
CR,Casa,1,5,1,0,1,0,1,0,0,1,0,3,3.333280641846091,1.8558349965753207,6,0,8.4,145.0,379.7
AR,Casa,3,10,4,0,1,0,0,0,1,1,0,2,30.427161139326863,4.5915249398384725,5,1,4.4,85.0,352.4
CU,Casa,4,12,2,0,0,0,1,0,1,1,0,1,25.80851426267512,3.8248387898430405,4,0,4.0,0.09,334.1
MX,Casa,3,6,3,0,0,0,0,0,1,1,0,1,8.612291059845889,1.9790224287905926,3,0,0.0,1.2,168.9
US,Casa,4,7,5,2,0,0,0,0,1,1,0,1,17.380230039882576,6.807758347476401,3,0,0.0,0.16,283.4
NI,Otro,4,7,3,1,0,1,0,0,1,1,0,2,7.6565442950254,2.453472495168559,5,1,3.3,7.5,338.0
AR,Casa,0,1,2,0,0,1,0,0,1,1,0,1,28.379827105522985,4.2239357390229895,4,1,3.3,85.0,305.4
JM,Departamento,3,4,1,0,1,1,0,0,1,1,0,2,18.821846955093513,0.18912522474737425,6,0,7.7,0.35,382.2
BO,Departamento,2,7,1,0,0,0,0,1,0,1,0,2,17.834025680725446,3.5738560321361272,4,0,0.0,0.6,138.0
EC,Casa,4,7,5,2,0,1,1,1,1,1,0,1,21.74004989040957,1.454163894115277,6,1,7.3,0.1,630.8
VE,Casa,0,1,1,0,1,0,1,0,1,1,0,1,46.29237117891226,3.2945234460930863,5,0,8.4,0.01,430.0
CL,Departamento,3,11,1,1,0,0,1,0,1,1,0,2,0.0,3.3587022934980566,5,0,4.0,150.0,305.5
ES,Departamento,3,8,4,2,0,0,0,0,1,1,0,2,9.45375788666247,3.1046284263352293,4,0,0.0,0.27,238.9
HT,Casa,3,7,3,1,0,1,1,0,0,1,1,2,2.594572359772009,3.403245255743216,6,1,7.3,0.14,532.4
BR,Otro,3,9,3,0,0,0,0,0,1,1,0,1,5.195808298612761,2.71752338462024,3,0,0.0,0.75,170.7
DO,Departamento,3,11,1,2,1,0,0,0,1,1,0,2,15.59033108256698,2.636171753972544,5,1,4.4,12.5,271.4
MX,Otro,2,4,1,0,1,1,1,0,0,1,0,2,23.269384125962763,2.7653170456121305,6,0,11.7,1.2,546.9
JM,Casa,3,7,5,1,1,0,0,1,1,1,0,3,27.267310773245057,2.12677649046349,7,1,4.4,0.35,436.5
NI,Casa,3,3,1,1,0,1,0,1,0,1,0,2,19.20088255893498,5.561944790116108,5,1,3.3,7.5,311.1
UY,Casa,3,6,4,1,1,1,0,0,1,1,0,2,22.87296844082568,2.90413496603827,6,1,7.7,8.5,502.3
GT,Casa pareada,1,5,2,0,1,0,1,0,0,0,0,2,22.050800795441347,3.555074524898164,4,1,8.4,1.7,394.8
VE,Casa,4,8,3,1,1,0,0,0,1,1,0,2,26.12643835357413,5.05409174531702,5,1,4.4,0.01,335.8
US,Departamento,4,8,3,1,0,0,0,0,0,1,0,1,32.34957559704117,5.495495545431859,2,0,0.0,0.16,179.0
GT,Otro,3,4,5,3,1,1,0,0,1,1,0,3,24.52412118047988,3.2935591912840754,7,1,7.7,1.7,576.5
PR,Casa,3,8,3,1,0,0,0,0,0,1,0,3,21.84393737588622,2.7389972533716613,4,0,0.0,0.22,182.7
PE,Casa,1,1,2,0,0,0,1,0,0,0,0,1,1.2989902997572003,2.772023602807807,2,0,4.0,0.62,253.2
HN,Otro,3,7,2,0,1,0,0,0,0,1,1,3,35.35652580863771,2.230930415798327,6,1,4.4,3.5,316.8
CL,Casa,3,10,6,0,0,0,1,0,1,1,0,2,38.44754427559096,0.4319349093753795,5,0,4.0,150.0,462.0
SV,Casa,3,12,3,1,1,0,0,0,0,1,0,4,12.384893413588046,2.2595805238333844,6,1,4.4,0.19,294.0
ES,Departamento,2,5,4,0,1,1,1,1,0,1,0,2,32.51905211835959,3.11708732139363,7,1,11.7,0.27,686.4
DO,Casa,3,11,4,0,0,0,0,1,1,1,0,1,19.035724700877193,5.069163259473049,4,0,0.0,12.5,256.7
MX,Departamento,1,4,3,0,0,0,1,0,0,1,0,3,24.937052337068636,4.735921961240345,5,0,4.0,1.2,360.2
EC,Casa móvil,2,7,4,0,1,0,1,0,1,1,0,2,12.488441312989455,3.405095717373936,6,1,8.4,0.1,512.1
PR,Casa,2,11,5,0,0,0,0,0,0,1,1,2,13.060492365858765,2.1856637102234333,4,0,0.0,0.22,252.5
PR,Casa,4,12,5,2,0,0,0,0,0,1,1,1,10.387240140433343,2.8972686980598072,3,0,0.0,0.22,278.2
NI,Departamento,3,6,4,1,0,1,0,0,0,1,0,1,14.514902063824271,4.074582361275079,3,1,3.3,7.5,343.8
HN,Casa,1,1,5,0,0,0,0,0,0,1,0,1,20.652471279798544,1.2780880763180842,2,0,0.0,3.5,201.0
PA,Casa,2,4,2,0,1,0,0,0,1,1,0,3,25.79785453856188,2.5460126984852933,6,1,4.4,0.17,291.4
JM,Departamento,2,7,3,1,0,0,0,0,1,1,1,3,32.477418718613876,4.085496322112873,6,0,0.0,0.35,276.7
PY,Casa,3,10,1,1,0,1,0,0,1,1,0,3,10.571742817174933,5.343987429640955,6,1,3.3,185.0,298.1
MX,Casa,3,7,9,2,0,0,1,0,0,1,1,2,8.50858212465575,1.3095402414318005,5,0,4.0,1.2,574.9
US,Casa,4,10,5,1,0,0,0,0,0,1,0,4,25.110255804078662,5.738364214392744,5,0,0.0,0.16,271.1
CL,Departamento,4,9,3,2,0,0,1,0,0,1,1,4,22.586296568976692,0.8725348578096508,7,0,4.0,150.0,425.6
CU,Casa,1,1,1,0,1,0,0,0,1,1,0,2,22.403763355534505,3.413609719360099,5,0,4.4,0.09,250.6
VE,Departamento,4,11,2,2,0,1,0,1,0,1,1,4,28.31546950074849,2.836160504056857,8,1,3.3,0.01,422.3
SV,Casa,4,7,6,0,1,0,0,0,0,1,0,1,25.368347469339263,2.6661761747297557,3,1,4.4,0.19,358.3
GT,Departamento,2,6,1,1,0,0,1,0,1,1,0,1,24.804717605257686,3.146638321986456,4,0,4.0,1.7,315.8
ES,Casa,4,12,5,0,0,1,0,0,0,1,0,3,10.5232586169665,2.503198083905601,5,1,3.3,0.27,360.8
HT,Departamento,2,5,1,0,0,0,0,0,0,1,0,1,32.0390926205663,5.814800811216739,2,0,0.0,0.14,105.2
CR,Casa,2,2,1,0,1,0,0,0,0,1,0,1,10.212726372534963,0.3836998089239696,3,0,4.4,145.0,192.1
ES,Casa,2,6,3,0,0,0,1,1,1,1,0,0,0.0,2.695037207239017,4,0,4.0,0.27,387.7
CL,Casa pareada,2,5,3,0,0,0,1,0,0,1,0,1,27.726146630765857,3.5809840814878466,3,0,4.0,150.0,333.8
US,Departamento,4,8,4,1,0,0,0,0,0,1,0,3,29.26645924145004,3.7078307257677086,4,0,0.0,0.16,226.3
PE,Casa,3,5,3,0,1,0,1,0,0,1,0,3,29.414307938098666,3.7777674782200297,6,1,8.4,0.62,481.2
ES,Departamento,3,8,3,5,1,0,0,1,1,1,0,1,17.1140533831395,1.9400035814296668,5,1,4.4,0.27,406.8
AR,Casa,3,7,1,1,0,0,0,0,0,1,0,1,22.527176211778517,5.39785592671711,2,0,0.0,85.0,114.4
JM,Departamento,2,8,2,0,1,1,0,0,0,1,0,1,11.02823558594251,2.5065265623719957,4,1,7.7,0.35,380.0
BR,Departamento,2,3,4,0,1,0,0,0,0,1,0,3,5.741367121687119,5.046424430553383,5,1,4.4,0.75,306.5
GT,Otro,5,12,1,1,0,1,1,0,1,1,0,2,5.692627423994574,0.0,6,1,7.3,1.7,445.9
PE,Departamento,1,7,3,0,1,0,0,1,0,1,0,1,19.413976363899152,3.3965077025670016,4,1,4.4,0.62,309.0
HN,Departamento,3,11,2,3,0,0,1,1,0,1,0,1,17.90510672037722,1.128735770909064,4,0,4.0,3.5,374.2
JM,Departamento,3,10,1,1,1,1,0,1,0,1,0,1,12.868554989542321,1.9480496637271605,5,1,7.7,0.35,403.5
CO,Casa,4,11,6,3,1,0,0,1,0,1,0,4,16.865530105388977,2.1918010010261275,7,1,4.4,820.0,461.4
JM,Casa,1,1,1,0,1,0,0,1,0,1,1,2,14.425112789564544,2.3188107542432497,6,0,4.4,0.35,293.7
HN,Departamento,2,4,3,0,0,1,0,0,0,1,1,3,12.599978900267867,3.426614527473956,6,1,3.3,3.5,352.0
CR,Casa,3,5,5,2,0,0,1,0,1,1,0,3,18.22345270480384,2.774764443763029,6,0,4.0,145.0,463.3
CL,Departamento,2,7,2,0,1,0,1,0,1,1,0,1,30.57329042985862,4.024555624682678,5,1,8.4,150.0,456.4
JM,Casa,2,1,1,0,0,0,1,0,0,1,0,2,18.64462873251722,2.9235192310836062,4,0,4.0,0.35,275.8
PR,Casa,3,8,1,2,1,1,0,0,0,1,0,0,0.0,1.989144467146057,3,1,7.7,0.22,372.4
NI,Casa,4,7,1,0,0,0,0,0,1,1,0,3,37.1838896227887,3.2572337601442913,5,0,0.0,7.5,159.5
PR,Casa,2,8,4,1,1,0,1,1,1,1,0,1,14.549081556342196,5.3457889707768995,6,1,8.4,0.22,570.4
CR,Casa,2,5,1,1,0,0,0,1,1,1,0,2,29.949691941604684,3.6963158922290695,5,0,0.0,145.0,193.8
CO,Casa,2,4,1,0,0,0,0,0,1,1,0,2,9.722947963034523,2.7581634154439394,4,0,0.0,820.0,117.6
CU,Departamento,3,9,1,2,0,0,0,0,1,1,0,3,15.251302836932744,1.5492622249855663,5,0,0.0,0.09,154.3
CL,Casa,4,10,2,1,1,0,0,0,1,1,0,1,38.70902795447221,2.5384668518415565,4,1,4.4,150.0,288.5
AR,Casa,4,11,4,0,0,0,0,0,1,1,0,1,23.229523990468373,2.108464082448773,3,0,0.0,85.0,205.7
GT,Casa,3,7,4,1,0,0,0,0,0,1,0,2,3.938943102095106,3.576726499995176,3,0,0.0,1.7,191.1
NI,Departamento,4,8,2,0,0,0,0,0,0,1,0,2,26.015887598117356,2.3412846081873036,3,0,0.0,7.5,129.6
PE,Casa pareada,2,7,3,2,0,0,1,0,0,1,1,1,25.71207270150449,3.449651580650926,4,0,4.0,0.62,407.1
PY,Departamento,3,11,1,1,1,0,0,1,1,1,0,2,22.444595992679655,3.7698622369021964,6,1,4.4,185.0,307.2
NI,Casa,2,8,3,0,0,0,0,0,0,1,0,2,32.06171702034841,3.234652002530246,3,0,0.0,7.5,168.5
BO,Casa,1,3,1,0,0,1,1,0,1,1,1,2,24.78643664661784,3.36713821437018,7,0,7.3,0.6,506.1
PE,Casa,3,5,10,0,0,1,0,0,0,1,1,2,16.741600031236,3.231754873691659,5,1,3.3,0.62,558.6
NI,Departamento,3,10,5,0,1,0,1,0,1,1,1,2,33.970313748793494,2.845645243026044,7,1,8.4,7.5,602.6
ES,Casa pareada,3,3,5,0,1,0,0,0,1,1,0,1,35.49179244707975,0.2959313744507597,4,1,4.4,0.27,352.5
NI,Casa,0,1,1,0,0,0,1,0,1,1,0,2,27.110049191364247,3.5147861336870374,5,0,4.0,7.5,315.6
MX,Casa,3,6,1,1,0,1,1,0,1,1,0,1,25.160685376747015,2.081630689542271,5,1,7.3,1.2,459.9
PY,Casa,5,15,3,2,0,0,1,0,1,1,0,3,0.0,3.1057074247327185,6,0,4.0,185.0,379.4
MX,Otro,3,5,2,1,1,0,1,1,0,1,0,3,14.646411967290655,3.61366529869506,7,1,8.4,1.2,486.8
BR,Casa,2,5,1,1,1,0,1,0,0,1,0,1,18.551789219903533,6.718701862088002,4,1,8.4,0.75,417.8
PE,Casa,3,12,5,2,0,1,0,0,0,1,0,1,22.27219937098776,4.056424530599255,3,1,3.3,0.62,392.1
UY,Casa pareada,3,8,3,2,0,1,0,0,0,1,0,2,28.290430650218877,0.8151268274892227,4,1,3.3,8.5,333.4
JM,Casa,5,13,3,1,1,0,1,1,1,1,0,2,21.27165561285033,2.310228423530465,7,1,8.4,0.35,539.9
CU,Casa,2,3,1,0,1,0,1,0,0,1,1,3,37.4855387712971,0.9176799951819943,7,0,8.4,0.09,463.8
NI,Otro,4,9,2,1,0,0,1,0,0,1,1,1,35.569813354906984,0.39669372996181096,4,0,4.0,7.5,353.1
VE,Casa,1,3,1,0,1,1,0,0,0,1,0,2,11.115353362661654,0.0,5,0,7.7,0.01,344.8
HN,Departamento,3,6,1,1,0,0,1,0,1,1,1,2,18.457207239822957,4.576045085098792,6,0,4.0,3.5,372.4
PE,Casa,0,1,1,0,0,1,0,0,1,0,0,1,17.739749849207737,0.5275010389449455,3,0,3.3,0.62,219.1
BO,Casa pareada,2,6,1,0,0,1,0,1,1,1,0,3,38.407658022347945,1.9598434408233558,7,0,3.3,0.6,344.1
CL,Casa,3,6,4,1,1,0,1,0,1,1,0,1,22.7756044955483,3.611395583132451,5,1,8.4,150.0,526.3
NI,Casa,3,11,1,1,1,0,0,1,0,1,0,4,17.840388984656414,3.986597583229006,7,1,4.4,7.5,290.7
MX,Casa,1,2,3,0,0,1,0,0,0,1,0,1,28.584344557964826,0.9454757963448124,3,1,3.3,1.2,291.4
EC,Casa,3,7,2,1,0,1,0,0,0,1,0,1,20.996457668619918,1.6328526557048213,3,1,3.3,0.1,276.1
MX,Departamento,5,15,6,3,0,0,1,1,0,1,0,1,28.731764280166033,2.1638723790255914,4,0,4.0,1.2,503.2
CR,Departamento,1,4,1,0,1,1,1,1,1,1,0,2,15.555690253154548,3.4407053411392683,8,0,11.7,145.0,613.4
ES,Casa,1,2,1,0,0,1,1,0,1,1,0,3,4.559866548749872,4.085293270093208,7,0,7.3,0.27,450.1
CU,Departamento,2,8,3,0,0,0,0,1,0,1,0,1,31.01759261329277,1.3227283569455286,3,0,0.0,0.09,185.6
MX,Casa móvil,5,12,2,2,1,0,0,1,0,1,0,3,21.41823175119606,3.5374581587938874,6,1,4.4,1.2,330.0
HT,Casa,1,4,2,0,1,0,0,0,0,1,0,3,2.590851162432571,4.016099820538805,5,1,4.4,0.14,238.1
UY,Casa,3,9,5,2,0,1,0,0,0,1,0,2,17.637475352302005,1.0401362001381522,4,1,3.3,8.5,385.4
CL,Casa,5,15,5,2,0,1,0,0,1,1,1,3,13.760777092170922,2.9480910007040997,7,1,3.3,150.0,471.5
HT,Departamento,2,9,1,0,0,0,1,1,0,1,0,2,37.291532286863514,3.2559010158260033,5,0,4.0,0.14,333.1
ES,Casa,1,7,2,0,0,0,1,1,1,1,0,1,0.0,3.8452114244587,5,0,4.0,0.27,362.6
VE,Departamento,2,6,3,0,0,0,0,0,1,1,0,1,14.343276427999415,0.5759528770409608,3,0,0.0,0.01,165.4
CL,Departamento,1,1,3,0,0,0,1,1,0,1,0,2,17.326647986201458,2.030342158365424,5,0,4.0,150.0,370.9
GT,Departamento,4,9,5,1,0,0,1,1,0,1,0,3,18.239123034403704,4.005156137605738,6,0,4.0,1.7,463.6
CL,Casa,1,3,2,0,0,1,1,0,0,1,0,4,20.68654544462308,0.9140148772948802,7,1,7.3,150.0,466.4
AR,Casa,4,10,4,2,0,0,0,0,0,1,1,3,0.0,1.37231228281325,5,0,0.0,85.0,236.5
PR,Departamento,4,9,5,2,0,0,0,0,0,1,0,2,17.47675943408663,2.7988775997954436,3,0,0.0,0.22,244.3
GT,Departamento,1,2,1,0,0,0,1,1,0,1,0,2,18.345720145954154,2.292564495007822,5,0,4.0,1.7,312.9
AR,Casa,2,6,3,0,1,0,0,0,0,1,0,1,30.1903828001661,4.373998721607515,3,1,4.4,85.0,277.7
NI,Casa,5,9,2,2,1,0,1,0,0,1,0,4,14.258409039136271,3.257684422799431,7,1,8.4,7.5,466.4
US,Otro,3,7,1,2,0,0,0,0,1,1,1,2,35.494199537397776,1.0357765573509208,5,0,0.0,0.16,206.7
NI,Departamento,1,3,2,0,0,0,1,0,0,1,0,2,19.435705708036604,0.7056926717853447,4,0,4.0,7.5,296.9
PE,Otro,2,5,2,1,0,0,0,0,1,1,0,1,33.01992684741121,3.6562270490030637,3,0,0.0,0.62,171.5
PE,Casa,4,6,3,3,0,0,0,0,0,1,1,2,27.704103507492185,2.737739244062485,4,0,0.0,0.62,252.3
CU,Departamento,5,13,8,1,0,0,0,1,0,1,0,2,10.883207126531305,2.6082896178613337,4,0,0.0,0.09,352.9
PR,Departamento,4,6,1,0,1,0,0,0,0,1,0,1,19.951342817787072,4.521362356103136,3,0,4.4,0.22,214.0
HT,Casa,2,5,2,1,0,1,0,1,0,1,0,3,24.589829004460654,2.826188853812647,6,1,3.3,0.14,345.1
US,Casa,3,7,1,1,0,0,0,1,1,1,0,2,9.720082923973719,0.9736222845421096,5,0,0.0,0.16,165.0
CL,Casa,2,3,2,0,0,0,0,0,1,1,0,2,3.7693952831966087,4.926721865129549,4,0,0.0,150.0,151.8
ES,Casa,4,8,2,1,0,0,0,0,0,1,1,4,18.90712089903917,4.5854583977714025,6,0,0.0,0.27,210.3
US,Casa,2,8,2,0,1,0,1,0,0,1,0,1,15.665555420469229,6.17105345565413,4,1,8.4,0.16,429.2
HN,Departamento,1,2,1,0,0,1,0,0,1,1,0,1,22.38766138853556,3.3428075001171202,4,0,3.3,3.5,269.1
CL,Casa,3,5,9,2,1,1,0,1,1,1,1,4,6.307530561109182,4.365592079727136,10,1,7.7,150.0,751.0
BO,Casa,3,9,5,0,0,0,0,0,0,1,0,2,12.25611464317241,1.1877364714782466,3,0,0.0,0.6,202.9
UY,Departamento,4,9,3,0,0,0,0,0,1,1,1,1,10.88526498543697,3.3967878601623815,4,0,0.0,8.5,220.6
PA,Casa,4,9,3,1,0,1,1,0,1,1,1,2,31.941438925395925,0.3928028334235778,7,1,7.3,0.17,574.5
PY,Casa,2,6,2,1,0,0,0,0,1,1,0,4,15.763725014078515,2.6041765103456105,6,0,0.0,185.0,181.9
EC,Departamento,5,11,1,3,0,1,0,0,1,1,0,3,39.56421773234575,3.838737719506244,6,1,3.3,0.1,358.6
HT,Casa pareada,2,4,3,0,1,1,1,1,1,1,0,3,20.69606708744139,2.7712469606773977,9,1,11.7,0.14,684.4
PE,Departamento,5,10,3,0,0,0,1,0,0,1,0,1,31.091266896484484,1.4717088493999309,3,0,4.0,0.62,326.2
US,Departamento,2,6,4,0,0,0,0,1,1,1,0,3,35.412904718161684,1.45606662554943,6,0,0.0,0.16,279.6
HT,Casa,2,5,1,0,1,0,0,0,0,1,0,0,0.0,0.2792964793756969,2,0,4.4,0.14,186.6
GT,Casa,0,1,2,0,0,0,1,0,0,1,0,2,28.420329513742075,3.140397886259043,4,0,4.0,1.7,315.0
JM,Casa,4,7,2,2,0,1,0,0,0,1,1,1,27.827256668791698,3.409480371697929,4,1,3.3,0.35,346.3
AR,Departamento,4,10,3,0,0,1,0,0,1,1,0,1,30.217290731659652,2.68468817802019,4,1,3.3,85.0,329.6
HN,Departamento,1,5,4,0,1,1,1,0,0,1,0,3,16.294830906308157,1.5589392757866367,7,1,11.7,3.5,633.5
HN,Casa,2,6,1,0,1,0,0,0,1,1,0,2,30.91986601496591,4.840257670664086,5,0,4.4,3.5,263.9
AR,Departamento,2,3,6,2,0,0,0,0,1,1,0,1,45.44766772752098,2.944484069267886,3,0,0.0,85.0,308.7
PY,Casa,3,11,1,0,0,0,0,0,1,1,0,1,18.039899613994393,4.636881266894973,3,0,0.0,185.0,124.3
ES,Casa,0,1,1,0,0,0,1,1,0,1,0,2,23.76225551311047,3.148262182589474,5,0,4.0,0.27,321.2
UY,Casa,4,9,3,1,0,0,1,0,0,1,0,2,26.442279245428526,3.475446602227058,4,0,4.0,8.5,359.8
CU,Casa,1,7,2,0,1,0,1,1,1,1,0,3,16.62734539309208,0.08553404770727724,8,1,8.4,0.09,489.2
JM,Casa móvil,2,6,3,1,0,0,1,0,1,1,0,1,20.562763140152175,2.2803496804594117,4,0,4.0,0.35,370.3
BO,Departamento,3,6,4,2,0,1,1,1,1,1,0,1,28.884685559080765,2.159059652570046,6,1,7.3,0.6,606.9
MX,Casa,2,7,3,1,1,0,0,1,1,1,0,2,8.013542993092805,2.4369502516823234,6,1,4.4,1.2,349.2
NI,Departamento,3,8,4,1,1,0,0,0,1,1,0,3,1.9251524348258329,0.9826504553992619,6,1,4.4,7.5,329.3
GT,Departamento,4,9,6,4,0,1,0,0,1,1,0,3,10.681884689018977,3.084676019773415,6,1,3.3,1.7,483.6
CR,Departamento,1,8,1,0,0,0,1,1,0,1,0,1,15.002237268634245,2.7068440799336435,4,0,4.0,145.0,304.8
PE,Casa,3,5,4,1,0,1,1,1,1,1,1,3,25.136449558123697,4.125558360421236,9,1,7.3,0.62,666.1
PY,Casa,2,3,2,1,0,0,0,0,0,1,0,1,4.10988777790662,0.9493147012327023,2,0,0.0,185.0,117.5
PE,Casa,3,9,1,1,0,0,0,1,0,1,1,2,11.162998251431944,3.4830048353077983,5,0,0.0,0.62,191.6
PR,Casa pareada,4,6,1,0,1,0,0,1,0,0,1,2,44.75511123295525,1.999804864317964,5,0,4.4,0.22,282.1
GT,Casa,3,6,2,0,1,0,0,0,1,1,1,2,0.0,4.273881856960716,6,1,4.4,1.7,308.4
AR,Departamento,0,1,1,0,1,0,1,0,0,1,0,3,24.28695823630999,1.0512300093617215,6,0,8.4,85.0,403.0
US,Casa,0,1,1,0,1,1,1,1,1,1,0,2,30.770955633664208,4.56604301191115,8,0,11.7,0.16,631.2
US,Casa,2,5,2,0,0,0,1,0,0,1,0,3,42.18714464517398,5.281460126972378,5,0,4.0,0.16,354.5
SV,Casa,2,5,2,1,0,1,0,0,0,1,0,3,30.214355922682763,0.0,5,1,3.3,0.19,300.1
PA,Casa,4,8,4,1,0,1,0,0,1,1,0,1,0.0,1.9877285547576278,4,1,3.3,0.17,358.1
MX,Casa,3,7,2,0,0,0,1,0,0,1,1,2,9.484370054615614,3.3981589211562864,5,0,4.0,1.2,344.7
DO,Casa,1,3,1,0,0,1,0,0,1,1,0,3,30.322202605548654,3.0329740958579756,6,0,3.3,12.5,298.4
NI,Departamento,3,10,7,2,1,0,1,0,0,1,1,2,31.165172862504722,1.7462730692561161,6,1,8.4,7.5,655.4
GT,Casa,2,7,2,2,1,0,0,1,0,1,1,4,14.100912608700305,4.175073373279058,8,1,4.4,1.7,374.8
CO,Departamento,4,9,3,2,0,0,1,1,0,1,0,2,25.80878314264546,4.203672532171238,5,0,4.0,820.0,417.4
AR,Casa pareada,3,4,3,1,0,1,0,0,1,1,0,3,13.12154054975707,6.331540194712679,6,1,3.3,85.0,365.6
CR,Casa,3,6,4,3,0,1,0,0,1,1,1,3,7.470598828959671,6.260229505340062,7,1,3.3,145.0,462.7
AR,Departamento,2,4,2,0,0,0,1,0,1,1,0,3,26.622598757704033,4.195566295347028,6,0,4.0,85.0,360.1
DO,Casa,2,6,2,1,1,1,0,0,1,1,1,2,10.12423877371231,3.8608959230496422,7,1,7.7,12.5,480.2
HT,Casa,5,14,3,1,1,0,1,0,1,1,0,1,14.704809634321945,2.8269991769016127,5,1,8.4,0.14,489.6
EC,Casa,2,2,1,1,0,0,1,1,0,1,0,1,30.867076220654937,2.8122008368266025,4,0,4.0,0.1,326.9
US,Casa,3,8,3,1,1,1,1,1,0,1,0,2,39.42620128819636,3.9751841456434267,7,1,11.7,0.16,680.9
BR,Otro,1,1,1,0,0,0,0,0,0,1,1,3,10.539698121601592,0.6936962242377596,5,0,0.0,0.75,129.2
US,Casa,4,10,4,5,0,0,1,0,0,1,0,2,0.0,3.349720494503177,4,0,4.0,0.16,425.4
VE,Casa,3,9,3,1,0,0,0,0,1,1,1,2,36.86172985746181,1.8547894384339807,5,0,0.0,0.01,256.4
HT,Casa,3,8,4,0,0,0,1,0,0,1,1,4,18.42397007607881,1.5836130749236657,7,0,4.0,0.14,421.6
NI,Departamento,3,9,1,0,0,0,1,0,0,1,0,2,18.38332344213053,3.3968658669457463,4,0,4.0,7.5,277.6
AR,Casa,1,4,1,0,1,0,0,0,1,1,0,1,19.575831201994866,1.4249378378332016,4,0,4.4,85.0,230.6
CO,Casa,3,7,2,0,0,1,0,0,1,1,0,2,13.664491644886093,0.6363047941203224,5,1,3.3,820.0,290.4
HT,Departamento,4,10,4,3,1,1,1,0,1,1,0,2,22.678617846678435,1.519560140809785,7,1,11.7,0.14,706.2
SV,Casa,2,9,4,0,1,0,0,1,0,1,1,3,40.89051583278826,5.384594767070098,7,1,4.4,0.19,437.4
PA,Casa,4,9,5,2,0,0,0,1,0,1,0,2,27.222251549233615,3.400245904934609,4,0,0.0,0.17,295.2
SV,Casa pareada,2,6,4,1,0,1,0,1,1,1,0,1,29.927923254543842,1.608542080250398,5,1,3.3,0.19,410.0
CL,Casa,0,3,1,0,0,0,1,1,1,1,1,2,7.1067356876762275,6.723405381723619,7,0,4.0,150.0,397.1
GT,Departamento,4,14,5,2,0,1,0,0,1,1,0,1,26.313202887739365,3.53074953618885,4,1,3.3,1.7,421.6
PA,Casa,2,5,1,0,1,0,1,1,0,1,0,1,14.972358299389562,3.9719327239959537,5,0,8.4,0.17,429.6
CR,Casa,2,6,2,0,1,0,0,1,0,1,0,3,21.369250850220073,4.33068960821335,6,1,4.4,145.0,303.4
UY,Departamento,3,7,2,0,1,1,1,0,1,1,0,4,17.301988805273915,4.465360896228449,9,1,11.7,8.5,625.4
CU,Departamento,3,9,1,1,1,1,0,1,0,1,0,1,16.786626448529322,3.734650388458693,5,1,7.7,0.09,412.8
AR,Departamento,3,11,4,1,0,0,1,1,0,1,0,0,0.0,3.6630715265029665,3,0,4.0,85.0,406.8
SV,Casa pareada,0,2,1,0,1,0,0,0,1,1,1,4,29.737854874376467,2.96042120802506,8,0,4.4,0.19,326.2
CO,Casa,1,4,2,0,0,1,0,1,1,1,0,2,22.918612035602045,2.2917503151794367,6,1,3.3,820.0,345.4
BR,Casa,3,8,8,0,0,0,0,1,1,1,1,2,2.784772590060232,0.46833694818101,6,0,0.0,0.75,396.6
BR,Casa,3,8,2,0,1,1,0,1,0,1,0,2,17.333603776902887,5.089884606197996,6,1,7.7,0.75,441.9
VE,Casa,3,9,1,0,0,1,1,0,0,1,1,2,41.58982230696907,5.353415238524061,6,0,7.3,0.01,498.8
SV,Departamento,3,6,2,0,0,1,0,1,0,1,0,2,7.111499701208688,4.64307405186009,5,1,3.3,0.19,311.9
BO,Departamento,4,7,7,0,0,0,0,0,1,1,1,2,22.388910580778624,2.954624117283188,5,0,0.0,0.6,353.8
AR,Departamento,4,7,4,0,1,0,0,0,0,1,1,1,18.845862752888507,3.6336431689019943,4,1,4.4,85.0,344.3
PE,Casa,0,2,1,0,1,1,0,0,0,1,0,1,16.96097865078649,3.7919725522365173,4,0,7.7,0.62,358.1
HN,Casa,2,5,3,0,1,1,0,0,0,1,0,1,31.08627197461166,4.785267069287268,4,1,7.7,3.5,428.3
EC,Otro,4,6,1,3,0,1,0,1,0,1,1,1,21.721772158925692,3.799300811961049,5,1,3.3,0.1,370.4
US,Departamento,2,4,4,0,0,0,1,1,0,1,1,2,19.89576203421771,2.204626481345522,6,0,4.0,0.16,448.5
HN,Casa,3,6,1,1,0,1,1,0,0,1,0,1,21.372489766825524,2.444190168624809,4,1,7.3,3.5,429.8
US,Casa móvil,3,11,2,1,1,0,1,0,0,1,0,2,28.85810139575387,4.632159439126248,5,1,8.4,0.16,456.2
VE,Departamento,4,10,4,0,0,0,1,0,0,1,1,1,14.292782676888773,1.943346780897504,4,0,4.0,0.01,395.8
AR,Casa,3,7,2,0,1,1,0,0,1,1,1,3,20.169222532830762,0.04214453422350939,8,1,7.7,85.0,466.6
PA,Casa,2,3,1,1,0,0,0,0,0,1,0,2,31.65088787327389,3.9400168236779196,3,0,0.0,0.17,126.2
JM,Casa,2,6,3,0,0,0,1,0,0,1,1,4,17.277572042917498,1.631090711838313,7,0,4.0,0.35,389.8
CR,Departamento,1,1,1,0,0,0,1,0,1,1,0,1,4.784682259210944,4.051976367308592,4,0,4.0,145.0,296.2
BO,Otro,4,12,3,0,0,0,0,0,0,1,0,2,14.067508076182852,1.6224933783884306,3,0,0.0,0.6,146.3
CU,Casa,3,7,1,4,1,1,0,0,1,1,1,2,8.679943772537557,4.876447675627698,7,1,7.7,0.09,498.3
BO,Casa,3,10,3,0,1,0,1,1,1,1,0,2,14.160999265109966,4.612441775837948,7,1,8.4,0.6,528.8
VE,Otro,3,7,4,1,0,0,0,0,1,1,0,0,0.0,2.71068306016486,2,0,0.0,0.01,212.7
BR,Departamento,3,7,5,2,0,0,0,1,0,1,0,2,14.41174761533666,2.7499494093042083,4,0,0.0,0.75,281.5
PA,Casa,2,6,2,1,1,1,0,1,0,0,0,2,10.420357774763286,3.4171818295940706,5,1,7.7,0.17,407.9
PY,Casa,4,11,4,0,1,0,0,0,0,1,0,2,33.92860133211181,0.6043393208723158,4,1,4.4,185.0,308.2
HT,Casa,2,6,3,0,0,0,0,1,1,1,0,1,26.91168535257887,3.6061541243456285,4,0,0.0,0.14,223.8
MX,Casa pareada,3,3,2,1,1,1,0,0,0,1,0,2,15.70462018102809,1.9925305993621916,5,1,7.7,1.2,402.2
PE,Casa,0,1,1,0,0,0,0,0,1,1,0,3,25.485411113532397,0.0,5,0,0.0,0.62,130.7
ES,Casa,5,13,5,2,0,1,0,0,0,1,0,3,11.60397001122312,3.5585298796902762,5,1,3.3,0.27,396.7
ES,Casa,3,8,2,1,0,1,0,0,0,1,0,3,22.06735591611736,3.898006394807965,5,1,3.3,0.27,306.5
AR,Casa pareada,1,6,2,0,1,0,1,0,0,1,0,3,8.207575807042327,3.205029440858484,6,1,8.4,85.0,421.7
GT,Casa,3,9,1,3,0,1,1,1,0,1,0,2,16.952788190075736,2.0037996023161653,6,1,7.3,1.7,504.0
DO,Casa,2,5,4,0,0,1,1,0,0,1,0,2,32.44707665832734,1.6074261442029938,5,1,7.3,12.5,520.4
SV,Casa pareada,3,8,7,0,0,0,1,1,0,1,0,4,26.78640946881716,2.8462484464520506,7,0,4.0,0.19,526.6
CO,Casa,3,5,3,1,1,0,1,0,0,1,1,1,14.747967484046931,5.45992033923682,5,1,8.4,820.0,515.4
UY,Departamento,2,7,3,0,1,0,0,0,0,1,0,2,14.96529794104237,3.987413907906748,4,1,4.4,8.5,276.6
DO,Casa,4,9,2,2,0,0,0,0,0,1,0,2,17.103546065583537,3.1204298115110642,3,0,0.0,12.5,155.3
DO,Casa,0,1,1,0,0,1,1,0,1,1,1,2,35.515635670896785,0.7619162287694339,7,0,7.3,12.5,504.1
VE,Departamento,1,5,4,0,0,1,1,0,0,1,1,1,32.43341502973608,1.8105686602043372,5,1,7.3,0.01,551.4
VE,Casa,3,10,6,0,0,1,0,1,0,1,1,2,20.421585575765338,0.0,6,1,3.3,0.01,468.0
CL,Casa,1,3,2,0,1,1,0,0,0,1,0,4,16.218791268676807,0.29339636583020123,7,1,7.7,150.0,395.6
MX,Departamento,2,9,3,1,0,1,0,0,1,1,0,1,21.046108971158354,0.1300077119004781,4,1,3.3,1.2,329.8
CU,Casa,2,7,1,2,0,0,1,1,0,1,0,3,19.437341457347408,1.4636798171841734,6,0,4.0,0.09,349.2
VE,Departamento,1,3,1,0,0,0,0,1,1,1,0,1,31.331909788418905,5.245023744313729,4,0,0.0,0.01,172.7
ES,Otro,3,9,3,0,1,0,0,0,1,1,0,2,21.01033322524254,3.825358155934807,5,1,4.4,0.27,311.1
BR,Departamento,3,9,1,0,0,1,1,0,0,1,0,2,24.06900771699909,4.573623054252396,5,0,7.3,0.75,436.0
UY,Casa,2,7,5,0,0,0,0,0,0,1,0,3,28.031828201810356,3.2843059021790486,4,0,0.0,8.5,237.9
BR,Casa,5,8,8,0,0,0,0,0,0,1,0,1,35.28758169376282,4.0620982980152025,2,0,0.0,0.75,309.1
CL,Casa pareada,4,9,2,1,1,1,0,1,0,1,0,1,18.421009823034254,1.3484904922359724,5,1,7.7,150.0,433.3
PR,Departamento,1,3,1,0,0,1,1,0,0,1,1,2,37.69149172019202,1.4931567827550296,6,0,7.3,0.22,479.0
PR,Casa,1,1,3,0,1,0,1,0,0,1,0,2,22.85596037332799,2.708041811701447,5,1,8.4,0.22,457.8
UY,Casa pareada,2,1,1,0,1,0,0,0,0,1,0,1,13.436926472046817,1.358161147412148,3,0,4.4,8.5,197.6
CO,Casa,2,6,2,1,0,0,0,0,1,1,1,2,11.624745045272652,1.7019722806993647,5,0,0.0,820.0,204.3
CO,Casa,2,6,1,1,1,0,0,0,0,1,0,3,22.44628784879852,3.7821540746462547,5,1,4.4,820.0,247.3
SV,Casa,2,7,4,0,1,0,1,1,0,1,0,2,16.399907466825322,2.5814613697674913,6,1,8.4,0.19,521.9
ES,Casa,2,3,2,1,0,1,0,0,0,1,0,2,24.802733482457057,3.512941728091569,4,1,3.3,0.27,297.1
BO,Casa,2,2,1,1,1,0,1,0,0,1,0,3,8.59586980626625,3.5818111967456185,6,1,8.4,0.6,408.8
HN,Casa,3,6,2,0,0,0,1,1,1,1,1,1,37.45770855698467,1.2777677657293642,6,0,4.0,3.5,412.9
DO,Casa,3,10,1,2,0,1,0,0,1,1,0,2,10.82986848941508,3.550271642739114,5,1,3.3,12.5,300.4
CO,Casa,2,9,2,1,0,1,1,1,0,1,0,2,9.175833115232182,2.765432433332387,6,1,7.3,820.0,500.6
MX,Casa,3,11,1,0,0,0,0,1,0,1,0,4,22.283282336866733,3.442259041823026,6,0,0.0,1.2,161.5
GT,Departamento,3,7,3,1,1,0,0,0,0,1,0,2,28.491892963149606,4.486275640269337,4,1,4.4,1.7,305.2
MX,Casa móvil,1,4,1,0,0,1,1,0,0,1,0,1,26.50756898675428,1.2304787778556023,4,0,7.3,1.2,411.7
CO,Casa,3,9,7,0,0,0,0,0,1,1,0,2,21.530679745517727,4.572349373085027,4,0,0.0,820.0,315.4
PE,Casa,3,6,4,1,0,0,1,0,1,1,1,1,18.8769317363025,2.7861356430509883,5,0,4.0,0.62,446.4
CU,Otro,3,9,1,2,0,1,0,0,0,1,0,4,27.72111378774016,3.116364910673529,6,1,3.3,0.09,307.8
CO,Casa pareada,2,8,5,0,0,1,0,0,1,1,0,1,29.613087693170126,4.068247291108579,4,1,3.3,820.0,395.3
PE,Casa,2,6,1,0,0,1,0,0,0,1,0,2,20.06323989816705,4.046928238722228,4,0,3.3,0.62,250.3
EC,Casa,3,10,2,3,1,0,0,0,1,1,0,2,19.670811420383306,3.194627417695475,5,1,4.4,0.1,322.3
NI,Casa,3,9,4,1,1,1,0,1,0,1,0,1,23.88526305246165,1.354600822707214,5,1,7.7,7.5,495.6
CU,Departamento,2,7,2,0,1,0,1,0,0,1,1,2,45.595284566657085,1.861797720716474,6,1,8.4,0.09,488.1
SV,Departamento,5,9,7,3,1,0,1,0,1,1,1,3,7.042271211927806,4.0064804212431,8,1,8.4,0.19,693.4
CL,Departamento,0,1,4,0,1,1,0,0,0,1,0,3,18.918259782533,2.4719126557022446,6,1,7.7,150.0,460.7
US,Departamento,4,8,4,1,1,0,0,0,0,1,0,2,22.71063584288509,4.277848903147772,4,1,4.4,0.16,329.4
JM,Casa,2,5,2,0,0,0,0,0,1,1,0,1,10.752673002890118,0.9512332198171487,3,0,0.0,0.35,135.4
GT,Casa,2,6,2,0,1,0,1,0,0,1,0,1,32.630383091265884,2.147528648422365,4,1,8.4,1.7,419.1
EC,Departamento,2,8,4,0,0,0,1,1,1,1,0,3,12.68362145156565,5.715530822426339,7,0,4.0,0.1,449.0
US,Casa,2,8,3,3,0,0,1,0,1,1,0,2,13.573581335331614,2.4776954289966557,5,0,4.0,0.16,404.7
PY,Casa,1,6,1,0,0,1,1,0,0,1,0,1,16.72047912692028,3.220372145888823,4,0,7.3,185.0,416.1
HN,Departamento,2,3,2,1,0,1,0,0,1,1,0,0,0.0,4.256982492417253,3,1,3.3,3.5,307.8
NI,Casa móvil,5,14,1,1,1,0,0,0,0,1,0,1,2.5270366699191484,3.6651265781786977,3,1,4.4,7.5,217.9
UY,Departamento,2,7,1,0,0,0,0,1,0,1,0,3,24.293197324265748,4.65247510074774,5,0,0.0,8.5,159.1
CR,Casa,4,13,4,2,0,0,0,0,1,1,0,3,24.168376924207596,1.4919042507041216,5,0,0.0,145.0,255.4
HN,Departamento,3,9,1,1,0,1,1,0,0,1,0,1,15.167720718704722,5.229844880979735,4,1,7.3,3.5,439.1
SV,Casa,3,9,4,2,0,0,1,1,0,1,1,2,19.487970987920452,0.6105682123908354,6,0,4.0,0.19,471.3
GT,Departamento,3,6,1,0,0,0,0,0,0,1,0,2,25.19769548046467,1.6250732763253073,3,0,0.0,1.7,95.8
VE,Casa,1,4,2,0,0,0,0,0,0,1,0,1,33.380090522100815,2.7700214119150086,2,0,0.0,0.01,122.8
NI,Casa pareada,2,4,1,0,0,0,0,1,1,1,1,2,24.1961025978337,1.0522136312251573,6,0,0.0,7.5,207.3
JM,Casa pareada,1,5,1,0,0,0,0,0,0,1,0,3,22.48509443507107,4.351186886233551,4,0,0.0,0.35,115.4
PE,Departamento,2,4,2,0,0,0,0,1,0,1,0,2,27.80073950247865,2.459309864779601,4,0,0.0,0.62,171.6
HN,Casa,3,9,1,1,1,0,1,0,0,1,0,2,29.076746150282286,1.5282507428751388,5,1,8.4,3.5,413.1
CO,Casa,1,3,1,0,0,1,0,0,0,1,1,3,44.32956284679926,4.054193683433126,6,0,3.3,820.0,335.1
GT,Departamento,3,7,2,2,0,0,0,0,1,0,0,1,14.724591499219716,2.5342756767106205,2,0,0.0,1.7,137.9
HT,Departamento,0,3,1,0,0,0,1,0,0,1,1,1,33.56162383886032,0.9730837463172941,4,0,4.0,0.14,309.8
UY,Departamento,3,8,2,0,0,0,0,0,0,0,0,1,31.25611026209709,2.1258768583966647,1,0,0.0,8.5,83.1
EC,Casa,2,3,3,0,0,1,0,0,1,1,0,1,31.532370381923354,2.056771695096912,4,1,3.3,0.1,327.5
UY,Casa,4,9,7,4,0,0,1,0,0,1,0,1,35.55992447210426,3.7274943145385633,3,0,4.0,8.5,517.8
PA,Departamento,2,4,3,1,0,0,1,0,1,1,0,2,14.861168187660134,4.667604988272684,5,0,4.0,0.17,385.1
VE,Casa,3,7,2,0,0,1,1,0,1,1,0,1,28.21789423933087,4.80170342285437,5,1,7.3,0.01,487.9
CL,Casa,4,7,2,1,0,0,1,0,0,1,1,2,12.984325252305046,3.799551427473782,5,0,4.0,150.0,364.4
CU,Casa,3,9,5,0,1,0,0,0,0,1,1,2,24.059208848619836,4.051697549407656,5,1,4.4,0.09,389.2
BR,Casa pareada,3,6,6,0,0,1,0,1,0,1,0,2,27.51951570704327,0.0,5,1,3.3,0.75,429.4
EC,Casa,3,8,6,2,0,0,1,0,0,1,0,2,13.891296246356628,2.926481975603365,4,0,4.0,0.1,451.8
NI,Casa pareada,5,14,9,1,0,0,0,1,1,1,1,2,18.81697424983779,1.4897580360145444,6,0,0.0,7.5,459.6
CO,Casa,5,9,2,2,0,0,0,1,1,1,0,1,14.322255403590532,3.0882225299736827,4,0,0.0,820.0,216.2
CR,Departamento,2,5,1,0,0,1,0,0,0,1,1,3,13.322027457343129,4.134240296309363,6,0,3.3,145.0,296.0
HT,Casa,0,1,1,0,0,1,1,1,1,1,0,2,14.270535281548987,5.7200127388049875,7,0,7.3,0.14,502.7
SV,Casa pareada,2,6,3,0,0,0,1,1,1,1,0,2,19.76422537844946,1.0296627327230263,6,0,4.0,0.19,398.8
PY,Casa,4,11,4,2,0,0,0,1,0,1,0,1,10.586682443670817,1.0093082857478792,3,0,0.0,185.0,235.6
CR,Departamento,5,9,1,1,0,0,0,0,1,1,1,3,16.588745061896375,0.8183808706394968,6,0,0.0,145.0,182.5
ES,Departamento,3,9,4,1,0,1,1,0,1,0,1,1,22.314333307043608,1.8134847610295444,5,1,7.3,0.27,556.2
CR,Departamento,5,12,2,2,0,0,0,0,0,1,0,2,22.78120008266731,3.363804427505583,3,0,0.0,145.0,161.2
US,Departamento,0,1,1,0,1,0,0,0,1,1,0,1,0.0,4.16683894340726,4,0,4.4,0.16,233.3
VE,Casa,2,6,1,1,0,0,0,0,0,1,1,2,29.65387330726293,1.8291834444130535,4,0,0.0,0.01,160.1
PA,Otro,2,7,2,0,1,0,0,0,0,1,0,1,26.095856814126602,3.0990335207647126,3,1,4.4,0.17,240.5
VE,Casa,2,5,2,1,0,1,1,1,1,1,0,1,12.834640211704619,3.2239530249770327,6,1,7.3,0.01,529.6
HN,Casa,4,8,3,0,0,0,0,0,1,1,0,2,30.028569747749874,5.354694510938608,4,0,0.0,3.5,206.0
JM,Departamento,5,14,5,1,0,1,0,0,1,0,0,1,33.77302655890228,3.730633370006285,3,1,3.3,0.35,374.6
PE,Casa,1,4,3,0,0,0,1,0,1,1,0,1,28.124162516419723,6.258642546786831,4,0,4.0,0.62,375.6
HT,Casa,3,9,3,0,0,1,1,1,1,0,0,1,26.266443535564413,3.3211810180021883,5,1,7.3,0.14,514.8
CR,Departamento,4,9,5,4,1,1,0,1,0,1,0,1,19.935882471222495,1.487646761270924,5,1,7.7,145.0,569.5
GT,Casa,1,2,1,0,1,1,1,1,0,1,1,1,14.597392546436247,2.8479859052474383,7,0,11.7,1.7,617.7
SV,Casa,1,2,2,0,0,0,0,0,0,1,1,3,20.312958748811457,3.6470423786155486,5,0,0.0,0.19,184.3
BR,Casa,2,2,1,0,1,1,1,0,1,0,0,1,25.856219858989306,0.3221072966615206,5,0,11.7,0.75,521.0
PA,Casa,2,3,5,0,0,0,1,1,1,1,0,1,34.42891692514621,3.26631179782056,5,0,4.0,0.17,465.5
CU,Departamento,2,5,4,0,0,0,1,0,0,0,0,1,22.37014796122748,3.7211702746639728,2,0,4.0,0.09,326.2
DO,Departamento,4,9,3,0,1,0,0,0,1,1,0,1,33.71743822473672,3.0865716238192142,4,1,4.4,12.5,303.7
US,Casa,1,5,1,0,0,0,0,1,1,1,0,3,25.360351912265706,3.095272765147503,6,0,0.0,0.16,183.9
BR,Casa pareada,4,10,2,2,1,0,0,1,1,1,0,2,20.533911154161995,2.3960892858709086,6,1,4.4,0.75,344.7
DO,Casa,3,10,4,0,1,0,0,1,1,1,0,3,6.397509790934775,2.1420187735950083,7,1,4.4,12.5,365.0
CU,Departamento,0,5,1,0,1,0,0,0,1,1,0,1,19.291379908373507,0.10994196758890507,4,0,4.4,0.09,224.9
CR,Casa,2,3,1,1,1,0,0,0,0,1,0,1,19.785975669021028,2.1474727924574544,3,1,4.4,145.0,218.7
UY,Departamento,2,7,2,0,0,1,0,1,0,1,0,1,19.67352458579638,4.639473706658983,4,1,3.3,8.5,313.5
CR,Departamento,3,6,5,1,1,0,0,1,1,1,0,1,13.141962931008443,4.327860071336623,5,1,4.4,145.0,415.4
CO,Departamento,2,6,1,0,0,0,0,1,0,1,1,3,22.149220591042084,5.0684067459668345,6,0,0.0,820.0,202.8
MX,Departamento,2,6,4,1,1,0,1,0,0,1,0,1,17.12197708051646,3.057612126552778,4,1,8.4,1.2,491.5
PR,Casa,4,8,2,1,0,1,1,0,0,1,0,1,9.982979356272402,2.8383012969695356,4,1,7.3,0.22,456.6
HT,Departamento,3,8,4,1,0,0,0,0,0,1,0,1,33.05925908632233,5.002342235182306,2,0,0.0,0.14,207.2
EC,Casa,4,5,1,4,1,0,0,0,0,1,0,1,39.988278176539,2.4725866999790225,3,1,4.4,0.1,273.7
DO,Departamento,3,10,1,0,1,1,1,0,1,1,0,3,24.802433341567212,1.7055734746142992,8,0,11.7,12.5,585.0
JM,Casa,4,12,2,0,0,0,1,0,0,1,0,4,37.214234891089006,2.472140302797611,6,0,4.0,0.35,352.6
BO,Otro,4,12,2,1,1,0,0,0,1,1,0,2,19.317618911360007,3.909815754019339,5,1,4.4,0.6,295.1
CL,Casa pareada,3,9,1,2,0,0,0,0,1,1,1,2,11.640270563165814,1.6697467959553576,5,0,0.0,150.0,189.2
UY,Casa,4,11,5,0,0,0,1,0,0,1,0,2,19.44113947103244,3.6611124054941433,4,0,4.0,8.5,399.6
MX,Casa,4,11,5,1,1,0,0,0,0,1,0,2,9.215016628929947,3.5824149589612464,4,1,4.4,1.2,345.0
GT,Casa pareada,3,4,5,0,0,1,1,0,1,1,0,3,29.781548498345284,0.6546691067780053,7,1,7.3,1.7,587.5
PE,Departamento,2,3,1,0,0,0,0,0,0,1,1,3,9.038327652933996,0.7922396691938154,5,0,0.0,0.62,127.7
CO,Departamento,2,1,1,1,0,0,1,1,1,1,1,4,37.105759089922536,5.298740957188523,9,0,4.0,820.0,464.4
HN,Casa,4,9,1,1,0,1,0,1,0,0,0,4,28.725686809157047,4.252154428092156,6,1,3.3,3.5,303.4
CL,Departamento,2,1,3,0,0,0,1,1,0,1,0,1,25.377837069011182,5.373599329037191,4,0,4.0,150.0,380.6
BR,Otro,3,10,4,0,0,0,0,1,1,1,0,1,1.403235091773464,3.8915641283547924,4,0,0.0,0.75,244.2
AR,Casa,2,5,5,0,0,0,0,0,1,1,1,2,24.449421420656982,4.936803915974163,5,0,0.0,85.0,304.1
CR,Departamento,5,15,5,0,0,0,1,0,1,1,1,2,40.35857281244296,2.69634273831448,6,0,4.0,145.0,488.0
CL,Casa,4,12,2,1,0,0,0,0,0,1,1,3,29.247938033643067,5.682874528181036,5,0,0.0,150.0,219.4
JM,Departamento,1,4,2,0,1,1,0,0,0,1,0,2,29.45877088714622,3.645082711009283,5,1,7.7,0.35,405.9
US,Casa,2,5,1,1,1,0,1,0,0,1,0,2,18.143787990615238,0.03714798534872443,5,1,8.4,0.16,397.4
VE,Casa,3,9,1,1,1,0,0,0,0,1,0,1,17.831525149332276,4.311791072118547,3,1,4.4,0.01,227.2
US,Casa,4,12,6,1,0,0,0,0,1,1,1,3,16.548034511403277,4.472483451928234,6,0,0.0,0.16,348.1
DO,Casa,3,7,5,0,0,1,1,0,1,1,0,3,32.00461693483525,3.5299391527923625,7,1,7.3,12.5,602.6
CL,Departamento,3,9,4,0,0,0,1,0,1,1,0,2,20.222606029152697,1.5063928333094896,5,0,4.0,150.0,391.1
PA,Departamento,1,2,1,0,0,1,0,0,1,1,0,3,26.77325013921769,3.674380536949962,6,0,3.3,0.17,296.6
VE,Casa,3,7,1,0,1,0,0,1,0,1,0,4,6.6155472225033485,3.7426682687563044,7,0,4.4,0.01,255.6
SV,Casa pareada,2,1,2,0,0,0,0,0,0,1,1,1,3.7673181153959163,2.6929304922937565,3,0,0.0,0.19,154.5
BO,Casa,4,11,4,0,1,1,0,0,1,1,1,2,10.795936917300278,2.656356801801052,7,1,7.7,0.6,520.6
PY,Departamento,4,12,4,2,1,1,1,0,1,1,1,1,23.865179354324532,2.46031261907828,7,1,11.7,185.0,730.0
BR,Casa,1,5,1,0,0,0,1,1,0,1,0,3,25.629931670346558,2.0917695221745953,6,0,4.0,0.75,329.8
CR,Casa,3,7,3,2,0,0,0,1,0,1,0,0,0.0,3.863338399964439,2,0,0.0,145.0,212.6
PE,Departamento,2,7,1,0,0,0,0,0,1,1,1,2,22.91247125365683,4.162256632188634,5,0,0.0,0.62,179.4
CO,Departamento,4,9,5,4,1,0,0,0,1,1,0,3,19.57707127487356,3.468300684950305,6,1,4.4,820.0,437.4
CU,Departamento,2,7,2,0,0,0,0,0,1,1,1,2,23.382447744369443,3.278739304875721,5,0,0.0,0.09,206.1
US,Casa,4,11,4,2,1,0,0,0,0,1,0,4,25.796498317694024,4.220021152420195,6,1,4.4,0.16,370.1
EC,Casa,2,7,4,0,0,0,0,0,0,1,0,1,18.720765419944993,1.2913388038960805,2,0,0.0,0.1,170.2
CR,Departamento,1,5,3,0,0,0,1,1,0,1,0,1,23.89131529189429,1.8087815061187957,4,0,4.0,145.0,364.7
JM,Casa,4,10,2,3,0,0,1,0,1,1,0,2,32.29569737679694,2.9210321537425346,5,0,4.0,0.35,392.5
VE,Departamento,1,6,3,0,0,0,0,0,1,1,0,2,22.2186433837718,3.39970513295472,4,0,0.0,0.01,190.9
AR,Casa,3,8,6,1,0,0,1,0,0,1,1,1,30.05951290574182,4.0601680012662875,4,0,4.0,85.0,486.5
SV,Departamento,1,7,1,0,0,1,1,0,1,1,0,1,14.299875676728707,7.384204963857047,5,0,7.3,0.19,461.4
BO,Casa móvil,4,11,5,2,1,1,0,0,0,1,0,1,2.894475038149661,5.895950066503207,4,1,7.7,0.6,511.1
ES,Casa,4,12,5,0,0,0,0,0,0,1,0,1,9.570636607020663,1.862001405991872,2,0,0.0,0.27,198.8
PE,Casa,3,7,5,2,1,0,0,0,0,1,0,1,38.11657186535951,4.005921128682644,3,1,4.4,0.62,369.4
PR,Departamento,2,6,1,4,0,1,0,1,0,1,0,2,3.9145807358328284,2.337610061128387,5,1,3.3,0.22,329.4
PA,Casa,3,10,1,0,1,0,0,0,1,1,0,2,32.58471564014041,3.389634580406188,5,0,4.4,0.17,259.1
UY,Casa,4,7,8,3,0,0,1,0,0,0,1,1,3.3895974196237866,1.7205310680117698,3,0,4.0,8.5,519.2
CL,Casa,3,11,4,0,0,1,0,0,1,1,0,2,37.83959178871574,3.7528849495824304,5,1,3.3,150.0,384.2
VE,Casa,1,4,1,0,0,0,0,1,0,1,0,3,16.345681426013336,0.3688946223649303,5,0,0.0,0.01,130.6
PE,Departamento,4,13,2,2,0,1,1,0,0,1,0,2,17.299071522420984,1.461806137435217,5,1,7.3,0.62,476.9
BR,Casa,3,4,5,0,0,0,0,0,0,1,0,2,16.002660096111047,3.1613976799094523,3,0,0.0,0.75,214.6
EC,Casa,5,10,6,0,0,1,1,0,0,1,0,2,19.66443059625845,3.187970762233156,5,1,7.3,0.1,576.3
CL,Casa,3,9,4,0,0,1,1,0,1,1,0,2,20.97000575454276,1.0989016350604146,6,1,7.3,150.0,538.5
BO,Casa,2,4,4,0,0,0,0,0,0,1,1,1,23.170087616447045,0.6319753557722629,3,0,0.0,0.6,213.9
HN,Casa pareada,3,7,1,0,1,1,1,0,1,1,0,1,4.979480767310584,3.2233432171591416,6,0,11.7,3.5,560.6
CU,Departamento,3,7,2,1,1,0,1,0,0,1,0,1,33.95780958687207,5.490091099314466,4,1,8.4,0.09,449.1
PE,Departamento,2,5,2,0,1,0,1,1,0,1,0,2,19.367551865989615,1.7613338550348376,6,1,8.4,0.62,460.9
PY,Departamento,2,5,2,0,0,1,0,0,0,1,0,2,3.3814593324808477,4.7718387545807275,4,1,3.3,185.0,269.3
BR,Otro,4,12,6,0,0,0,0,0,0,1,0,1,30.489351625851082,0.8349893359079172,2,0,0.0,0.75,233.2
CU,Casa,1,6,2,0,1,0,0,0,0,1,0,2,8.01073646058897,1.8164722867489767,4,1,4.4,0.09,231.4
BO,Departamento,1,4,2,0,0,0,1,0,0,1,0,3,1.956238896637359,2.937375438747966,5,0,4.0,0.6,293.2
UY,Departamento,3,7,2,0,1,0,1,0,0,1,0,1,0.029781100456936827,5.493892141355047,4,1,8.4,8.5,419.7
CO,Casa,3,10,2,2,0,0,1,0,1,1,0,1,9.170180267952508,2.0850144582282173,4,0,4.0,820.0,349.6
JM,Departamento,3,7,5,2,0,1,0,0,1,1,0,2,20.112088594795157,4.011296640849095,5,1,3.3,0.35,430.3
HT,Casa,3,9,2,0,1,0,0,1,1,1,0,2,8.732249530106575,2.4180488004090286,6,1,4.4,0.14,304.8
BO,Casa,3,9,2,0,0,0,1,0,0,1,1,1,15.528399070647662,2.7403877125023364,4,0,4.0,0.6,339.7
CU,Casa,2,5,4,0,0,0,0,0,0,1,1,4,8.198800582988872,3.3266263841354844,6,0,0.0,0.09,231.7
DO,Casa,2,4,1,1,0,0,1,1,0,1,0,2,28.750835514586765,0.7355027149080708,5,0,4.0,12.5,330.1
PY,Departamento,2,5,1,0,0,0,0,0,0,1,1,3,27.653441719145007,1.86960137029361,5,0,0.0,185.0,156.0
PA,Otro,3,6,2,1,0,0,0,1,1,1,0,0,0.0,3.263662873860067,3,0,0.0,0.17,195.2
NI,Casa,4,11,2,0,0,1,1,0,1,1,1,2,27.101624782657503,3.812503726605195,7,1,7.3,7.5,540.0
SV,Casa,2,4,3,1,1,0,0,1,0,1,0,1,21.096401941573326,0.9529005249039608,4,1,4.4,0.19,314.2
PY,Casa,3,4,4,1,0,0,1,1,0,1,0,2,8.838725770908024,2.38221312595264,5,0,4.0,185.0,410.2
US,Casa,3,7,1,0,0,1,0,0,1,1,0,1,27.790032488823734,4.084529972798708,4,0,3.3,0.16,274.6
BR,Casa,3,7,1,0,1,0,0,0,0,1,0,2,26.04210347231845,3.8208563945076595,4,0,4.4,0.75,225.3
PA,Casa,2,5,4,1,0,0,0,1,1,0,1,1,20.44868391828119,5.532397251661006,4,0,0.0,0.17,282.9
MX,Otro,2,4,2,1,0,0,1,0,0,1,0,2,11.198017183259836,4.5564147171324985,4,0,4.0,1.2,321.5
PY,Casa,1,3,1,0,0,1,0,0,0,1,1,2,29.516565657248655,2.4340528682088367,5,0,3.3,185.0,296.1
PE,Departamento,3,6,1,0,0,0,1,0,1,1,0,3,19.18736924618372,2.059193378684836,6,0,4.0,0.62,311.5
CL,Casa pareada,3,6,5,1,0,0,0,0,1,1,1,4,26.301657072365295,3.0353781508251254,7,0,0.0,150.0,336.3
VE,Departamento,3,9,4,2,0,0,0,1,1,1,0,2,25.887585974595183,2.5148499874699115,5,0,0.0,0.01,290.4
CU,Casa,1,3,1,0,0,0,0,0,0,1,0,2,24.861434682774735,3.7415444757921072,3,0,0.0,0.09,104.6
BO,Casa,4,14,4,2,1,1,1,0,0,1,0,1,22.80472738844605,3.586177935413777,5,1,11.7,0.6,659.7
CO,Casa,2,5,1,0,1,0,0,0,0,1,1,2,12.157574609722163,2.6470845953348516,5,0,4.4,820.0,253.1
MX,Casa,5,9,11,2,0,0,1,0,0,1,0,2,9.154573546140316,0.46457563199432084,4,0,4.0,1.2,587.2
CO,Casa,2,5,1,0,0,0,0,1,0,1,0,1,26.10691118224394,6.3178638752943215,3,0,0.0,820.0,144.9
HT,Casa,4,8,5,1,1,1,0,0,0,1,0,2,11.856439756450873,0.005186190547361136,5,1,7.7,0.14,480.4
PA,Casa,3,8,2,2,0,0,0,0,1,1,1,2,12.902912075548048,2.303530893690845,5,0,0.0,0.17,223.0
CL,Casa,2,6,3,0,0,0,1,1,1,1,0,3,11.722259805191088,2.5394068353550994,7,0,4.0,150.0,404.1
CU,Casa,3,9,7,3,0,0,0,1,0,1,0,1,28.192748153293696,2.9739204205399368,3,0,0.0,0.09,356.5
EC,Casa,0,1,1,0,1,1,1,0,0,1,0,1,14.350938888519986,3.6014930685125437,5,0,11.7,0.1,536.1
CO,Casa,3,10,1,1,0,1,1,0,0,1,0,2,34.594141523893555,1.3049333510147414,5,1,7.3,820.0,445.9
UY,Casa,3,8,2,1,1,0,0,0,0,1,0,2,9.608791689244555,3.4603323310395884,4,1,4.4,8.5,254.8
VE,Departamento,0,3,1,0,0,0,0,0,1,1,0,1,24.592190232118288,2.403207304978741,3,0,0.0,0.01,117.5
PR,Casa pareada,4,8,2,0,1,0,1,1,0,1,0,3,17.459545805960865,1.597760679503332,7,1,8.4,0.22,466.7
HT,Departamento,2,6,3,0,0,0,1,1,1,1,0,2,17.503081742765268,3.402030057239152,6,0,4.0,0.14,407.0
PA,Casa,2,7,1,0,1,0,0,0,0,1,0,1,23.561234607312088,2.964704064694184,3,0,4.4,0.17,208.8
NI,Casa,5,10,3,2,0,0,1,1,1,1,0,1,0.0,5.42020303435841,5,0,4.0,7.5,429.4
DO,Casa,4,7,5,2,0,0,0,0,1,1,0,2,25.101942052992023,2.944316176641399,4,0,0.0,12.5,281.4
GT,Casa,1,1,1,0,1,0,0,0,0,1,0,2,23.16465907040612,3.7307149137388858,4,0,4.4,1.7,222.5
PA,Casa,3,5,4,0,0,0,0,0,0,1,1,3,30.007110486348893,3.3489861090721553,5,0,0.0,0.17,255.3
PE,Casa,4,11,2,3,0,0,0,0,0,1,0,3,17.634380064518055,5.267757514315212,4,0,0.0,0.62,188.2
CO,Casa,4,8,3,2,0,0,0,0,1,1,0,1,19.927184548614434,4.664337100120114,3,0,0.0,820.0,215.2
HN,Departamento,3,8,5,1,0,0,0,0,1,1,0,2,23.533730234192074,0.8866872971976547,4,0,0.0,3.5,256.3
PA,Otro,3,11,2,1,0,0,0,1,0,1,0,3,30.65668069030618,2.215968472932656,5,0,0.0,0.17,201.8
MX,Casa,0,1,1,0,1,1,1,1,0,1,1,4,27.88379693504036,3.30426854756923,10,0,11.7,1.2,663.0
US,Casa,2,7,7,1,1,1,1,0,0,1,0,1,37.126053927940234,2.4332609060840005,5,1,11.7,0.16,735.8
CO,Departamento,5,15,5,2,0,0,1,0,1,1,0,1,30.672152751681615,4.489027253655795,4,0,4.0,820.0,459.1
JM,Casa,2,5,3,1,0,1,0,0,1,0,0,1,15.96784843660356,4.275538338021319,3,1,3.3,0.35,309.4
NI,Casa,1,7,2,0,1,0,0,1,0,1,0,3,18.95203734880533,1.8334408097535428,6,1,4.4,7.5,289.6
CR,Casa,3,7,3,2,0,1,0,0,1,1,0,1,24.904140351801324,3.3903014723592872,4,1,3.3,145.0,360.4
CL,Casa móvil,0,2,1,0,0,0,1,0,0,1,0,3,12.479221302943792,4.477033788743666,5,0,4.0,150.0,283.2
AR,Departamento,1,5,1,0,0,0,1,0,1,1,0,0,0.0,1.1293261824449319,3,0,4.0,85.0,280.9
MX,Otro,2,5,1,0,1,1,0,0,1,1,1,1,30.249486990649743,3.625079729677608,6,0,7.7,1.2,437.7
HN,Casa,3,7,1,0,0,1,1,1,0,1,0,2,35.567541866680905,7.376776262876708,6,0,7.3,3.5,496.2
GT,Casa,2,7,1,0,0,0,0,0,0,1,0,2,35.07894420978277,4.028156972644689,3,0,0.0,1.7,114.5
VE,Casa,1,9,1,0,1,1,0,0,0,1,0,1,24.768411126898513,1.837945811732413,4,0,7.7,0.01,353.0
SV,Casa,4,9,5,2,1,0,1,0,1,1,0,3,13.903809674632484,5.177904450942787,7,1,8.4,0.19,587.5
UY,Departamento,4,10,5,0,1,0,0,0,0,1,0,2,39.254728644427786,4.650399613944154,4,1,4.4,8.5,360.1
HN,Departamento,2,7,5,1,0,0,1,1,0,1,0,3,25.032232044264244,1.965594860873575,6,0,4.0,3.5,463.5
JM,Departamento,2,4,2,1,0,1,0,0,1,1,0,2,29.30460069788232,2.250478562098427,5,1,3.3,0.35,325.5
EC,Casa,2,7,5,1,1,1,1,0,0,1,0,2,14.89275958774148,5.020663456270929,6,1,11.7,0.1,684.5
HN,Casa,5,10,3,2,1,0,1,0,0,1,0,1,6.478272856757821,3.7800300460579956,4,1,8.4,3.5,475.1
ES,Casa pareada,2,3,1,0,1,0,1,0,0,1,0,1,14.756651314003586,1.247295511717446,4,0,8.4,0.27,377.7
VE,Casa,0,1,1,0,0,1,1,0,0,1,0,1,16.03132905272983,4.997212424256983,4,0,7.3,0.01,423.4
BR,Casa,2,3,2,0,1,0,0,1,1,1,0,3,13.871042288298554,3.136167389838621,7,1,4.4,0.75,318.8
MX,Casa,3,4,2,1,1,0,1,0,0,1,0,1,25.84963930465389,3.2046039951674725,4,1,8.4,1.2,435.8
AR,Casa,2,7,1,1,0,0,0,0,0,1,0,1,22.857469467912523,1.9725831131007436,2,0,0.0,85.0,99.9
BO,Casa,3,6,1,1,1,0,0,0,0,1,0,2,5.086123650201518,0.7051620156870388,4,1,4.4,0.6,209.2
BR,Casa,1,4,4,0,0,1,0,0,1,1,0,1,15.561039596939052,2.543564588881162,4,1,3.3,0.75,352.8
SV,Casa pareada,4,11,4,1,0,1,1,0,1,1,1,1,22.202130541454284,0.0,6,1,7.3,0.19,584.4
NI,Casa,2,4,2,0,0,0,1,0,0,1,0,4,19.06905729834299,1.4695360063142655,6,0,4.0,7.5,317.5
US,Casa,2,5,3,1,1,0,0,0,0,1,0,2,9.7085804591599,1.5994660419402118,4,1,4.4,0.16,276.9
GT,Casa,2,2,2,0,0,1,0,1,0,1,0,3,10.818965339574106,3.414136446674558,6,1,3.3,1.7,315.1
PR,Casa,2,6,4,1,0,1,0,0,1,1,1,2,20.722575515264797,1.525604726109171,6,1,3.3,0.22,419.8
CO,Casa,2,3,2,1,0,1,0,0,0,1,0,2,13.402508390908618,4.369215569740855,4,1,3.3,820.0,291.0
CL,Departamento,4,12,3,3,0,0,0,0,0,1,0,1,2.4475163069961106,3.863435412605968,2,0,0.0,150.0,189.3
NI,Casa,4,9,3,0,0,0,1,0,0,1,0,3,30.78182763710338,1.0710833764441587,5,0,4.0,7.5,351.9
SV,Casa,4,7,4,0,0,1,0,0,0,1,0,1,29.733853159903575,1.5207636032060525,3,1,3.3,0.19,324.4
US,Departamento,2,5,1,0,0,1,1,1,0,1,0,2,44.65858757153896,3.421437099224258,6,0,7.3,0.16,488.6
SV,Departamento,4,9,1,1,0,1,0,0,0,1,0,2,21.636714473289288,2.9152377117809998,4,1,3.3,0.19,261.8
DO,Casa,3,7,1,1,0,1,0,0,0,1,0,2,4.208190846822502,0.7833303371278775,4,1,3.3,12.5,237.9
CO,Casa,2,5,1,1,0,0,0,0,1,1,0,3,24.85773774888429,4.983607616571504,5,0,0.0,820.0,166.2
DO,Departamento,2,7,1,1,0,0,0,0,1,1,0,3,19.635412670478363,3.2729216345153054,5,0,0.0,12.5,152.3
CO,Casa,2,5,4,1,1,0,1,1,0,1,0,2,22.289761551492465,3.5606247631033905,6,1,8.4,820.0,546.1
CL,Departamento,3,5,5,0,1,0,1,0,1,1,0,1,12.606089448983509,3.32283034281058,5,1,8.4,150.0,535.8
BR,Casa,2,3,1,1,0,0,1,0,0,1,0,2,29.00163267640583,2.583397406489104,4,0,4.0,0.75,298.1
DO,Casa,1,2,1,0,0,0,0,0,1,1,0,2,31.07050912338775,2.2765328172122477,4,0,0.0,12.5,133.7
SV,Casa,2,10,1,0,0,0,0,0,1,1,0,0,0.0,3.3949344366864143,2,0,0.0,0.19,110.6
CL,Departamento,0,1,1,0,1,0,0,0,1,1,0,1,10.572463864780328,3.125824291734473,4,0,4.4,150.0,234.1
US,Casa,4,8,6,0,0,0,0,0,0,1,1,1,17.94189442418711,4.725358676971712,3,0,0.0,0.16,289.2
HN,Departamento,4,8,1,3,1,0,1,0,1,1,0,2,31.904539741519027,4.981938795821296,6,1,8.4,3.5,490.3
CR,Casa,2,5,1,0,0,0,1,0,0,1,0,0,0.0,0.0,2,0,4.0,145.0,246.0
PY,Departamento,1,3,1,0,1,0,1,0,0,1,0,1,40.744864137579896,3.26955796696404,4,0,8.4,185.0,397.4
CU,Casa pareada,5,8,3,2,0,0,1,0,0,1,0,4,40.97404078176361,2.990260067746499,6,0,4.0,0.09,421.2
PE,Casa,1,4,3,0,1,1,0,0,0,1,0,2,32.05987508907119,1.198082231566919,5,1,7.7,0.62,427.7
HT,Otro,2,4,3,0,0,0,0,0,0,1,0,2,0.0,3.474935689389446,3,0,0.0,0.14,140.9
NI,Casa,2,5,2,0,0,0,0,0,1,1,1,0,0.0,0.0,3,0,0.0,7.5,170.7
NI,Casa,2,6,2,1,0,1,0,1,1,0,0,1,17.175810968426326,0.8280098910592106,4,1,3.3,7.5,305.2
US,Otro,4,9,4,2,0,0,0,1,0,1,0,1,23.317160818613164,2.03770733589605,3,0,0.0,0.16,245.4
PY,Casa pareada,2,6,2,0,0,0,1,0,0,1,0,1,20.725923242430962,3.433306908633859,3,0,4.0,185.0,300.2
ES,Casa,3,5,7,1,0,0,1,0,0,1,0,4,5.890165624261009,3.378399966990049,6,0,4.0,0.27,468.4
HN,Casa,2,7,7,0,1,1,0,0,0,1,0,1,9.489438417983369,3.509808853246698,4,1,7.7,3.5,533.7
MX,Departamento,4,8,2,2,1,1,1,0,1,1,1,3,9.515848583758276,1.8977981337474639,9,1,11.7,1.2,671.0
UY,Casa,2,6,2,0,0,0,1,0,1,1,1,4,28.838955762448354,4.003059930457948,8,0,4.0,8.5,419.7
DO,Casa,2,6,1,1,1,0,0,0,0,1,0,1,31.035937772380798,1.7528705248904508,3,1,4.4,12.5,221.8
PE,Departamento,0,1,1,0,0,0,0,0,0,1,0,3,34.91816826330639,3.15263081478955,4,0,0.0,0.62,126.1
CR,Departamento,3,9,3,0,1,0,0,0,0,1,0,0,0.0,2.371499235343406,2,1,4.4,145.0,255.6
HN,Casa,1,4,2,0,1,1,0,0,0,1,0,3,13.076291801395449,4.203577732395757,6,1,7.7,3.5,400.7
VE,Casa,3,7,2,1,0,0,0,0,1,1,1,1,14.757241203622106,4.490579727175447,4,0,0.0,0.01,212.0
JM,Departamento,3,10,2,2,1,0,0,0,0,1,0,2,0.456771003706379,1.9616045567383196,4,1,4.4,0.35,255.6
MX,Casa pareada,3,9,3,0,1,0,0,1,1,1,0,1,10.481662366159014,4.584880080683089,5,1,4.4,1.2,340.4
PE,Casa pareada,1,3,2,0,0,0,0,0,0,1,0,1,32.02594230762175,3.14994017973454,2,0,0.0,0.62,123.8
CR,Casa,3,9,2,0,0,0,0,0,1,1,0,3,24.872874668914598,5.748004927583599,5,0,0.0,145.0,184.5
HT,Casa,3,7,2,0,0,0,0,1,0,1,1,2,21.176696247034194,3.6065721299737667,5,0,0.0,0.14,215.6
PR,Casa móvil,3,9,1,2,0,1,1,1,1,1,0,2,10.576215077691808,3.0528706557105334,7,1,7.3,0.22,518.1
CR,Casa,4,14,2,2,0,1,1,0,1,1,0,3,4.341829903754473,4.848449924967695,7,1,7.3,145.0,513.1
GT,Casa pareada,3,9,1,0,0,0,1,0,0,1,0,1,14.955551762280635,3.300411600107979,3,0,4.0,1.7,267.2
MX,Departamento,3,6,1,1,1,0,0,0,1,1,0,2,20.013058679042487,5.712672300578908,5,1,4.4,1.2,273.4
UY,Casa,3,7,3,0,0,0,1,0,0,1,0,1,24.66369590519223,2.569138403137847,3,0,4.0,8.5,328.2
CO,Departamento,2,7,2,0,0,1,0,0,1,1,0,2,15.44759056983941,2.0294553179745662,5,1,3.3,820.0,297.8
HT,Casa,2,4,2,0,1,0,0,0,1,1,1,3,23.359234722405013,0.8629381303878949,7,1,4.4,0.14,325.7
PE,Casa pareada,2,5,2,1,0,1,0,0,0,1,0,2,1.904831668509182,4.634263296043306,4,1,3.3,0.62,282.4
BR,Casa,3,10,5,1,0,0,0,0,0,1,0,1,13.49224094209681,1.3481951432607584,2,0,0.0,0.75,213.2
CL,Casa,3,5,2,3,0,0,0,1,0,1,0,3,17.934820217231362,1.5111550019646665,5,0,0.0,150.0,212.5
AR,Casa,2,4,1,0,0,0,1,0,1,1,0,4,36.56366971419144,4.440240163386953,7,0,4.0,85.0,360.1
JM,Departamento,1,4,1,0,0,0,0,0,1,1,0,2,10.180149188738207,0.0,4,0,0.0,0.35,106.2
EC,Departamento,1,4,1,0,1,0,0,0,0,1,1,3,20.120460250555297,2.1654772779851323,6,0,4.4,0.1,267.1
AR,Casa,3,6,3,2,0,0,1,0,1,1,1,1,10.281431291836215,3.2844682824948346,5,0,4.0,85.0,429.9
MX,Casa,4,10,1,1,1,0,0,0,0,1,0,2,25.192928558543684,4.018939321004879,4,1,4.4,1.2,240.4
GT,Casa,2,2,2,0,1,0,0,0,0,1,1,4,22.987672849708314,3.762203087204349,7,1,4.4,1.7,318.0
EC,Departamento,4,10,3,0,0,0,1,0,1,1,1,4,34.005242906141916,1.7832231123807978,8,0,4.0,0.1,449.0
AR,Casa,2,5,5,1,0,1,0,1,1,1,0,4,10.012359722888666,3.7837753775349277,8,1,3.3,85.0,455.8
BO,Casa,3,5,2,1,0,0,0,0,1,0,0,1,15.539095464881132,3.599723829593534,2,0,0.0,0.6,127.8
CU,Casa pareada,3,6,3,1,0,0,1,0,1,0,0,2,20.25972939167428,0.6521176803861763,4,0,4.0,0.09,336.5
PY,Casa,3,10,2,2,1,1,1,0,1,1,0,1,28.05123521410348,3.8180180879374874,6,1,11.7,185.0,633.0
NI,Casa móvil,3,8,2,0,0,1,1,1,1,1,0,1,11.161581782329698,3.1207701868773072,6,1,7.3,7.5,513.5
VE,Casa,3,6,5,1,1,0,1,0,0,1,0,1,17.33020318865694,4.086681716498175,4,1,8.4,0.01,526.0
EC,Casa,4,9,5,3,0,0,0,0,0,1,0,2,18.401376149154625,3.9315968768593423,3,0,0.0,0.1,264.9
PA,Casa,2,9,2,0,0,0,1,0,1,1,0,1,25.08617789928117,2.703697291274316,4,0,4.0,0.17,329.0
DO,Casa,2,11,1,0,0,0,0,1,0,1,1,1,19.569739830394262,3.1920880721465488,4,0,0.0,12.5,173.4
BR,Casa,2,7,1,0,0,1,0,0,0,1,0,3,30.95029686412215,2.6057021782769656,5,0,3.3,0.75,267.2
HN,Departamento,4,11,5,0,1,0,0,0,1,1,0,3,3.3070441833952486,3.3714162812221353,6,1,4.4,3.5,356.3
CU,Casa,3,7,1,0,0,0,1,1,1,1,0,2,35.8579845411072,3.7435516017422232,6,0,4.0,0.09,364.1
CL,Casa,3,4,4,2,1,0,1,0,1,1,0,2,22.86833531672855,1.6959243773170658,6,1,8.4,150.0,543.6
HN,Casa,2,7,5,0,0,0,1,1,1,1,0,2,24.85495045159465,4.484786147819168,6,0,4.0,3.5,477.9
PR,Departamento,1,4,1,0,0,0,1,0,1,1,0,2,37.564835388897116,1.3085424702396902,5,0,4.0,0.22,315.0
CO,Casa móvil,3,9,4,0,1,1,0,1,1,1,0,3,25.625504401416663,1.186598936880519,8,1,7.7,820.0,533.9
JM,Casa,2,6,1,0,1,0,0,0,1,1,0,1,43.71046528568509,2.4956066368438337,4,0,4.4,0.35,245.4
BR,Casa,2,5,2,0,0,0,1,1,0,1,0,1,22.72691955356027,3.3132131843851984,4,0,4.0,0.75,340.6
CR,Casa,1,4,3,0,0,0,0,0,1,1,0,2,26.39737602314696,4.132479546434447,4,0,0.0,145.0,197.6
BR,Otro,4,5,4,0,1,1,1,1,0,1,0,2,23.065631666119813,4.467247096892564,7,1,11.7,0.75,684.1
AR,Departamento,3,6,3,0,1,0,1,0,0,1,0,1,24.408821389486633,1.2254550611471646,4,1,8.4,85.0,441.7
CL,Departamento,3,5,3,0,1,0,1,0,0,1,0,1,25.168749468199618,4.141512770623665,4,1,8.4,150.0,454.5
BR,Departamento,2,6,1,1,0,0,1,1,1,1,1,2,4.06423550101781,3.5803178984360633,7,0,4.0,0.75,396.0
SV,Casa,0,2,1,0,0,1,0,0,1,1,0,0,0.0,0.0,3,0,3.3,0.19,244.6
US,Casa,2,8,1,0,0,0,0,1,1,1,0,4,7.698482778210741,1.5081219118036329,7,0,0.0,0.16,158.6
AR,Casa,3,8,4,3,1,1,0,0,0,1,0,2,16.755378708991724,2.8823371584514113,5,1,7.7,85.0,496.9
EC,Departamento,2,7,5,0,1,1,0,0,1,1,0,1,9.33759143934251,3.7227053436053277,5,1,7.7,0.1,504.6
JM,Casa,2,6,2,0,0,1,0,0,1,1,0,3,21.676750499340187,0.2417715998058716,6,1,3.3,0.35,305.4
NI,Casa,4,12,5,1,0,0,1,1,0,1,0,3,21.80404144583829,4.876537495972935,6,0,4.0,7.5,471.9
CL,Casa,2,4,3,0,1,1,0,0,0,1,0,2,10.834583859155993,2.7791673331860234,5,1,7.7,150.0,416.4
SV,Departamento,4,10,4,1,0,1,0,0,0,1,0,3,16.2616796584019,7.472021971382025,5,1,3.3,0.19,372.4
SV,Otro,3,6,4,1,0,0,1,1,1,1,1,3,17.423825614815208,2.476768818334082,8,0,4.0,0.19,500.8
CO,Casa,2,6,4,0,1,0,1,0,1,1,0,1,36.81560220840723,3.9216938736816616,5,1,8.4,820.0,518.6
BO,Casa,2,7,3,0,0,1,1,0,0,1,0,1,40.14241793116171,1.838040849375269,4,1,7.3,0.6,480.1
SV,Casa,2,9,3,1,1,0,0,1,0,1,0,2,7.889703698489276,4.753567447183171,5,1,4.4,0.19,329.0
MX,Casa,3,8,2,1,0,1,0,0,0,1,0,1,9.151714870005287,2.8982295636619453,3,1,3.3,1.2,276.5
EC,Casa,3,7,1,0,0,0,1,0,0,1,0,3,14.997661597530671,2.402931845987412,5,0,4.0,0.1,277.6
CR,Casa,3,10,2,1,1,0,1,1,0,1,0,1,10.233691342464766,2.2600023833635268,5,1,8.4,145.0,465.2
JM,Departamento,2,9,3,0,1,0,1,0,1,1,0,1,14.638247823546127,2.8667396451789693,5,1,8.4,0.35,474.7
CU,Casa,5,10,4,1,1,1,0,0,1,1,0,1,1.2423073659208406,2.8083737660191774,5,1,7.7,0.09,482.3
VE,Casa,2,5,1,0,1,0,0,1,0,1,0,2,40.34934444479208,2.636139927664682,5,0,4.4,0.01,272.4
CO,Casa pareada,3,5,6,0,0,0,1,0,1,1,0,2,23.411344435019647,3.2202078878670064,5,0,4.0,820.0,461.2
BR,Casa,0,3,1,0,0,0,1,1,0,1,0,1,13.718036754430068,1.2218353378601587,4,0,4.0,0.75,297.9
CU,Casa,2,4,1,0,1,0,1,0,0,1,0,2,9.761222324028155,2.0118490310537918,5,0,8.4,0.09,383.7
UY,Casa,3,7,1,0,0,0,0,0,0,1,0,3,28.762325733472288,3.15181333152381,4,0,0.0,8.5,118.3
PE,Casa,3,7,3,1,0,0,0,0,0,1,1,3,6.991613339419869,2.5914504851603652,5,0,0.0,0.62,207.8
CO,Casa,5,14,6,0,0,0,0,0,0,1,0,1,23.92216016937131,4.339571547124136,2,0,0.0,820.0,245.5
MX,Casa,2,4,2,0,1,0,0,0,0,1,1,3,25.36817294138583,2.182940365883474,6,1,4.4,1.2,303.8
HN,Casa,0,2,1,0,1,0,0,0,0,0,0,2,15.68260835370803,2.092622100387228,3,0,4.4,3.5,173.1
NI,Departamento,3,7,2,1,0,1,0,0,0,1,0,3,29.863634917197626,3.686555937072232,5,1,3.3,7.5,315.5
NI,Otro,1,4,4,0,0,1,0,0,0,1,0,3,22.445477749393444,6.076176993737366,5,1,3.3,7.5,361.3
CR,Casa,1,4,3,0,0,0,1,0,1,1,0,4,21.107561077903338,2.462497823208613,7,0,4.0,145.0,385.3
CU,Casa,2,5,1,0,0,1,0,0,1,1,0,2,35.04928317812964,1.3621783743604543,5,0,3.3,0.09,281.6
DO,Departamento,1,3,1,0,0,0,0,0,1,1,0,4,18.39016026922104,2.576721063414736,6,0,0.0,12.5,141.2
CO,Departamento,2,8,1,0,0,0,0,0,0,1,0,2,33.63221239101415,2.131921575136648,3,0,0.0,820.0,105.1
PA,Casa,4,10,5,3,0,1,1,0,0,1,0,1,22.727310670848134,5.026359652105599,4,1,7.3,0.17,591.4
MX,Casa,3,9,8,0,0,0,0,0,0,1,1,2,13.669433342076271,0.657103398483387,4,0,0.0,1.2,336.5
GT,Departamento,4,8,4,2,0,0,1,0,1,1,0,1,35.7119161671924,1.3334285609853078,4,0,4.0,1.7,417.7
PA,Departamento,5,13,2,1,0,1,1,0,1,1,0,3,0.0,3.0582745283857773,7,1,7.3,0.17,482.7
CU,Casa pareada,1,3,3,0,0,0,1,0,0,1,0,1,27.20904712440675,4.506916302089325,3,0,4.0,0.09,337.6
CR,Departamento,3,3,3,2,0,0,1,0,0,1,0,1,5.177177973829048,4.667130313073067,3,0,4.0,145.0,358.9
PY,Departamento,3,9,1,2,0,1,0,0,1,1,0,1,16.040483451257746,1.517088303280529,4,1,3.3,185.0,288.6
US,Casa,4,9,1,2,0,1,0,0,1,1,0,1,12.668292420293284,2.168576328247009,4,1,3.3,0.16,290.0
DO,Casa,3,6,4,0,0,1,0,0,0,1,0,3,33.935494894640364,2.5040549523039997,5,1,3.3,12.5,360.6
BO,Departamento,1,3,2,0,0,1,0,1,1,1,1,1,48.11436884007344,5.52240319106941,6,1,3.3,0.6,404.1
PA,Departamento,1,4,1,0,1,0,1,1,0,1,0,0,0.0,0.8210730911339779,4,0,8.4,0.17,409.0
CL,Otro,3,9,2,0,0,0,1,0,1,1,0,4,13.738342394362526,0.3601959796639025,7,0,4.0,150.0,333.8
CR,Departamento,5,8,6,1,0,0,1,0,1,1,0,2,17.227805570989226,5.044786336685051,5,0,4.0,145.0,478.8
NI,Departamento,3,6,2,0,1,0,0,0,1,1,0,2,21.93781847080381,3.858254650881249,5,1,4.4,7.5,282.1
CU,Casa,3,7,1,0,1,0,0,1,0,1,0,1,30.2009531804538,3.3394099544352684,4,0,4.4,0.09,253.3
VE,Casa,2,2,2,2,0,0,0,0,0,1,0,1,32.6111300230733,7.342818845194323,2,0,0.0,0.01,170.6
VE,Casa,1,5,2,0,0,1,0,0,0,1,1,2,21.76914981308903,3.793861981420949,5,1,3.3,0.01,325.3
CO,Casa móvil,4,10,3,1,1,1,0,0,1,1,0,1,21.878216491193513,2.340062004841572,5,1,7.7,820.0,459.0
AR,Casa,0,2,1,0,0,0,0,1,0,1,1,1,27.396263665961037,3.383358210179023,4,0,0.0,85.0,177.6
EC,Casa,4,4,3,1,0,0,1,0,0,1,0,4,13.949816467634518,5.457867192101218,6,0,4.0,0.1,370.9
DO,Casa móvil,3,10,1,0,0,0,1,0,0,1,0,1,26.4335720325967,0.17791001919125726,3,0,4.0,12.5,258.7
VE,Casa móvil,2,9,1,0,1,0,0,0,0,1,0,2,33.19322572396595,3.6560642147255216,4,0,4.4,0.01,230.7
CO,Departamento,2,6,2,0,1,0,0,1,0,1,0,2,20.65067525862404,5.55554444808726,5,1,4.4,820.0,298.2
DO,Departamento,1,6,1,0,0,1,1,0,0,1,0,2,44.19137523691269,3.6031360608157037,5,0,7.3,12.5,448.9
BR,Casa,3,8,3,0,1,0,0,0,0,1,1,2,24.021392786085713,4.817618083986407,5,1,4.4,0.75,332.5
EC,Casa,4,12,6,0,0,0,0,0,0,1,0,2,4.441219168587802,3.256489499216407,3,0,0.0,0.1,235.2
AR,Casa,4,11,2,1,0,0,0,0,1,1,0,1,8.29848580556395,4.337226216207981,3,0,0.0,85.0,163.9
PA,Casa,1,8,1,0,0,1,0,1,1,0,0,0,0.0,4.622128946435114,3,0,3.3,0.17,268.5
HT,Departamento,3,5,5,0,1,1,0,0,1,1,0,2,20.818215160700927,3.423964108695237,6,1,7.7,0.14,517.8
PE,Casa pareada,1,2,2,0,0,0,0,0,0,1,0,3,23.85095303530245,0.49910945048506106,4,0,0.0,0.62,130.7
EC,Otro,2,4,3,0,1,0,0,0,0,1,0,3,18.28934171070799,3.8090086030963013,5,1,4.4,0.1,287.1
PR,Casa pareada,3,8,1,0,0,0,1,0,0,0,0,2,25.339351405586665,2.9642459550114792,3,0,4.0,0.22,245.6
CO,Departamento,3,6,2,1,0,0,1,1,0,1,0,3,32.54552646152025,4.077176691983765,6,0,4.0,820.0,392.1
EC,Casa,4,10,2,1,0,1,0,0,0,1,1,1,16.76235605205357,2.708423662557762,4,1,3.3,0.1,323.6
UY,Casa,5,12,4,2,0,1,0,1,1,1,0,1,22.432737056806907,6.018469424510158,5,1,3.3,8.5,440.7
PY,Departamento,2,7,2,0,1,0,1,0,1,1,0,2,29.66291778692792,2.8361125004514367,6,1,8.4,185.0,464.2
PA,Casa,3,8,3,0,1,0,1,0,0,1,0,1,25.526788404646346,3.16339930565657,4,1,8.4,0.17,450.5
PR,Departamento,1,5,1,0,0,0,0,0,0,1,0,2,16.661428819051515,3.835135094569843,3,0,0.0,0.22,98.0
UY,Casa,2,8,1,2,1,1,0,0,0,1,0,1,29.854358742941127,6.063638464932656,4,1,7.7,8.5,403.3
AR,Casa,3,7,5,1,1,0,0,0,1,1,0,1,17.01257107406426,3.3256690730427882,4,1,4.4,85.0,372.7
ES,Departamento,0,2,4,0,0,0,0,0,1,1,0,2,9.584911173881359,4.263197312943089,4,0,0.0,0.27,213.9
JM,Casa,3,8,1,0,0,1,1,0,0,1,1,2,31.119383889693058,3.4660903957581723,6,0,7.3,0.35,481.8
CO,Casa pareada,1,5,3,0,1,1,1,0,0,1,0,1,20.83477318706972,2.1061735417913923,5,1,11.7,820.0,592.5
ES,Casa,3,11,2,0,1,0,0,1,1,1,0,1,38.59871068064664,7.044569643832717,5,1,4.4,0.27,332.6
JM,Casa,3,5,1,2,1,0,0,1,0,1,0,2,25.770219209361137,3.701295268940904,5,1,4.4,0.35,294.6
BO,Departamento,4,10,5,2,1,1,0,0,1,1,0,4,26.06198099947765,2.6892077078063394,8,1,7.7,0.6,572.6
JM,Departamento,3,12,4,0,0,0,0,0,0,1,0,1,30.18073841563032,5.126979553866188,2,0,0.0,0.35,191.5
AR,Departamento,4,6,1,3,0,0,1,1,1,1,0,2,11.728936503773204,3.4541069640329702,6,0,4.0,85.0,387.4
CO,Departamento,3,7,6,1,1,0,1,0,0,1,1,3,24.854571559544603,2.3800281679734407,7,1,8.4,820.0,619.0
ES,Casa,1,1,4,0,0,1,0,0,1,1,0,1,2.214864445566043,1.752827207337794,4,1,3.3,0.27,343.8
AR,Casa móvil,5,15,3,2,1,0,0,1,0,1,1,2,27.66416895085273,3.1392509285287047,6,1,4.4,85.0,398.5
MX,Casa,3,11,3,0,1,0,1,0,0,1,0,2,14.629240705671084,5.437442458652884,5,1,8.4,1.2,462.5
US,Departamento,3,9,5,1,0,0,1,0,1,1,0,3,0.0,2.7747080632147094,6,0,4.0,0.16,423.0
EC,Casa,4,11,9,1,0,0,1,1,1,1,0,1,28.251844337621804,2.3193857006233953,5,0,4.0,0.1,593.8
ES,Casa,3,4,3,0,1,1,0,0,0,1,0,2,19.13281206917505,4.046516258455247,5,1,7.7,0.27,428.9
ES,Otro,0,2,1,0,0,0,1,0,0,1,0,1,22.420330073800372,2.9894601653002755,3,0,4.0,0.27,269.0
EC,Casa,3,10,4,0,1,0,1,1,0,1,1,1,14.93545797634433,2.5144086363824636,6,1,8.4,0.1,557.9
US,Departamento,3,10,1,0,0,0,0,0,1,1,1,4,9.917037899518412,3.9790811963257937,7,0,0.0,0.16,177.5
JM,Casa,2,5,2,0,0,0,0,0,0,1,1,1,20.033630003668176,4.53004144293057,3,0,0.0,0.35,169.3
BR,Departamento,1,4,1,0,0,0,1,1,0,1,0,1,7.1326708761914475,1.3338368656217083,4,0,4.0,0.75,295.5
AR,Casa,2,2,2,0,1,0,1,1,1,1,0,3,20.358773745354316,3.7036166730259232,8,1,8.4,85.0,509.5
PE,Casa,2,7,1,0,0,0,1,1,1,1,0,1,21.630331747680028,3.478793385632344,5,0,4.0,0.62,341.0
CL,Casa,2,8,2,0,0,1,0,0,0,1,0,1,37.86087433365289,4.795396334319376,3,1,3.3,150.0,281.8
PA,Departamento,4,8,1,2,0,0,0,1,1,1,0,2,12.148065837438951,1.1204803244475277,5,0,0.0,0.17,182.7
CL,Casa,3,6,5,1,0,0,0,0,0,1,0,0,0.0,4.207287954158509,1,0,0.0,150.0,219.0
VE,Casa,2,4,1,0,1,0,1,0,1,1,0,3,17.732572482175073,5.652186553491908,7,0,8.4,0.01,444.4
CL,Casa,3,6,2,1,0,0,1,0,0,1,0,2,22.84619707292516,3.1138622332294927,4,0,4.0,150.0,325.2
AR,Casa,2,7,1,1,0,0,0,0,0,1,1,4,9.106585823237737,4.18020639057039,6,0,0.0,85.0,161.9
BR,Otro,5,11,4,2,0,0,0,0,0,1,0,3,22.06605936624315,4.250940791670855,4,0,0.0,0.75,234.5
PA,Casa,3,7,3,1,0,1,1,0,0,0,1,2,7.865539782289364,3.2263604353890285,5,1,7.3,0.17,500.1
ES,Casa,3,9,1,1,0,0,0,1,1,1,0,3,20.742831442619035,2.5958291629819734,6,0,0.0,0.27,190.8
CR,Casa,1,1,2,0,0,1,1,1,1,1,0,3,4.870307029989302,3.738297660909633,8,1,7.3,145.0,519.0
MX,Casa,0,1,1,0,0,0,0,1,0,1,0,2,13.07846603613138,2.62099334432179,4,0,0.0,1.2,129.8
VE,Casa,3,5,2,1,0,1,1,0,0,1,0,3,26.546278576634222,2.2969764749140387,6,1,7.3,0.01,485.3
CL,Casa,5,10,3,4,0,0,1,0,1,1,0,2,20.69586120266713,2.7292653169910213,5,0,4.0,150.0,426.8
AR,Casa,2,11,4,0,0,0,1,0,0,1,0,2,13.995432336821244,1.3952412972583679,4,0,4.0,85.0,355.3
CU,Casa,1,1,1,0,0,0,0,0,1,1,0,2,21.895760679224757,2.0050417543326824,4,0,0.0,0.09,124.7
HT,Casa,2,3,4,0,0,0,0,1,1,1,0,2,22.696738204380896,3.0390525939485924,5,0,0.0,0.14,259.9
CL,Casa,3,5,2,0,0,0,0,0,0,1,1,1,13.424736086594072,3.8813640155869074,3,0,0.0,150.0,163.7
MX,Otro,5,17,4,0,0,1,1,0,1,1,0,1,10.354106260554847,4.277870407619536,5,1,7.3,1.2,538.0
HN,Casa,2,5,1,0,1,0,0,0,0,1,0,1,16.300436832983138,3.5028423482942435,3,0,4.4,3.5,208.0
PY,Casa,3,9,2,1,0,0,0,0,1,1,0,1,28.18251087977187,3.3789450637549434,3,0,0.0,185.0,168.2
PE,Casa,2,9,3,1,0,0,1,1,0,1,0,2,24.071173878596383,4.996074669929858,5,0,4.0,0.62,404.4
BR,Casa,4,10,5,0,1,0,0,1,0,1,0,2,20.99804000704813,5.8622031433105395,5,1,4.4,0.75,389.8
BR,Casa pareada,2,3,1,0,0,0,0,0,0,1,0,1,25.16567049753338,2.921726594711126,2,0,0.0,0.75,89.9
SV,Casa,2,5,3,1,0,1,0,1,1,0,1,3,21.01479229170391,4.110006683270169,7,1,3.3,0.19,414.8
HT,Casa,3,5,6,0,0,1,0,1,1,1,1,2,17.341262532784825,3.2670749005705306,7,1,3.3,0.14,509.5
JM,Casa,0,3,1,0,0,0,1,0,1,1,0,1,22.814721720699037,5.089987291499594,4,0,4.0,0.35,308.3
HT,Casa,3,6,1,2,0,0,1,0,1,1,0,3,0.1109893731575653,1.0626960885299592,6,0,4.0,0.14,312.9
US,Casa,3,6,2,0,1,0,0,0,1,1,0,1,26.17575658062002,5.340604198752948,4,1,4.4,0.16,280.2
BO,Casa,2,6,2,1,1,1,0,1,0,1,0,3,31.4941750661972,5.288517253262842,7,1,7.7,0.6,483.9
HN,Casa,3,11,1,1,1,0,1,1,0,1,0,2,26.48196083106186,2.9683038329831026,6,1,8.4,3.5,457.1
PE,Casa,3,9,4,1,1,0,1,1,1,1,0,3,11.66268123222025,1.0034512597435508,8,1,8.4,0.62,561.9
VE,Departamento,2,5,2,0,1,0,1,0,1,1,0,4,9.091424410954716,1.3171773801466318,8,1,8.4,0.01,449.4
EC,Departamento,3,8,3,0,0,1,0,0,0,1,0,3,40.902544389823916,0.0,5,1,3.3,0.1,328.7
EC,Departamento,5,14,6,1,1,1,1,0,1,1,0,2,21.975996754822873,4.505762925617239,7,1,11.7,0.1,748.4
MX,Casa,2,6,3,1,1,0,1,0,0,1,0,2,19.28528408357708,2.33779484943768,5,1,8.4,1.2,468.2
EC,Casa,3,9,5,0,1,0,1,0,1,1,0,1,21.154733920323583,2.440119391839607,5,1,8.4,0.1,535.6
JM,Casa,2,4,2,0,0,0,0,0,1,1,0,1,20.71544746158665,5.264431673134262,3,0,0.0,0.35,158.2
ES,Casa,2,3,2,1,0,0,0,0,1,1,0,3,20.42430994583139,2.4715082199951013,5,0,0.0,0.27,179.8
CO,Casa,2,3,5,1,1,0,0,1,1,1,0,3,3.5688690434159795,3.724371154032066,7,1,4.4,820.0,413.2
HT,Casa,1,5,2,0,0,1,1,0,1,1,0,1,24.91230074029074,0.7841335884313914,5,1,7.3,0.14,469.2
HN,Departamento,3,7,1,0,0,0,0,1,1,1,0,1,24.888295462297002,2.0395760603735145,4,0,0.0,3.5,156.2
BO,Departamento,2,3,1,0,0,0,0,0,0,1,0,3,19.300138799168188,3.6387489133579747,4,0,0.0,0.6,108.3
GT,Casa,4,9,5,0,1,0,1,0,1,1,0,1,32.92594103889074,4.819306135705178,5,1,8.4,1.7,550.8
AR,Departamento,2,8,2,0,0,1,1,0,1,1,0,3,29.353114823366397,5.385585594993189,7,1,7.3,85.0,517.2
DO,Departamento,5,6,6,6,0,0,0,0,1,1,0,2,12.967973323487836,5.769506493030011,4,0,0.0,12.5,373.3
PR,Casa,2,5,3,0,0,0,0,0,1,1,1,1,1.786271074595426,3.3615747345313984,4,0,0.0,0.22,216.6
BR,Otro,3,9,3,2,1,0,0,1,1,1,0,1,0.0,5.739607550918084,5,1,4.4,0.75,370.1
VE,Departamento,3,6,4,0,1,0,0,0,0,1,0,1,11.078004851060042,3.7535919263259876,3,1,4.4,0.01,296.9
PR,Casa pareada,3,11,1,1,1,0,0,0,0,1,0,3,9.716784494782939,2.2776847409916106,5,1,4.4,0.22,224.7
CO,Departamento,2,4,1,1,1,1,0,1,0,1,0,3,12.456764046663977,0.0,7,1,7.7,820.0,407.0
CR,Otro,3,7,1,2,0,0,0,0,1,1,0,1,0.0,5.328592834910891,3,0,0.0,145.0,148.9
JM,Departamento,2,3,4,0,0,0,1,0,1,1,0,3,20.786346858933705,2.615142199680019,6,0,4.0,0.35,405.9
US,Casa,2,6,3,0,1,0,1,0,0,1,0,2,29.0459626988913,2.1846990184071045,5,1,8.4,0.16,460.8
PY,Casa,3,9,4,0,1,1,0,0,1,1,1,1,28.734160065089064,5.239475089851115,6,1,7.7,185.0,534.0
NI,Casa,3,8,4,0,0,0,1,1,0,1,1,3,15.941859184251411,1.2968735093979893,7,0,4.0,7.5,448.7
CL,Otro,3,7,6,0,1,0,0,0,1,1,1,1,14.130777807488922,1.8955143879330707,5,1,4.4,150.0,425.0
DO,Otro,3,5,5,0,1,1,0,1,1,1,0,1,22.06646092460192,2.039903956549451,6,1,7.7,12.5,542.9
PA,Casa pareada,3,4,3,0,0,1,0,0,1,1,0,4,10.16590960223256,4.001200448301058,7,1,3.3,0.17,341.9
GT,Casa,5,11,6,1,1,0,0,0,0,1,0,1,19.436570962255836,3.853544506547115,3,1,4.4,1.7,375.9
HN,Departamento,4,7,4,1,1,0,1,0,0,1,0,4,8.137551565765868,2.4401157511322094,7,1,8.4,3.5,497.5
BR,Departamento,1,4,1,0,0,0,0,0,0,0,0,1,29.7626359458133,3.3158502389608264,1,0,0.0,0.75,57.6
DO,Departamento,3,8,2,3,1,0,1,0,1,1,0,2,29.875090698999315,3.119483726077395,6,1,8.4,12.5,510.6
HN,Casa,3,7,3,1,0,0,1,0,0,1,1,3,26.88954126257002,3.5748674546775354,6,0,4.0,3.5,417.4
VE,Casa pareada,1,5,1,0,0,1,0,0,0,1,1,2,26.85722811544252,5.551027087738822,5,0,3.3,0.01,307.2
BR,Casa,3,8,2,1,1,1,1,0,1,1,0,2,24.075186220424172,2.0083488897716233,7,1,11.7,0.75,619.5
UY,Casa,1,4,3,0,1,0,1,1,1,0,0,1,19.71432622699195,3.2879071022555113,5,1,8.4,8.5,482.7
EC,Departamento,2,6,2,1,1,0,1,0,1,1,0,1,23.85668726410603,1.2077361286079524,5,1,8.4,0.1,456.5
PE,Departamento,3,7,3,1,1,1,1,1,1,1,0,2,22.576650999047693,2.3996272092822855,8,1,11.7,0.62,689.9
NI,Casa pareada,2,8,1,1,0,1,1,0,1,1,0,1,12.374989170336821,2.052421948201556,5,1,7.3,7.5,454.4
BO,Departamento,4,11,6,1,0,0,0,0,0,1,0,0,0.0,1.1770833813007315,1,0,0.0,0.6,236.0
BR,Casa,3,6,4,1,1,0,0,0,0,1,0,3,21.760924291936394,0.3548867461588925,5,1,4.4,0.75,321.8
CL,Casa,1,8,1,0,0,1,0,0,0,0,0,1,29.197111524363613,3.8877928857685657,2,0,3.3,150.0,208.3
CO,Departamento,3,7,5,1,0,0,0,0,0,1,1,2,13.490833872604309,4.583946640446083,4,0,0.0,820.0,278.2
SV,Departamento,3,8,1,0,0,0,0,0,1,1,0,1,18.592640969278026,3.9805250757581554,3,0,0.0,0.19,121.8
UY,Departamento,3,7,5,1,0,1,1,0,0,1,0,2,0.0,4.249527794431869,5,1,7.3,8.5,547.7
ES,Casa,3,7,2,0,0,0,1,1,0,1,0,1,10.224753996756332,2.5940748975106107,4,0,4.0,0.27,332.2
NI,Departamento,4,10,4,1,1,1,1,0,0,1,0,1,27.73534547627758,3.77095817665281,5,1,11.7,7.5,647.5
PA,Casa,2,5,8,2,0,0,0,0,0,1,1,2,7.9886703346485355,1.748640384144075,4,0,0.0,0.17,366.4
EC,Departamento,2,4,3,1,0,1,0,0,1,1,1,3,13.92025993334449,2.261818777877461,7,1,3.3,0.1,393.8
HN,Casa,2,6,5,0,0,0,0,0,1,1,0,3,28.563889423025746,3.766050463044557,5,0,0.0,3.5,270.8
UY,Departamento,1,3,1,0,1,1,0,0,0,0,0,2,22.018585628197435,4.852534440904231,4,0,7.7,8.5,338.8
MX,Departamento,4,8,2,2,0,1,0,0,0,1,0,2,30.75357831302598,4.5171929863271645,4,1,3.3,1.2,321.4
BR,Casa,3,5,4,0,0,1,0,0,0,1,0,2,15.893906363182907,5.377056623605375,4,1,3.3,0.75,342.5
PE,Departamento,1,4,1,0,0,1,0,0,0,1,0,2,41.382365117749,2.9082016094222403,4,0,3.3,0.62,263.5
UY,Casa,2,10,3,0,0,1,1,1,0,1,1,1,5.506258073413337,2.9266942052582032,6,1,7.3,8.5,554.8
CL,Departamento,3,13,2,0,1,1,0,0,1,1,0,3,14.94508861844109,0.15570561326353127,7,1,7.7,150.0,415.8
HN,Casa pareada,2,8,1,1,1,0,0,0,0,1,0,3,4.819458006141268,0.9289190990930525,5,1,4.4,3.5,212.7
BO,Departamento,1,4,1,0,0,0,1,0,1,1,0,1,2.9631222886308777,1.8961875400136912,4,0,4.0,0.6,286.2
SV,Departamento,0,2,2,0,1,1,1,1,1,1,0,4,21.336591268009524,0.3023508161134729,10,1,11.7,0.19,654.4
PR,Departamento,2,7,1,0,0,1,0,1,1,1,0,2,33.14958592565932,1.4077857748291882,6,0,3.3,0.22,320.3
GT,Casa,3,8,4,3,1,0,0,1,1,1,1,1,17.86155454603477,0.4168804670459849,6,1,4.4,1.7,445.3
SV,Casa,3,6,1,0,0,1,0,0,1,1,0,1,21.538216059150002,1.6136934981703237,4,0,3.3,0.19,261.4
AR,Casa,2,6,2,0,1,0,0,0,0,1,0,1,19.389567039966966,3.4351105551004535,3,1,4.4,85.0,239.1
AR,Otro,2,5,1,0,0,0,0,1,0,1,0,1,33.79569845513726,0.20708471719460242,3,0,0.0,85.0,122.0
HN,Otro,5,10,4,2,0,0,0,0,0,1,0,3,13.259764270289988,3.3013561517888013,4,0,0.0,3.5,219.2
PY,Departamento,4,9,6,2,0,1,1,0,1,1,0,2,11.976548045800515,0.1344140181358151,6,1,7.3,185.0,616.8
PR,Casa,5,13,2,2,0,0,0,1,0,1,0,3,19.29625815676519,4.191540878507833,5,0,0.0,0.22,210.8
GT,Casa,5,10,3,2,0,0,0,0,1,1,0,1,25.776322912009043,0.0,3,0,0.0,1.7,197.8
AR,Departamento,4,9,3,3,1,1,0,0,0,1,0,1,22.36714779837949,2.816288758337458,4,1,7.7,85.0,461.2
VE,Departamento,2,6,3,1,0,1,0,0,1,0,1,3,32.30993376626293,3.9784823815576944,6,1,3.3,0.01,388.6
PE,Casa,3,11,2,2,0,0,0,1,1,1,0,2,10.686745479002287,4.396775122258775,5,0,0.0,0.62,225.5
CL,Casa pareada,3,8,1,1,0,1,0,1,1,1,0,0,0.0,3.1280074830227007,4,1,3.3,150.0,313.1
EC,Departamento,3,10,4,0,0,0,1,0,0,1,0,1,35.351926264139365,3.7699957283223986,3,0,4.0,0.1,367.9
EC,Casa pareada,4,10,5,2,0,0,0,0,0,1,1,1,0.0,6.378664469502713,3,0,0.0,0.1,288.0
GT,Departamento,0,1,2,0,1,0,1,1,0,1,1,3,21.624548732789286,3.778984406967524,8,1,8.4,1.7,526.0
CU,Casa,1,2,2,0,0,1,1,0,0,1,0,1,28.467610404467163,2.4757023621168424,4,1,7.3,0.09,447.9
UY,Departamento,2,5,3,0,1,1,0,0,1,1,0,3,18.201258087071157,1.5374903046323225,7,1,7.7,8.5,455.9
EC,Otro,3,9,3,2,0,1,0,0,1,0,0,1,25.490259226184154,2.727546519410114,3,1,3.3,0.1,321.8
VE,Casa,2,3,3,0,1,1,1,0,1,1,1,3,29.666314574677333,4.011866904119876,9,1,11.7,0.01,705.7
ES,Otro,0,1,1,0,0,0,1,0,1,1,0,1,7.909182990239497,6.0596753074875345,4,0,4.0,0.27,306.1
PA,Casa,2,7,2,0,0,0,0,0,0,1,0,2,22.195962557529683,1.1709948040603342,3,0,0.0,0.17,121.3
HN,Casa,4,9,5,3,0,0,0,0,0,1,0,3,38.63517450348952,3.7060958066196794,4,0,0.0,3.5,298.2
CO,Otro,4,7,3,0,0,1,0,0,1,1,0,1,23.259122044337317,3.2120082373710046,4,1,3.3,820.0,328.9
CL,Casa,3,4,3,2,0,0,0,0,0,1,0,4,29.2042738400042,5.296327909697645,5,0,0.0,150.0,231.1
PR,Casa,3,7,2,2,1,0,0,0,1,1,1,3,35.302762220608315,0.8243971795267067,7,1,4.4,0.22,370.8
MX,Casa,4,12,6,0,0,0,1,0,1,1,0,2,14.56289156284967,3.3477445587648926,5,0,4.0,1.2,454.2
HN,Casa,2,6,3,0,0,0,0,0,0,1,0,2,20.073340684295193,5.845915981837453,3,0,0.0,3.5,169.5
US,Departamento,2,3,3,1,1,0,1,0,0,1,0,2,6.116577523644729,4.813725043209677,5,1,8.4,0.16,467.6
CO,Departamento,2,6,2,0,1,0,0,0,0,1,0,2,28.79205110367598,3.499371584694775,4,1,4.4,820.0,256.3
VE,Casa,2,5,2,0,1,0,1,0,0,1,0,4,27.097971440979943,3.448111852936165,7,1,8.4,0.01,459.0
EC,Casa,4,9,5,2,0,0,0,0,1,1,0,3,15.691315302657157,5.347889558014335,5,0,0.0,0.1,291.1
MX,Casa,4,9,1,2,1,1,0,1,0,1,0,1,18.77720656072903,3.121596231891933,5,1,7.7,1.2,426.0
HT,Departamento,0,5,1,0,0,0,1,0,1,1,0,1,16.61445410013854,2.511897459289151,4,0,4.0,0.14,294.6
NI,Casa,3,7,1,0,0,0,0,0,0,1,0,1,9.285236570343807,3.802196203268571,2,0,0.0,7.5,87.0
HN,Casa,3,7,2,1,1,0,0,0,0,1,0,3,14.901035927663361,0.6942055567448788,5,1,4.4,3.5,254.5
VE,Casa,2,10,4,0,0,0,0,1,1,1,0,1,14.245621556010061,1.818444964580597,4,0,0.0,0.01,240.7
ES,Casa,4,9,2,0,0,0,0,0,1,1,0,3,26.857615200979954,2.7366754742143136,5,0,0.0,0.27,174.2
CR,Casa móvil,2,7,1,0,0,0,1,1,1,1,1,1,11.099856215045392,3.7366875198421434,6,0,4.0,145.0,382.2
DO,Departamento,0,3,2,0,0,0,1,0,0,1,0,4,17.576917029589737,4.18808172322132,6,0,4.0,12.5,326.7
PR,Casa,3,6,2,3,1,1,0,0,0,1,0,3,15.349889180361378,2.550642909648734,6,1,7.7,0.22,441.5
US,Casa,1,3,2,0,0,0,1,1,0,1,0,0,0.0,3.286527379668133,3,0,4.0,0.16,330.2
HT,Departamento,3,6,1,1,1,0,0,1,1,1,0,3,28.306460660253165,2.554423382635694,7,1,4.4,0.14,319.7
PR,Casa,2,4,3,0,0,1,1,0,0,1,0,2,12.036859556692377,2.18572953750753,5,1,7.3,0.22,475.5
CO,Departamento,3,8,1,0,0,0,0,0,0,1,0,2,20.831005611554858,2.546273731137108,3,0,0.0,820.0,96.0
VE,Casa,1,3,2,0,0,0,0,0,1,1,0,1,24.300069444939425,5.810526003565372,3,0,0.0,0.01,162.0
PR,Casa,2,8,2,0,0,0,0,0,1,1,1,2,26.56510516969035,4.5505099091827255,5,0,0.0,0.22,214.2
BO,Departamento,2,6,1,0,1,1,0,1,0,1,0,1,53.48603365716259,4.5395394875787485,5,0,7.7,0.6,416.8
AR,Casa,3,8,3,0,1,0,0,0,1,1,0,1,14.208081277659854,2.675277751631503,4,1,4.4,85.0,293.7
CL,Casa móvil,3,6,3,1,1,0,0,1,0,1,1,1,16.29384945876008,1.6710819188388075,5,1,4.4,150.0,359.9
HN,Departamento,3,9,1,0,1,0,1,0,1,1,1,2,24.63112754264575,3.3744336044780643,7,0,8.4,3.5,476.9
PR,Casa,1,7,2,0,0,1,0,0,0,1,0,1,19.614659000384247,3.4790580486574014,3,1,3.3,0.22,268.4
UY,Casa,5,12,5,1,0,0,0,0,1,1,0,2,41.19879786875061,3.4035706567779433,4,0,0.0,8.5,282.1
UY,Departamento,3,8,3,0,0,1,0,0,0,0,0,3,14.791340249902296,3.1915627580548405,4,1,3.3,8.5,273.2
DO,Departamento,5,11,3,1,0,0,1,0,1,1,0,1,10.888420441350743,0.4090042180145197,4,0,4.0,12.5,358.2
CU,Departamento,1,6,1,0,0,1,0,1,0,1,1,1,33.96361485177994,2.8976185371178254,5,0,3.3,0.09,326.8
CO,Casa,2,1,7,0,1,0,1,0,0,1,0,1,23.214846599418387,3.50689042634252,4,1,8.4,820.0,571.0
CR,Departamento,4,13,4,0,1,0,0,0,0,1,0,1,11.350260481348998,2.679672824204573,3,1,4.4,145.0,292.4
UY,Casa,4,7,2,0,0,1,1,0,0,1,0,3,16.87171342572094,2.870399328814735,6,1,7.3,8.5,460.4
ES,Departamento,4,11,5,2,0,1,1,1,1,1,0,2,16.69043250294935,3.7861397288567984,7,1,7.3,0.27,646.5
AR,Casa,1,4,1,0,0,0,1,0,1,1,0,2,33.57247212275629,2.8243482718320436,5,0,4.0,85.0,318.1
PA,Casa,3,3,4,1,0,0,0,0,0,1,0,1,10.674020920394634,1.4082252907444839,2,0,0.0,0.17,182.3
BO,Casa,4,11,5,2,1,0,0,0,1,1,0,4,22.879413265314785,1.6969041546289876,7,1,4.4,0.6,414.5
GT,Casa,3,10,1,1,0,0,1,1,0,1,1,2,23.138896402015,1.0899646863687547,6,0,4.0,1.7,371.5
SV,Departamento,2,9,3,0,1,0,0,0,1,1,0,1,47.29350273698566,3.6871281358797705,4,1,4.4,0.19,312.1
BR,Casa,3,7,2,0,1,0,1,0,1,1,1,0,0.0,3.0122821169251095,5,1,8.4,0.75,483.0
CR,Casa,2,7,3,0,0,1,1,0,0,1,0,2,26.084165385236936,3.3081650764542387,5,1,7.3,145.0,492.2
CR,Casa,2,9,1,1,0,0,1,0,1,1,0,3,7.260416642868018,4.939137673040881,6,0,4.0,145.0,323.7
DO,Casa,3,11,2,1,0,1,0,1,0,1,0,2,4.564652559821738,4.09978480856333,5,1,3.3,12.5,322.4
JM,Casa,5,12,1,1,1,0,1,1,0,1,0,3,27.73044812290992,1.2286833620227235,7,1,8.4,0.35,463.2
SV,Casa,5,10,2,0,0,0,0,0,0,1,0,1,19.149110184243867,2.9492696820325977,2,0,0.0,0.19,117.5
US,Casa pareada,2,5,5,0,0,0,0,0,1,1,0,0,0.0,3.1341976038465362,2,0,0.0,0.16,229.5
UY,Departamento,2,5,3,0,0,1,0,0,0,1,0,2,6.8798742498132555,2.3037872208128793,4,1,3.3,8.5,291.6
DO,Departamento,3,7,3,1,0,0,1,0,0,1,0,2,29.896114302111616,2.1971363711595915,4,0,4.0,12.5,357.2
UY,Casa,2,1,3,0,1,0,1,0,1,1,1,2,12.63387331095867,2.978766542467788,7,1,8.4,8.5,525.0
DO,Casa pareada,3,9,5,0,0,1,0,0,1,1,0,2,13.962829389809336,1.7398133010713146,5,1,3.3,12.5,385.3
DO,Casa,3,8,1,1,0,0,0,0,0,1,1,2,8.612003664442947,1.1731178301055714,4,0,0.0,12.5,139.4
CR,Departamento,2,7,1,0,0,0,0,1,0,1,0,2,11.372927148957501,4.754719477090921,4,0,0.0,145.0,137.5
EC,Departamento,1,5,2,0,0,0,1,1,0,1,0,3,7.3634889235150105,2.9758741824066526,6,0,4.0,0.1,340.4
MX,Casa,2,2,3,0,0,1,1,0,0,1,0,1,22.527230439425747,0.0,4,1,7.3,1.2,464.8
US,Casa,2,4,1,1,1,0,0,0,1,1,1,1,18.9979601082656,2.9456362441888806,5,1,4.4,0.16,296.5
BO,Departamento,4,14,2,0,0,1,0,0,0,1,0,2,19.61232116163719,3.075877390337137,4,1,3.3,0.6,275.8
PE,Casa,3,5,2,1,0,0,1,1,1,1,0,2,44.09907862690885,2.113494865107046,6,0,4.0,0.62,409.1
CU,Departamento,2,5,2,0,0,1,0,0,1,1,1,2,20.040777751627132,1.736449160857284,6,1,3.3,0.09,345.1
HT,Casa,4,7,4,1,0,1,1,0,1,1,1,3,13.74345340044042,3.077015736352794,8,1,7.3,0.14,607.1
AR,Casa,3,10,5,0,0,0,0,0,0,1,0,4,12.092653522425671,3.727206736844423,5,0,0.0,85.0,225.4
US,Otro,4,12,2,0,0,0,1,1,1,1,0,4,35.57385362131891,1.335027604331951,8,0,4.0,0.16,415.1
CL,Otro,0,3,1,0,0,0,0,0,1,1,0,3,18.414893871848367,5.428302057464055,5,0,0.0,150.0,144.9
UY,Casa,2,4,1,0,0,0,0,1,0,1,0,3,21.700541615798144,0.35701748518767307,5,0,0.0,8.5,137.4
HN,Departamento,4,9,3,1,0,1,1,0,0,1,1,1,15.519549479121743,2.8412477295866396,5,1,7.3,3.5,533.6
EC,Casa,3,9,3,1,1,1,1,1,1,1,1,1,6.764327342031509,2.7007968253895167,8,1,11.7,0.1,718.9
AR,Departamento,2,10,1,0,0,0,1,1,0,1,0,3,15.369904137182413,3.7890061243664457,6,0,4.0,85.0,324.0
PA,Casa,1,3,2,0,0,0,1,1,1,1,0,2,12.934031562183522,1.8692004027323885,6,0,4.0,0.17,366.6
ES,Departamento,0,1,2,0,1,0,0,0,0,1,0,2,21.090274213433613,1.8826004442727775,4,1,4.4,0.27,242.8
HT,Casa,1,1,1,0,1,0,1,0,0,1,0,2,22.86490753802892,1.6456756783274236,5,0,8.4,0.14,393.3
PE,Departamento,4,5,4,1,0,0,0,0,1,1,0,3,19.403709240554992,0.2222174270890398,5,0,0.0,0.62,228.9
AR,Casa,3,7,3,1,0,1,1,0,0,1,0,1,13.41860063491262,3.1898981798883153,4,1,7.3,85.0,489.6
UY,Casa,2,4,3,0,0,1,1,0,0,1,0,2,26.639689393531096,5.224250988764342,5,1,7.3,8.5,500.9
VE,Casa,3,8,3,0,0,0,0,1,1,1,0,1,30.648244418400846,4.708851279472202,4,0,0.0,0.01,230.1
VE,Casa,2,6,6,1,0,1,0,0,0,1,0,1,10.124691855564983,5.337159340903018,3,1,3.3,0.01,407.4
CU,Casa,3,7,3,0,1,1,1,0,1,1,1,2,32.85771704336988,2.4139891470050685,8,1,11.7,0.09,688.3
HN,Casa,2,8,1,0,0,0,1,0,0,1,1,3,22.267915371349424,2.7662242839182087,6,0,4.0,3.5,333.0
JM,Casa,2,6,4,0,0,0,0,0,1,1,0,2,30.71105848899611,1.4952188448999602,4,0,0.0,0.35,220.0
US,Casa,3,8,2,0,0,0,1,0,0,1,1,4,16.274115814428782,4.58279488445618,7,0,4.0,0.16,370.8
AR,Departamento,4,7,2,0,0,0,0,0,1,1,1,3,12.447286564331389,1.2592431208783226,6,0,0.0,85.0,194.1
GT,Casa pareada,3,9,1,1,0,1,0,1,1,1,0,1,11.669688359617869,0.0,5,1,3.3,1.7,305.3
US,Casa,4,10,6,1,0,0,0,0,1,1,0,2,27.09569223121388,4.666178330443268,4,0,0.0,0.16,305.5
PR,Casa,4,14,3,3,0,0,0,0,0,1,1,1,26.58721462526954,2.5446950462867717,3,0,0.0,0.22,238.6
EC,Departamento,2,2,1,1,0,1,0,0,0,1,0,2,19.931345729215547,1.397418959199972,4,1,3.3,0.1,253.8
ES,Casa móvil,1,7,2,0,0,0,0,0,0,1,0,3,19.026197705375054,1.7373085451026216,4,0,0.0,0.27,129.8
ES,Casa,1,6,2,0,1,0,0,1,1,1,0,2,28.25747522156042,2.0795994824403055,6,1,4.4,0.27,319.9
US,Otro,3,9,1,1,1,0,1,0,0,1,1,2,19.3394945493535,2.618162851153411,6,1,8.4,0.16,454.1
NI,Casa,3,7,1,1,1,0,1,0,1,1,0,3,34.462715575458176,1.57773193178791,7,1,8.4,7.5,463.3
HT,Casa,2,8,4,0,0,0,0,0,0,1,0,0,0.0,6.640949111459229,1,0,0.0,0.14,184.5
PY,Departamento,4,8,4,0,1,0,1,0,0,1,0,3,31.39353529381504,3.8967238188597295,6,1,8.4,185.0,514.2
CU,Casa,3,7,3,1,1,0,0,0,0,1,0,2,33.04589636755976,4.187990017695412,4,1,4.4,0.09,307.8
US,Casa,3,7,5,0,1,0,0,0,0,1,0,4,38.10154455536575,2.4795485819049707,6,1,4.4,0.16,383.6
ES,Departamento,0,1,5,0,0,1,0,0,1,1,0,3,28.862228620608654,3.024665442307852,6,1,3.3,0.27,416.4
CL,Otro,1,5,1,0,0,1,0,0,0,1,1,2,16.47305337657786,1.7042925749721283,5,0,3.3,150.0,281.9
GT,Casa,2,2,3,0,1,1,1,0,0,1,0,4,0.0,2.5655859324118078,8,1,11.7,1.7,584.9
HN,Casa,2,3,3,0,0,0,1,0,1,1,0,3,8.913330695649746,0.3535416504359521,6,0,4.0,3.5,351.1
ES,Departamento,4,10,3,0,1,0,0,0,0,1,0,3,24.609779762875483,0.15285111999801337,5,1,4.4,0.27,279.5
PE,Departamento,1,3,3,0,0,1,0,0,0,1,0,1,21.350176434660387,2.8003704818254866,3,1,3.3,0.62,296.3
EC,Casa,2,9,1,0,1,0,0,1,1,1,0,3,19.548644013322573,4.774626263986084,7,0,4.4,0.1,303.1
HN,Departamento,3,9,5,1,1,0,1,1,1,1,0,3,23.805447793407044,0.0,8,1,8.4,3.5,603.0
US,Casa,3,7,1,1,0,0,1,0,1,1,0,2,31.62958296234499,4.982804940539262,5,0,4.0,0.16,340.7
CO,Casa pareada,1,6,5,0,1,0,0,0,0,1,1,2,13.10363372491301,3.8534219076261342,5,1,4.4,820.0,379.1
HT,Casa,4,5,3,1,0,0,1,0,0,1,1,2,11.832249841733228,2.4601803868323255,5,0,4.0,0.14,387.7
HT,Departamento,3,7,3,1,1,0,0,0,0,1,1,3,6.2056172799482034,3.037412200269778,6,1,4.4,0.14,328.1
SV,Casa,2,4,1,1,0,1,1,0,0,1,0,2,0.03742964052628395,1.5076478462894025,5,1,7.3,0.19,417.4
AR,Casa,2,3,2,0,0,0,1,0,0,1,0,1,16.734520384034685,2.790048144982168,3,0,4.0,85.0,295.8
HN,Departamento,2,4,1,0,1,0,0,0,0,1,0,2,14.720894823919314,0.2684803314826132,4,0,4.4,3.5,200.5
PR,Casa,3,10,5,0,1,0,1,1,0,1,0,0,0.0,2.524994439980383,4,1,8.4,0.22,536.3
CL,Casa,0,3,1,0,0,1,0,0,1,1,0,2,12.028119995627303,5.550951324534683,5,0,3.3,150.0,280.0
PR,Casa,4,9,6,1,0,0,1,0,1,1,1,2,23.02969845596756,1.1176342504382228,6,0,4.0,0.22,511.5
DO,Casa móvil,2,5,1,0,0,0,0,0,0,1,0,2,9.02323495420869,2.9492767686763717,3,0,0.0,12.5,87.7
AR,Casa,4,9,3,1,1,0,0,1,1,1,1,2,34.96774289014712,4.080508767492912,7,1,4.4,85.0,423.8
SV,Departamento,2,7,1,0,1,0,0,0,1,1,0,1,11.604209611807434,2.3127314944773056,4,0,4.4,0.19,231.0
EC,Casa,4,12,4,0,0,0,0,0,1,1,0,2,3.6082208945085377,2.329151381975804,4,0,0.0,0.1,200.6
US,Casa,2,6,1,0,0,1,0,0,1,1,0,2,2.3414062891679315,3.7842473940231787,5,0,3.3,0.16,264.2
AR,Casa,2,7,3,0,0,0,1,0,1,1,0,2,22.462258922347846,3.5306178644757504,5,0,4.0,85.0,371.7
PR,Casa pareada,1,6,3,0,0,0,1,0,1,1,0,3,14.02082825362919,4.254280884948568,6,0,4.0,0.22,374.3
PY,Departamento,2,4,2,1,0,0,0,1,0,0,0,3,19.070722800865298,4.003521709256977,4,0,0.0,185.0,158.7
CU,Departamento,3,10,2,1,1,0,0,1,1,1,0,3,31.276854212491344,0.6249006631138614,7,1,4.4,0.09,345.2
ES,Departamento,2,6,2,0,0,0,1,0,0,1,0,1,8.74266295786077,2.2413507104710044,3,0,4.0,0.27,290.0
MX,Casa,2,3,2,0,0,0,1,0,0,1,0,2,15.219613176957653,2.9314228279820815,4,0,4.0,1.2,302.9
ES,Casa,4,7,1,2,0,0,0,1,1,1,0,1,14.052534715974566,2.2881180987870144,4,0,0.0,0.27,182.7
NI,Casa,0,1,2,0,0,0,0,0,0,1,0,1,27.669575687147763,0.7911672085409416,2,0,0.0,7.5,111.8
MX,Casa,2,6,3,0,0,1,0,1,1,1,0,1,18.83415064080883,6.097701249595262,5,1,3.3,1.2,379.5
UY,Casa,3,10,2,0,0,0,0,0,1,1,0,2,41.79825640164575,1.371192167424649,4,0,0.0,8.5,168.9
CL,Casa,2,4,2,0,1,0,1,0,0,1,0,1,38.536888565143364,0.4560760688870231,4,1,8.4,150.0,414.4
ES,Casa,3,8,3,1,1,0,0,0,0,1,1,4,18.41560949767225,6.053789232691039,7,1,4.4,0.27,365.1
PA,Casa móvil,3,10,2,0,0,1,0,1,0,1,0,2,18.772861534388674,5.0363876201798075,5,1,3.3,0.17,323.5
BR,Casa pareada,3,6,2,2,1,0,0,1,1,1,1,1,0.0,0.0,6,1,4.4,0.75,360.2
AR,Casa,1,4,2,0,1,0,0,0,1,1,0,1,12.505506842883776,4.631824447473113,4,1,4.4,85.0,271.4
US,Casa,2,4,3,0,0,0,0,0,0,1,1,3,2.3107091593466613,1.317003851658826,5,0,0.0,0.16,181.4
GT,Departamento,5,13,3,0,1,0,0,0,0,1,0,1,21.043349952272315,4.893170640247708,3,1,4.4,1.7,276.0
PY,Departamento,3,11,3,0,0,0,0,0,0,1,0,3,22.35222650537819,3.268943824055045,4,0,0.0,185.0,170.6
US,Casa,3,13,2,0,1,0,1,1,0,1,0,3,19.227847472216883,4.241489128317592,7,1,8.4,0.16,480.3
CO,Casa,0,4,1,0,0,1,0,0,1,1,0,3,8.606895437440114,3.132789036782768,6,0,3.3,820.0,271.1
PE,Casa,2,5,3,0,0,0,0,0,1,1,0,1,30.183634651575122,4.498034455956995,3,0,0.0,0.62,188.9
SV,Casa,2,4,3,0,0,0,0,0,0,1,0,2,21.27999260952573,3.617071240453332,3,0,0.0,0.19,161.0
PA,Departamento,0,4,1,0,0,0,0,0,0,1,0,2,16.832718675151362,1.4800154885510164,3,0,0.0,0.17,88.1
CU,Casa,1,1,2,0,0,0,1,1,1,1,0,4,22.80151343429321,5.022556482266774,8,0,4.0,0.09,409.3
PA,Casa,2,4,3,0,0,0,1,0,0,1,0,4,29.125305572860903,3.6280050575735876,6,0,4.0,0.17,373.9
PE,Casa,4,9,4,1,0,0,0,0,0,1,0,1,22.64020624355621,2.164117599776396,2,0,0.0,0.62,190.6
NI,Casa,3,7,1,0,0,0,0,1,0,1,0,1,11.901898519014942,0.9082585154100857,3,0,0.0,7.5,115.7
CR,Casa,2,2,1,2,1,0,0,0,1,1,1,1,29.744616139484148,1.1600124808812553,5,1,4.4,145.0,308.4
PE,Departamento,4,9,1,0,0,0,0,0,1,1,0,3,1.0092863687270395,6.3842966625532025,5,0,0.0,0.62,126.9
PR,Casa,3,8,4,1,0,0,1,1,0,1,0,2,25.570352537429915,2.383678575850128,5,0,4.0,0.22,424.4
PE,Casa,2,8,2,0,0,0,0,0,0,1,0,1,22.062854959798354,3.498934511570569,2,0,0.0,0.62,121.1
CO,Casa,3,11,1,1,0,0,0,0,0,1,0,1,36.377245549918655,2.7101604261007517,2,0,0.0,820.0,108.8
ES,Casa,4,8,1,0,1,0,1,0,1,1,0,1,13.203155898789745,4.740053849094458,5,0,8.4,0.27,422.1
US,Casa,3,7,1,0,0,0,1,1,1,1,0,3,14.42025350262201,1.6304263466022364,7,0,4.0,0.16,343.7
CO,Casa pareada,4,11,6,0,0,1,0,0,0,1,1,3,17.317477877367683,5.734046499505245,6,1,3.3,820.0,457.9
MX,Casa,2,3,2,0,0,1,0,0,1,1,0,3,16.345672180112466,3.6654657361024334,6,1,3.3,1.2,313.3
JM,Departamento,3,6,3,0,0,1,0,0,1,1,0,2,18.636521501117635,2.790386725205208,5,1,3.3,0.35,333.8
BR,Casa,2,3,3,0,0,0,0,0,0,1,0,2,1.1053125689733534,3.4870312588410943,3,0,0.0,0.75,143.3
NI,Casa,3,6,2,0,0,0,0,0,0,1,0,2,9.095727061122325,4.0987120799787915,3,0,0.0,7.5,122.7
ES,Casa,1,3,3,0,0,0,0,1,0,0,0,2,9.350903409892554,4.444427224645935,3,0,0.0,0.27,158.5
GT,Departamento,1,4,3,0,0,0,0,0,0,1,0,2,26.82670714597564,3.3723408975345794,3,0,0.0,1.7,164.7
BO,Casa pareada,3,6,1,1,1,0,0,0,0,1,0,4,16.93192986402352,3.6641390944268375,6,1,4.4,0.6,247.7
AR,Otro,4,7,2,2,0,0,0,0,0,0,1,2,19.975663649264764,1.0001150555018976,3,0,0.0,85.0,157.3
CU,Casa,2,5,1,0,0,1,0,0,1,1,0,1,30.759070112790376,0.0,4,0,3.3,0.09,258.4
HN,Casa,3,5,1,0,0,0,1,1,0,1,0,1,21.935268306632057,5.852476943748709,4,0,4.0,3.5,321.2
PY,Casa pareada,4,11,3,4,0,0,1,1,0,1,1,4,30.162431932180667,3.0472894669823276,8,0,4.0,185.0,517.8
PY,Casa pareada,5,14,6,3,1,0,1,0,0,1,0,1,33.21719600222477,1.650690754775605,4,1,8.4,185.0,582.3
CR,Casa,2,6,1,0,0,0,0,0,1,1,0,2,12.621723825944462,0.0,4,0,0.0,145.0,108.2
AR,Casa,3,7,4,0,1,0,0,0,0,1,0,1,39.88744666259444,2.4337380521286955,3,1,4.4,85.0,303.5
HT,Departamento,3,9,2,0,0,1,1,0,0,1,0,1,27.53593771878911,4.706167921100041,4,1,7.3,0.14,457.1
MX,Casa,3,8,2,0,0,0,1,0,1,1,0,2,28.53689260110909,0.0,5,0,4.0,1.2,331.8
MX,Casa,3,9,1,0,0,0,0,1,0,1,0,0,0.0,3.049924512904172,2,0,0.0,1.2,119.1
NI,Departamento,2,6,3,0,0,1,0,0,1,1,0,3,10.161268639619639,2.9898318213976136,6,1,3.3,7.5,332.5
BR,Casa,1,1,2,0,0,0,0,0,0,1,0,3,20.253474260407756,4.989233370756543,4,0,0.0,0.75,145.3
DO,Departamento,3,7,1,0,0,0,0,0,0,1,1,2,6.394588798112844,3.432446681415602,4,0,0.0,12.5,132.2
PA,Departamento,5,12,8,6,1,0,1,0,0,1,0,2,15.871640327342263,3.657703167834863,5,1,8.4,0.17,696.0
JM,Casa,1,3,3,0,1,0,1,1,1,1,0,2,34.889861572958765,3.1166281707073167,7,1,8.4,0.35,540.0
BO,Departamento,3,3,4,1,1,1,1,0,1,1,0,2,7.140902788893815,2.966662691059934,7,1,11.7,0.6,669.2
ES,Casa,3,4,3,0,1,1,0,0,0,1,0,2,22.723341214010468,2.9715421866492524,5,1,7.7,0.27,427.4
EC,Casa,3,10,1,0,1,0,0,0,0,1,1,1,19.600028103696175,2.3700231605978974,4,0,4.4,0.1,249.2
JM,Departamento,3,7,2,2,0,0,1,1,0,1,0,1,28.967876027269497,3.9248744458861067,4,0,4.0,0.35,375.9
PY,Casa pareada,2,5,4,0,0,1,0,0,1,1,0,1,9.317728436188741,3.3804555728716097,4,1,3.3,185.0,353.8
JM,Departamento,3,7,5,1,0,1,1,0,0,1,0,1,29.107280780043293,2.86774411114891,4,1,7.3,0.35,554.9
UY,Casa,3,10,4,0,1,0,0,1,0,1,0,2,31.16485369737188,4.880151715188889,5,1,4.4,8.5,364.3
JM,Casa pareada,2,3,2,0,0,0,0,0,0,1,0,2,22.062908406769456,1.8687632786287116,3,0,0.0,0.35,124.2
SV,Otro,2,7,2,0,1,1,1,0,1,1,0,3,15.98533369270826,3.000333469296121,8,1,11.7,0.19,609.4
AR,Casa,4,10,1,5,1,1,1,1,0,1,1,3,27.59174688079765,3.677902232925792,9,1,11.7,85.0,726.6
CL,Casa,4,8,1,2,0,1,0,1,0,1,0,2,18.783767099013055,0.2313001493692246,5,1,3.3,150.0,302.9
CR,Departamento,4,11,5,1,0,0,0,0,0,1,0,1,19.487551919635028,3.595478006398568,2,0,0.0,145.0,225.4
US,Departamento,2,6,6,1,0,1,1,1,0,1,0,1,25.765706656608327,3.455765440169773,5,1,7.3,0.16,626.0
CL,Departamento,1,3,4,0,0,0,1,0,1,1,0,2,28.147894092543744,4.92374559260163,5,0,4.0,150.0,412.5
MX,Casa,1,4,1,0,0,0,1,1,0,1,0,0,0.0,0.6902342022734231,3,0,4.0,1.2,289.0
PY,Casa,1,1,2,0,0,0,1,1,1,1,0,1,21.557027302391294,4.3766175178379125,5,0,4.0,185.0,374.8
BO,Departamento,2,3,2,0,1,1,0,0,0,1,0,1,21.41565505586169,2.952499504336237,4,1,7.7,0.6,386.4
PR,Casa,4,8,6,1,0,0,0,0,0,1,0,3,10.903720059592017,5.331615542570049,4,0,0.0,0.22,269.9
VE,Departamento,3,10,3,0,1,1,1,0,0,1,0,2,20.16110889157624,2.9092152324754803,6,1,11.7,0.01,604.9
CR,Casa,4,10,5,1,1,0,0,0,0,1,0,2,29.573815707063208,3.089926723791758,4,1,4.4,145.0,360.2
PA,Departamento,5,8,1,1,0,0,0,0,1,1,0,2,26.88898059965647,3.215495223660702,4,0,0.0,0.17,149.1
CO,Departamento,3,5,3,0,0,0,1,0,1,1,0,2,17.068139555924805,1.6184572836681599,5,0,4.0,820.0,358.9
VE,Departamento,3,7,2,2,0,0,1,0,0,1,0,3,18.967144995767434,2.8132866589418413,5,0,4.0,0.01,344.4
GT,Casa pareada,1,1,1,0,1,1,1,1,1,1,0,2,28.95512684055381,3.2089624417908684,8,0,11.7,1.7,623.8
MX,Casa,3,9,4,1,1,0,0,0,0,1,0,2,21.568356076242996,3.5667536856934405,4,1,4.4,1.2,325.4
PE,Departamento,4,8,5,2,1,1,1,1,0,1,0,1,24.88444599223402,1.2367391084274,6,1,11.7,0.62,720.5
EC,Departamento,5,12,3,0,0,1,0,0,0,1,1,2,27.931988705190246,1.6646693331807565,5,1,3.3,0.1,351.4
PE,Departamento,3,6,1,3,1,0,1,0,1,1,0,3,23.710763703583467,3.8833623811619162,7,1,8.4,0.62,489.5
PA,Departamento,2,6,2,0,0,0,0,1,0,1,0,1,36.34427904612301,0.0,3,0,0.0,0.17,152.2
CO,Casa,2,3,1,0,0,1,0,0,0,1,0,3,21.058968373694103,2.463811208114369,5,0,3.3,820.0,254.0
SV,Casa,4,13,6,1,1,0,0,0,0,1,0,1,26.23163497006695,2.9443209994906443,3,1,4.4,0.19,374.9
BO,Casa móvil,2,5,6,2,0,1,0,1,0,1,0,4,23.197095424228486,2.0525070117493236,7,1,3.3,0.6,485.6
PE,Casa,0,2,1,0,1,0,0,0,0,1,0,2,27.510421004504362,2.3997410165527255,4,0,4.4,0.62,220.4
NI,Departamento,2,7,6,0,0,1,0,0,0,1,0,1,18.43716170357774,2.7849072756356694,3,1,3.3,7.5,385.0
CR,Departamento,2,6,1,0,1,1,0,0,0,1,0,1,23.33749816455677,2.6138038128485204,4,0,7.7,145.0,355.7
CR,Casa,3,7,2,2,0,1,1,0,1,1,1,2,24.47422407035767,3.470604780840067,7,1,7.3,145.0,566.3
HT,Casa,1,1,1,0,0,0,1,0,0,1,0,2,7.2929107806574756,2.233016423353027,4,0,4.0,0.14,263.2
US,Casa,2,6,5,0,0,0,1,0,0,1,0,2,19.663070391812703,5.348017345835519,4,0,4.0,0.16,407.1
CO,Departamento,2,8,1,0,0,0,0,0,0,1,1,3,22.37838612420403,5.599890931932764,5,0,0.0,820.0,165.3
HT,Casa,4,9,2,0,1,0,0,1,1,1,0,2,24.5528127100632,4.444627137170932,6,1,4.4,0.14,326.9
VE,Casa pareada,2,7,1,0,0,1,1,0,1,1,0,4,4.988671803119228,1.5370405021402958,8,0,7.3,0.01,442.5
BO,Casa,3,4,1,1,1,0,0,0,1,1,0,0,0.0,3.933333729225198,3,1,4.4,0.6,247.3
ES,Casa pareada,4,9,5,1,0,1,1,1,0,1,0,1,2.9561258274316558,2.212020940262251,5,1,7.3,0.27,581.0
AR,Casa pareada,3,8,3,1,1,0,1,0,0,1,1,1,3.397693853052992,3.9879663236558214,5,1,8.4,85.0,504.3
JM,Casa,3,10,4,2,1,1,1,0,1,1,0,1,18.467023862248126,4.982566831530114,6,1,11.7,0.35,693.9
BO,Departamento,2,5,3,0,0,0,0,0,1,1,0,1,17.054915033982027,2.321700087123731,3,0,0.0,0.6,174.0
BR,Otro,0,1,1,0,0,1,0,1,0,1,0,4,25.18839297423519,1.7992959851805568,7,0,3.3,0.75,307.9
BO,Casa,2,3,4,0,0,1,1,0,1,1,0,2,13.238179786295468,3.142553589950094,6,1,7.3,0.6,540.7
US,Departamento,2,4,4,0,1,1,0,0,1,1,0,2,25.545664432075988,0.8463477772662538,6,1,7.7,0.16,480.7
CL,Casa,3,6,5,1,0,1,1,0,0,1,1,2,9.490909436425232,3.178693083667206,6,1,7.3,150.0,597.2
PR,Casa,2,1,1,2,1,0,0,0,0,1,1,1,39.06618770724657,3.3526526018582445,4,1,4.4,0.22,291.7
PR,Casa,0,2,1,0,0,1,1,0,0,1,0,2,0.2683160422738986,3.5237754026648727,5,0,7.3,0.22,411.3
MX,Casa,4,11,3,2,0,0,0,0,1,1,0,2,21.312958885771685,2.434720348679515,4,0,0.0,1.2,216.1
NI,Casa,2,2,2,0,0,1,1,0,0,1,0,2,27.270978277516377,4.347185487581573,5,1,7.3,7.5,467.7
CL,Casa,2,5,7,2,0,0,1,0,1,1,0,0,0.0,3.8552804293263723,3,0,4.0,150.0,502.6
HT,Casa,3,8,4,1,0,1,1,1,0,1,0,3,15.388544291492327,1.1858099979905208,7,1,7.3,0.14,566.4
JM,Departamento,4,8,4,0,0,1,0,1,1,1,0,2,8.95391389162182,4.671164312651971,6,1,3.3,0.35,403.7
VE,Casa,5,8,3,0,0,0,0,0,0,1,0,1,13.46967526212891,0.0,2,0,0.0,0.01,132.4
CL,Departamento,2,3,4,1,0,0,0,1,0,1,0,1,12.470668074970805,6.992264427199545,3,0,0.0,150.0,247.1
US,Casa,5,11,6,1,0,1,0,1,0,1,0,2,27.226430604933178,4.487295632363828,5,1,3.3,0.16,463.3
BR,Casa,1,2,1,0,0,1,0,0,1,1,0,2,13.331099059414798,3.793002670304154,5,0,3.3,0.75,273.6
GT,Departamento,4,12,8,0,0,1,1,1,0,1,0,2,16.79780392574505,5.619660702964309,6,1,7.3,1.7,684.3
ES,Casa,4,8,5,0,1,0,0,1,0,0,1,1,21.88461951484803,0.7330343052957549,4,1,4.4,0.27,367.2
NI,Casa,2,8,1,1,1,0,0,1,0,1,0,4,37.17845765136789,2.9278839098776324,7,1,4.4,7.5,319.0
HN,Casa,3,7,3,2,0,0,1,0,0,1,0,2,44.46102076296576,2.9385695594888968,4,0,4.0,3.5,387.8
AR,Casa,3,8,1,1,0,1,0,0,1,1,0,1,23.206718004056178,3.7467775102036307,4,1,3.3,85.0,286.2
CU,Casa,5,11,8,2,1,1,1,0,0,1,0,3,26.663654360120304,4.53891288551355,7,1,11.7,0.09,809.4
PE,Otro,1,2,2,0,1,0,0,0,0,1,1,2,37.65104160590528,1.428753376466417,5,1,4.4,0.62,299.5
PE,Casa,1,1,2,0,0,0,1,0,0,1,0,1,0.9543885506653424,3.5782021332711116,3,0,4.0,0.62,292.5
JM,Casa pareada,3,6,1,0,1,0,0,0,0,1,0,2,29.328883581451365,2.696042295962479,4,0,4.4,0.35,223.3
CU,Otro,4,11,2,2,0,0,1,1,0,1,1,1,29.995068453141215,5.252501682819963,5,0,4.0,0.09,426.7
HT,Casa,4,8,2,2,1,0,0,0,0,1,1,3,34.292325248562996,1.5017319752921272,6,1,4.4,0.14,342.3
CO,Otro,1,3,1,0,0,0,0,1,1,1,0,2,20.82143221291945,1.9817611261684673,5,0,0.0,820.0,163.8
US,Departamento,2,7,1,1,0,1,0,0,1,1,0,2,20.52226059744707,3.15414526799227,5,1,3.3,0.16,292.0
NI,Departamento,3,8,1,1,1,0,0,0,0,1,0,2,10.364714721831675,5.328182320848743,4,1,4.4,7.5,233.5
GT,Departamento,2,8,3,0,0,1,0,1,1,1,0,1,25.49534350628782,2.3008308511594775,5,1,3.3,1.7,366.1
BR,Casa,1,3,1,0,1,0,0,0,0,1,0,3,24.056240037619176,3.893785578627565,5,0,4.4,0.75,234.9
PE,Casa,3,8,3,2,0,1,1,0,1,1,0,1,25.674811638447057,1.7955516407127934,5,1,7.3,0.62,533.9
US,Departamento,3,3,4,1,0,1,1,1,0,1,0,3,11.114028672032942,2.027368635330082,7,1,7.3,0.16,564.6
PY,Casa,1,2,1,0,1,0,0,0,0,1,0,1,3.5089438207315347,3.2076353519647887,3,0,4.4,185.0,201.3
NI,Casa,2,6,2,0,0,0,1,1,1,1,0,1,5.829110820113195,3.2564866153875753,5,0,4.0,7.5,363.3
EC,Casa,3,8,1,0,0,0,0,0,0,1,0,1,31.061496481152922,2.504219011577885,2,0,0.0,0.1,90.6
JM,Departamento,2,6,4,1,0,0,0,0,0,0,0,1,9.820545661799622,3.054165234332566,1,0,0.0,0.35,153.0
UY,Casa,0,4,1,0,1,0,0,0,1,1,0,3,18.518992546016023,3.8281791341514086,6,0,4.4,8.5,257.6
JM,Casa,3,8,3,0,1,1,0,1,1,1,1,2,19.31198229847724,2.4578734738830157,8,1,7.7,0.35,537.0
US,Casa,3,9,5,1,1,1,0,0,1,1,0,3,2.729106091566777,3.1116770012348844,7,1,7.7,0.16,518.0
EC,Casa,2,5,1,1,0,0,0,0,1,1,0,1,23.98357369604236,3.2202196301017665,3,0,0.0,0.1,135.8
BR,Otro,3,5,4,3,0,0,1,1,0,0,0,4,22.31628712728101,2.4665306815765184,6,0,4.0,0.75,436.4
CU,Departamento,3,9,5,0,1,1,1,0,1,1,0,1,11.680804988104384,3.1101964490471685,6,1,11.7,0.09,683.0
DO,Casa pareada,3,8,2,0,0,0,1,0,0,1,0,1,23.30039934441335,1.5862804444922531,3,0,4.0,12.5,293.4
BR,Casa,2,4,1,0,1,0,1,0,1,1,0,1,28.143209444252648,3.2835982960009824,5,0,8.4,0.75,422.2
HT,Casa,4,9,3,0,0,0,0,0,0,1,0,2,8.556756746512487,2.993069371990012,3,0,0.0,0.14,147.5
CL,Casa,3,9,6,2,0,0,1,0,0,1,0,2,26.37089010577277,4.356607176443037,4,0,4.0,150.0,468.5
BO,Departamento,2,7,1,0,0,0,1,0,1,1,1,3,38.475653485417254,3.7321908283085166,7,0,4.0,0.6,387.9
CU,Otro,3,1,2,0,0,1,0,1,0,1,1,1,22.827627257530256,5.774593241848434,5,1,3.3,0.09,364.4
PR,Departamento,2,7,3,0,1,0,0,0,0,1,0,4,15.384323516455764,3.4826375187381715,6,1,4.4,0.22,289.3
NI,Casa móvil,2,5,1,0,1,1,0,1,1,1,1,1,5.3981889631656905,4.303349565034972,7,0,7.7,7.5,470.1
PE,Casa,2,7,2,0,0,0,1,0,1,1,0,2,30.693485294074357,3.8595070417396675,5,0,4.0,0.62,350.1
SV,Casa,2,6,4,0,0,1,1,0,1,1,0,2,22.494126246346312,2.8906559923089037,6,1,7.3,0.19,547.5
PY,Departamento,5,8,4,1,0,0,0,0,0,1,0,2,13.869082504802986,6.4753098326551335,3,0,0.0,185.0,212.0
HT,Casa,1,1,1,0,0,0,0,0,0,1,0,3,14.10151849808938,3.9385801521539525,4,0,0.0,0.14,103.0
PY,Departamento,4,13,4,1,1,0,1,0,0,1,0,1,6.878836052523333,0.0,4,1,8.4,185.0,474.0
PA,Departamento,3,9,4,2,0,0,0,0,1,1,0,2,18.335414911527725,2.970476300909286,4,0,0.0,0.17,245.8
CR,Casa,3,8,4,1,0,0,1,0,1,1,0,1,14.839761459054964,4.625479541461566,4,0,4.0,145.0,407.9
EC,Casa,2,2,2,0,1,0,0,0,1,1,0,4,13.96248478237313,2.351846831349508,7,1,4.4,0.1,282.1
PE,Departamento,4,10,4,2,0,0,1,1,0,1,0,2,8.651875016134664,2.2252598544767785,5,0,4.0,0.62,424.4
CU,Casa,4,10,1,3,0,0,0,1,1,1,0,2,36.77958581454647,5.696115090579335,5,0,0.0,0.09,238.2
EC,Casa,2,5,5,0,0,1,1,0,1,0,1,3,22.974609850565123,1.818306365653894,7,1,7.3,0.1,592.4
CR,Departamento,2,4,2,0,0,0,1,0,1,1,0,4,32.92981539111311,1.4927978038276728,7,0,4.0,145.0,371.3
MX,Departamento,5,10,8,3,0,1,0,0,1,1,0,4,15.515986339173978,6.093472528118938,7,1,3.3,1.2,554.9
DO,Casa,4,11,4,4,0,0,0,1,0,1,0,4,15.098885533511679,3.966548412513899,6,0,0.0,12.5,301.6
UY,Casa,4,10,1,1,0,0,0,1,0,1,0,3,25.27276845415764,3.0036786866525964,5,0,0.0,8.5,168.3
CO,Casa,2,8,2,0,0,0,0,1,1,1,0,2,0.0,5.232168675793158,5,0,0.0,820.0,188.6
PA,Casa,1,1,1,0,0,0,0,1,0,1,0,2,0.0,3.514044217001211,4,0,0.0,0.17,121.1
EC,Casa,1,4,4,0,1,0,0,0,1,1,0,3,32.82627994749329,1.7767147351574613,6,1,4.4,0.1,357.0
PE,Departamento,3,6,2,1,0,0,0,1,0,1,0,0,0.0,3.4836917431144494,2,0,0.0,0.62,166.0
UY,Departamento,1,3,1,0,0,1,0,0,1,1,1,3,14.28581053513231,3.2337314854708836,7,0,3.3,8.5,323.4
BO,Departamento,1,2,1,0,1,1,1,0,0,0,0,3,0.0,3.513192319247375,6,0,11.7,0.6,492.9
ES,Casa,1,6,2,0,1,0,0,0,0,1,0,3,17.86988705498861,2.4302422099156527,5,1,4.4,0.27,250.7
CO,Departamento,3,6,1,0,1,1,1,0,1,1,0,0,0.0,5.540681205015803,5,0,11.7,820.0,567.7
PR,Casa,2,6,1,0,1,0,1,0,1,1,0,2,33.65217339833981,1.0129090643242944,6,0,8.4,0.22,429.8
ES,Casa,2,5,3,0,0,0,1,0,0,1,0,3,33.82458643463325,1.6168454065947975,5,0,4.0,0.27,358.1
ES,Casa,2,6,2,1,1,0,1,1,0,1,0,1,31.26869594034611,2.734078303985276,5,1,8.4,0.27,476.2
DO,Casa,3,7,3,0,1,0,0,0,1,1,1,1,14.366866508342774,6.815340901570275,5,1,4.4,12.5,356.1
VE,Casa,1,4,1,0,0,1,1,1,0,1,0,3,33.3625387638148,3.373787201622685,7,0,7.3,0.01,493.7
DO,Departamento,2,9,2,0,1,0,0,1,0,1,0,2,31.06959380828232,0.0,5,1,4.4,12.5,283.3
PA,Casa,4,12,5,3,0,0,1,0,0,1,0,4,16.828070807866553,5.074166267467906,6,0,4.0,0.17,464.2
PY,Departamento,2,8,3,1,0,0,1,0,1,1,0,1,29.779617227766714,5.145161916684707,4,0,4.0,185.0,386.5
PR,Departamento,2,5,1,0,1,1,0,0,0,1,0,0,0.0,4.276822199064237,3,0,7.7,0.22,352.2
BR,Departamento,2,3,3,0,1,0,0,1,0,1,1,2,14.287123092411939,2.3298709069186105,6,1,4.4,0.75,353.6
EC,Otro,3,8,1,0,1,0,1,0,0,1,0,1,8.060667401555522,0.14594455073692814,4,0,8.4,0.1,370.2
GT,Departamento,2,5,4,2,0,1,0,0,1,1,0,4,29.09833584673663,5.079061001561826,7,1,3.3,1.7,438.6
GT,Departamento,3,6,5,2,0,0,1,0,0,1,1,1,14.780862292739346,4.551429112885289,4,0,4.0,1.7,467.1
GT,Casa,3,6,4,0,1,1,1,0,0,1,0,1,28.58700150317221,0.831323766636971,5,1,11.7,1.7,620.3
CU,Departamento,2,7,3,0,0,1,1,0,0,1,0,2,13.49105995899065,1.4860255456856157,5,1,7.3,0.09,473.8
US,Casa,2,3,1,0,0,1,1,1,0,1,0,0,0.0,3.6884979716984265,4,0,7.3,0.16,450.4
CU,Casa,4,11,4,3,0,0,1,0,0,1,0,1,16.074556918811624,7.35548196219065,3,0,4.0,0.09,418.5
PR,Casa,1,1,1,0,1,0,0,1,0,1,0,4,11.651952214921822,1.9271373178528455,7,0,4.4,0.22,256.4
SV,Casa,3,6,2,1,1,1,0,1,1,1,0,3,13.947307483676585,1.8725120110911306,8,1,7.7,0.19,477.0
PA,Casa,0,5,2,0,0,0,0,0,0,1,0,1,22.65882584598961,2.656335485256575,2,0,0.0,0.17,117.7
HN,Casa,5,15,3,0,1,0,1,1,1,1,0,1,21.092571117709735,4.665076762232486,6,1,8.4,3.5,525.2
CR,Casa,3,5,4,1,0,0,1,0,1,1,0,2,15.189893415973168,4.381388219172207,5,0,4.0,145.0,414.2
DO,Casa,2,7,2,0,0,0,0,1,0,1,0,1,7.443745010547671,5.345657688917512,3,0,0.0,12.5,162.9
SV,Casa pareada,4,9,1,1,0,0,0,0,0,1,0,2,10.79454849508261,2.838621389071035,3,0,0.0,0.19,103.8
PE,Otro,3,10,5,1,0,1,1,1,0,1,0,3,9.18963344958649,3.1022803871390225,7,1,7.3,0.62,596.7
VE,Departamento,1,1,1,0,0,1,0,1,1,1,0,2,29.43635973426779,1.022723790582309,6,0,3.3,0.01,315.5
AR,Casa pareada,0,1,1,0,0,1,0,0,0,1,0,1,24.106969029499073,3.6410619723365794,3,0,3.3,85.0,241.1
MX,Casa,3,9,1,1,0,0,0,1,1,1,0,1,11.314906384830184,2.18449690174259,4,0,0.0,1.2,166.0
PE,Casa,2,6,3,1,0,0,0,1,1,1,0,2,16.899662158988647,2.4984973951878815,5,0,0.0,0.62,237.7
CU,Casa,2,2,4,0,1,1,0,1,1,1,0,2,35.21634796836283,2.9955634822330555,7,1,7.7,0.09,538.2
PA,Departamento,0,1,1,0,0,0,0,0,1,1,1,2,9.45555522649407,2.4810043576498924,5,0,0.0,0.17,160.8
GT,Casa,3,7,1,1,0,0,0,0,0,1,0,3,15.419318518889813,3.973085560747885,4,0,0.0,1.7,119.8
BO,Casa pareada,3,8,4,2,0,1,0,1,0,1,1,2,7.99891167381362,1.3086281960042654,6,1,3.3,0.6,433.1
ES,Departamento,4,12,4,1,1,0,0,1,0,1,0,1,2.917295726413606,0.853924290300272,4,1,4.4,0.27,336.1
HN,Casa pareada,2,5,1,0,0,0,0,0,1,1,0,2,11.593066367505783,3.2431549049142023,4,0,0.0,3.5,121.3
NI,Casa,3,9,5,1,0,0,1,0,1,1,0,4,33.10125442669088,2.6695878118201777,7,0,4.0,7.5,481.6
SV,Casa,2,6,3,0,0,0,0,0,1,1,0,1,13.49024494301402,6.102015054883293,3,0,0.0,0.19,188.7
GT,Casa,2,7,3,1,0,0,1,1,1,1,1,1,31.373533938096863,4.363759402546413,6,0,4.0,1.7,468.5
JM,Otro,5,12,9,3,0,0,1,1,1,1,1,1,19.615972843630836,1.660169764814793,6,0,4.0,0.35,662.0
HN,Casa,3,10,1,1,0,1,1,0,1,1,0,2,0.0,1.50624401184315,6,1,7.3,3.5,446.1
EC,Casa,2,4,1,0,0,0,1,1,0,1,0,1,12.222652765324545,2.4831616637564995,4,0,4.0,0.1,302.6
PE,Casa,2,8,2,0,0,0,0,0,0,1,0,2,15.114136280923063,3.2777821640179488,3,0,0.0,0.62,124.3
CL,Casa,3,6,3,1,1,1,0,1,1,1,0,1,28.265878605415743,4.906132244764255,6,1,7.7,150.0,512.8
HN,Casa,2,6,4,1,1,0,0,0,0,1,0,2,19.21580892427579,2.524025309660785,4,1,4.4,3.5,319.0
SV,Casa,3,11,1,1,0,0,0,0,1,1,0,2,29.869680807271372,3.9169171648645738,4,0,0.0,0.19,154.7
UY,Casa pareada,2,7,1,0,0,1,0,0,0,1,0,0,0.0,4.953391911854176,2,0,3.3,8.5,235.7
GT,Departamento,0,4,1,0,0,0,1,1,0,1,0,2,19.51570207798917,2.7120693313868682,5,0,4.0,1.7,315.7
CR,Casa,0,1,1,0,0,0,1,0,1,1,0,2,4.50761260655214,0.3419179080829773,5,0,4.0,145.0,282.8
HN,Casa,2,4,3,0,1,0,0,0,1,1,0,2,32.71576833733596,4.2220325411251665,5,1,4.4,3.5,322.8
EC,Casa,0,4,1,0,0,1,0,0,1,1,0,2,14.302071904250006,3.205701711332253,5,0,3.3,0.1,271.9
BR,Casa,4,7,2,1,0,0,1,0,0,1,0,2,9.370233447064809,1.1040231931875848,4,0,4.0,0.75,305.1
HT,Casa,0,1,1,0,0,0,1,0,1,1,0,2,15.51605341734303,4.130151183840472,5,0,4.0,0.14,308.4
CU,Casa,4,10,1,0,0,0,0,0,0,1,0,3,36.53208823417507,1.3663936893452622,4,0,0.0,0.09,120.5
DO,Casa,2,5,1,1,1,0,0,0,1,1,0,2,14.606851135891105,1.9771084311732137,5,1,4.4,12.5,252.8
CR,Casa,2,3,1,0,1,0,1,0,0,1,1,1,20.387693766067176,4.052372873186478,5,0,8.4,145.0,436.8
US,Casa,3,7,2,0,0,0,1,0,1,1,0,3,11.770602928740209,2.951402511548707,6,0,4.0,0.16,335.9
DO,Departamento,3,14,3,1,1,1,1,0,0,1,0,3,18.53548094811133,2.9209540803658713,7,1,11.7,12.5,627.2
GT,Departamento,2,4,2,2,0,0,0,0,1,1,0,1,28.291876204060152,2.3033616067153124,3,0,0.0,1.7,178.7
CL,Departamento,2,7,1,0,0,0,1,0,0,1,0,4,22.327749917565896,2.113769659046363,6,0,4.0,150.0,295.8
BO,Departamento,2,8,2,0,0,0,1,0,1,1,0,1,16.66700239899455,5.208359642813104,4,0,4.0,0.6,336.2
EC,Casa pareada,1,6,1,0,0,0,1,1,0,1,0,1,18.81863525199899,0.6137365477048315,4,0,4.0,0.1,297.4
US,Departamento,2,4,3,1,1,0,0,0,0,1,0,1,18.266674363861405,0.0,3,1,4.4,0.16,268.9
BR,Casa,1,8,4,0,1,0,1,0,1,1,1,1,0.0,3.0536572209819846,6,1,8.4,0.75,543.2
DO,Casa,1,1,6,0,0,0,1,0,1,1,0,3,29.55956871624107,1.9561582622630471,6,0,4.0,12.5,474.3
DO,Casa,2,6,3,1,0,0,0,0,1,1,0,0,0.0,4.326272679365351,2,0,0.0,12.5,189.6
VE,Departamento,2,4,1,0,0,0,1,0,0,1,0,3,22.684401314183646,3.4153738456252616,5,0,4.0,0.01,291.7
ES,Casa,1,1,1,0,1,0,0,0,0,1,0,2,43.435539434626904,3.8229445653342653,4,0,4.4,0.27,240.1
HN,Departamento,3,8,6,1,1,1,1,0,0,1,0,2,22.541724155957766,1.1872138843801503,6,1,11.7,3.5,704.5
EC,Casa,3,5,4,2,1,0,0,0,0,1,1,2,24.300812472346422,2.34158054997706,5,1,4.4,0.1,382.1
GT,Casa,2,7,4,0,1,0,1,1,0,1,1,1,31.848810647934762,2.5421918508262986,6,1,8.4,1.7,565.2
PA,Departamento,4,9,4,2,1,0,0,0,0,1,0,1,20.095514260535996,1.651208836836277,3,1,4.4,0.17,321.7
NI,Departamento,4,15,4,2,0,1,0,0,0,1,0,3,11.24588220651005,4.176791018075244,5,1,3.3,7.5,368.9
CU,Casa,3,8,1,0,0,0,1,0,0,1,0,1,6.279624202569469,2.3388169630057005,3,0,4.0,0.09,259.4
NI,Casa,3,7,1,0,1,0,1,1,0,1,0,3,4.8439027480742425,1.9923345923487172,7,0,8.4,7.5,422.3
BR,Casa,4,7,3,0,1,0,0,0,0,1,0,2,31.671773015444824,5.9219130868394725,4,1,4.4,0.75,299.1
UY,Departamento,1,4,1,0,1,1,0,0,1,1,0,1,17.814099045501624,1.532734794863058,5,0,7.7,8.5,378.8
PE,Departamento,4,8,2,1,1,1,0,0,1,1,0,1,10.263626878577668,2.11245246949857,5,1,7.7,0.62,423.1
BO,Casa pareada,0,1,1,0,1,0,0,0,0,1,0,2,24.507989220987316,1.666267926208593,4,0,4.4,0.6,214.8
CO,Departamento,5,11,4,0,0,1,1,0,0,1,0,2,25.92532632681084,5.534668618865733,5,1,7.3,820.0,531.7
BO,Casa,0,1,1,0,1,0,0,0,0,1,1,1,24.748684426620997,2.864566377251122,4,0,4.4,0.6,253.5
UY,Departamento,2,7,2,0,0,0,1,0,0,1,0,1,15.897690141727264,1.6810467224953258,3,0,4.0,8.5,290.7
HN,Casa,3,5,2,2,1,0,0,1,1,1,0,4,22.78288673841208,2.357180266452844,8,1,4.4,3.5,367.2
CO,Departamento,2,6,1,0,0,0,1,0,0,1,0,1,20.310928596551715,2.305406093380447,3,0,4.0,820.0,265.2
UY,Casa,2,5,2,1,1,0,1,0,0,1,0,1,22.680088522903542,2.36246949185436,4,1,8.4,8.5,430.9
SV,Departamento,4,10,4,2,1,1,1,0,1,1,0,1,0.0,3.140965959641126,6,1,11.7,0.19,677.4
CL,Casa,2,3,3,0,0,0,0,0,0,1,0,4,22.377763463268618,2.9252962132634748,5,0,0.0,150.0,179.4
PA,Departamento,2,8,1,0,0,1,1,0,0,1,0,1,11.735902881877518,5.145593786337235,4,0,7.3,0.17,422.2
BR,Casa,3,5,1,2,0,0,1,0,0,1,0,4,11.686293821443412,4.178895199646603,6,0,4.0,0.75,316.6
PE,Casa pareada,4,8,3,1,0,1,1,1,1,1,1,2,11.409274146694084,1.3664221029600991,8,1,7.3,0.62,601.3
MX,Casa pareada,2,7,3,1,0,0,0,0,0,1,0,4,43.40008908465405,2.7166679872435666,5,0,0.0,1.2,229.2
EC,Casa,2,1,1,0,0,0,1,0,1,1,0,4,35.330576602026355,2.0290230033210466,7,0,4.0,0.1,347.6
CO,Casa móvil,3,6,6,0,0,0,0,0,0,1,0,1,32.33959238670663,2.1007988464508704,2,0,0.0,820.0,239.4
US,Departamento,3,8,3,0,0,1,0,0,0,1,0,2,22.33368023955778,2.886300581919346,4,1,3.3,0.16,307.3
CO,Casa,2,5,2,0,1,0,1,0,0,1,0,2,12.960691992794644,4.179256410947177,5,1,8.4,820.0,425.7
PE,Departamento,1,2,1,0,0,0,0,0,1,1,1,3,15.743242412674979,2.771852036343209,6,0,0.0,0.62,174.8
CO,Casa,3,7,3,0,0,1,0,0,1,1,0,1,27.025750118764506,3.4703119863471446,4,1,3.3,820.0,331.6
AR,Departamento,2,4,1,2,0,0,0,0,0,1,0,2,16.966669166943493,2.378538088416074,3,0,0.0,85.0,122.0
UY,Casa,3,8,3,0,0,0,1,0,1,1,1,2,25.847065193942214,4.894887800351691,6,0,4.0,8.5,425.1
VE,Casa,2,5,1,0,0,0,0,0,1,1,0,2,10.57473995094764,0.7553490993337961,4,0,0.0,0.01,109.7
PE,Casa,1,5,2,0,0,0,1,0,1,1,0,2,35.18595740383442,3.381919693322827,5,0,4.0,0.62,351.9
SV,Casa,3,6,4,1,0,0,0,0,0,1,1,2,20.012486525569805,1.7162803609970805,4,0,0.0,0.19,241.4
JM,Casa,1,7,1,0,1,1,0,0,0,1,1,3,26.58635250444059,1.9866071945887012,7,0,7.7,0.35,423.0
PA,Departamento,1,3,4,0,0,1,1,0,1,1,0,1,17.456672799583,0.9378070839914274,5,1,7.3,0.17,526.7
NI,Casa,1,2,3,0,1,0,0,0,0,1,0,1,17.499519851099414,1.685522429178522,3,1,4.4,7.5,260.8
SV,Casa,4,9,3,0,1,0,0,0,0,1,0,3,7.672178716478474,0.5287442563233569,5,1,4.4,0.19,259.6
EC,Departamento,2,10,1,3,1,0,0,0,0,1,0,3,21.27386551113911,2.8673217661539443,5,1,4.4,0.1,271.9
BO,Casa,5,13,3,2,1,1,1,1,1,1,0,2,19.482145869170292,1.7971851512549764,8,1,11.7,0.6,699.7
PA,Departamento,1,2,4,0,0,0,0,0,1,1,0,1,32.74723798013488,2.7950780877336836,3,0,0.0,0.17,212.7
VE,Casa,2,5,2,1,0,0,1,0,1,1,0,1,22.96155063309527,0.24005804045832946,4,0,4.0,0.01,332.6
MX,Casa,3,8,1,2,0,0,0,0,0,1,1,2,16.438227364794255,6.1107871838483465,4,0,0.0,1.2,182.2
AR,Casa,3,7,1,2,0,0,1,1,0,1,0,1,33.775719096898854,2.924049691319614,4,0,4.0,85.0,343.6
GT,Casa,3,5,3,2,0,1,0,1,0,1,1,3,26.670602949202646,2.0650123530410998,7,1,3.3,1.7,434.2
US,Casa móvil,0,1,2,0,0,1,0,0,0,1,1,1,33.71824949958453,0.2764672581079828,4,1,3.3,0.16,305.4
PY,Departamento,4,12,3,0,1,0,0,1,0,1,0,1,15.671151494090234,2.0908693352740224,4,1,4.4,185.0,301.8
DO,Departamento,2,7,3,2,0,0,0,1,1,1,1,2,20.97383280256932,4.40102315508795,6,0,0.0,12.5,308.9
MX,Casa,3,7,1,0,0,0,1,1,0,1,0,1,27.113384558342865,2.6729001561192804,4,0,4.0,1.2,309.8
EC,Casa,4,10,4,0,0,0,0,0,0,1,0,1,19.821741146421175,1.68791895755275,2,0,0.0,0.1,172.4
PA,Casa,4,7,2,2,0,0,1,0,1,1,0,1,26.706996115097454,2.7279008942809058,4,0,4.0,0.17,359.8
NI,Casa,3,8,2,1,0,0,1,0,1,1,0,1,19.53090571899699,1.0960309258656895,4,0,4.0,7.5,334.8
CO,Casa pareada,1,1,1,0,1,0,0,0,0,1,0,1,30.83071410524127,2.416332426631524,3,0,4.4,820.0,209.6
HT,Departamento,3,10,2,0,1,1,1,0,1,1,0,1,18.294509271423465,4.941581125662575,6,1,11.7,0.14,603.6
BR,Departamento,2,8,2,2,0,0,1,1,0,1,0,1,28.34202324830207,2.494171999158118,4,0,4.0,0.75,369.5
JM,Casa,1,1,1,0,1,0,0,0,0,1,0,1,14.61590473503718,3.950858656258268,3,0,4.4,0.35,209.2
PR,Casa,3,10,3,1,0,0,1,0,0,1,0,2,21.47526005127328,0.12422253570125763,4,0,4.0,0.22,341.2
ES,Departamento,3,12,1,2,1,0,1,0,0,1,0,2,13.300439428917143,2.918597007800205,5,1,8.4,0.27,420.6
EC,Casa pareada,1,4,1,0,0,0,1,0,1,1,0,2,21.53344805181074,3.4970432521144694,5,0,4.0,0.1,310.8
UY,Casa,1,4,5,0,0,1,0,1,1,0,0,2,37.48175382348123,3.3520644199680443,5,1,3.3,8.5,416.3
US,Departamento,2,6,3,1,1,0,0,0,0,1,0,2,21.017483986160098,3.8709127215336165,4,1,4.4,0.16,296.2
HT,Casa,3,5,1,0,0,0,0,0,1,1,0,3,30.221281683193588,5.630983361635848,5,0,0.0,0.14,160.8
VE,Casa,3,5,2,1,0,0,1,0,0,1,1,2,6.779797650216858,2.746101027233681,5,0,4.0,0.01,354.6
AR,Casa,3,8,3,1,0,0,1,0,0,1,0,3,43.76999267016792,1.7860257595982865,5,0,4.0,85.0,386.5
GT,Casa,3,8,4,1,1,0,0,0,0,1,1,4,11.100977871128732,1.3530846818015667,7,1,4.4,1.7,362.6
MX,Casa,5,12,1,1,1,0,1,0,1,1,0,4,19.76695445667864,3.119189108330007,8,1,8.4,1.2,460.3
SV,Casa pareada,3,7,2,1,0,0,0,0,1,1,0,2,16.63447540650408,7.091651839295088,4,0,0.0,0.19,186.7
PR,Casa pareada,2,6,5,0,0,1,1,1,0,1,0,3,19.99289125658126,4.106372414730465,7,1,7.3,0.22,599.8
MX,Departamento,2,6,1,0,0,0,0,0,0,1,0,1,11.224287633121225,1.4334900901122345,2,0,0.0,1.2,77.6
SV,Casa,2,5,1,0,0,0,0,0,0,1,0,1,6.302121514480252,2.825251796670185,2,0,0.0,0.19,81.5
PY,Casa pareada,2,6,1,1,0,0,0,1,0,1,1,2,25.784603620133552,0.9518155830554313,5,0,0.0,185.0,193.1
NI,Casa,1,3,2,0,0,0,0,1,0,1,0,1,22.187513324192647,4.920931806599933,3,0,0.0,7.5,167.3
CL,Casa,4,10,6,3,0,0,0,1,1,1,0,2,21.385558580459715,3.4628927514147754,5,0,0.0,150.0,365.6
PA,Casa,3,9,1,0,0,1,0,0,0,1,0,1,19.485878462601917,4.317838206016447,3,0,3.3,0.17,242.0
CU,Casa pareada,2,6,2,1,0,0,1,0,1,1,1,2,13.27181792457155,1.8042747860951627,6,0,4.0,0.09,386.2
CR,Departamento,2,4,1,1,1,1,1,0,1,1,0,1,31.368664366437354,3.5231460203891913,6,1,11.7,145.0,588.1
US,Departamento,2,7,1,0,0,1,0,0,1,1,0,1,0.0,1.781011722038531,4,0,3.3,0.16,252.2
PE,Departamento,3,8,1,2,0,0,1,0,0,1,0,2,29.141389719288128,3.8716817527694363,4,0,4.0,0.62,318.8
UY,Departamento,4,10,6,1,1,1,0,1,1,1,0,2,14.385476354719984,0.7557548795893854,7,1,7.7,8.5,585.9
PE,Casa,4,8,6,4,0,0,0,0,0,1,0,3,26.476647741314892,5.059841960899347,4,0,0.0,0.62,333.6
HT,Departamento,3,11,2,1,0,1,1,0,0,1,0,1,12.46996184210164,2.014359134418791,4,1,7.3,0.14,454.1
GT,Departamento,3,5,2,2,0,0,0,0,0,1,0,1,12.782648038610127,3.198391164009436,2,0,0.0,1.7,145.8
CL,Casa pareada,3,4,2,1,1,0,0,0,0,1,0,1,9.185409297887055,2.4494779508063447,3,1,4.4,150.0,245.5
AR,Casa,2,5,3,0,0,0,1,0,0,1,1,2,23.222072636981807,2.85933111697761,5,0,4.0,85.0,384.0
AR,Casa pareada,4,9,3,2,1,0,1,0,0,1,0,3,15.241945135515877,4.722137908946369,6,1,8.4,85.0,497.2
PR,Casa,2,7,2,0,0,0,0,0,0,1,0,2,7.217127789097972,4.888249279012393,3,0,0.0,0.22,124.5
JM,Departamento,1,5,1,0,0,1,0,0,1,1,1,2,22.660848122274103,2.1085533315021427,6,0,3.3,0.35,318.9
US,Casa,4,11,4,0,0,0,0,0,0,1,1,1,8.605792508872925,4.327660196717226,3,0,0.0,0.16,223.6
CL,Casa,3,4,6,1,1,0,1,0,0,1,0,3,17.82951998822951,0.8165071535297965,6,1,8.4,150.0,558.7
HN,Casa,1,1,2,0,0,0,0,0,0,1,0,2,27.15790589550723,5.24548574553708,3,0,0.0,3.5,143.0
EC,Casa,0,1,1,0,1,1,0,1,1,1,0,3,11.279701709920204,1.8008533254624761,8,0,7.7,0.1,428.3
PE,Casa,4,10,5,1,0,1,0,0,1,1,0,2,2.520901835879748,6.082097029512591,5,1,3.3,0.62,409.2
CO,Departamento,3,10,2,0,0,0,0,1,0,1,0,2,25.88830070986593,1.0025704938511248,4,0,0.0,820.0,163.8
MX,Casa,5,13,4,1,0,1,1,1,0,1,0,4,7.61227769636638,2.613795587136117,8,1,7.3,1.2,566.6
PR,Casa,3,8,1,1,0,0,0,1,0,1,0,1,27.070530999820836,3.8200334680419603,3,0,0.0,0.22,149.7
MX,Departamento,3,10,2,1,0,1,0,0,1,1,0,2,5.5133026566647825,1.1081968441754237,5,1,3.3,1.2,300.5
MX,Casa,2,5,2,0,0,0,0,0,0,1,0,2,6.36852869508353,3.6013336216240166,3,0,0.0,1.2,118.3
CL,Casa pareada,4,10,6,2,0,0,0,0,1,1,1,3,26.58058080756745,0.9809932843237004,6,0,0.0,150.0,360.9
US,Casa pareada,3,7,3,2,0,0,1,0,1,1,0,2,0.0,3.1098902675304867,5,0,4.0,0.16,379.4
JM,Casa,3,8,3,0,1,0,0,1,0,1,1,3,18.969172174985047,3.2024590154509958,7,1,4.4,0.35,370.1
PR,Casa,4,8,2,3,1,0,1,0,1,1,0,3,8.518467223268036,3.379487882996819,7,1,8.4,0.22,498.0
JM,Departamento,3,9,2,1,0,1,0,1,0,1,1,2,16.977836138731114,2.4752884966410043,6,1,3.3,0.35,370.7
AR,Departamento,2,6,1,1,1,0,0,1,0,1,0,2,3.207849092105157,3.6795868998592547,5,1,4.4,85.0,260.4
VE,Casa,2,7,3,1,0,1,0,0,0,1,1,0,0.0,2.7763621814816477,3,1,3.3,0.01,346.0
AR,Departamento,2,6,2,1,1,0,1,0,1,1,0,3,14.042185878744661,1.8752358303151742,7,1,8.4,85.0,468.6
ES,Otro,4,5,3,0,1,1,1,0,0,1,0,2,8.447931355917405,1.473163024542667,6,1,11.7,0.27,588.8
NI,Departamento,2,8,2,0,0,1,0,0,0,1,1,3,15.904781979882557,2.9724653050664505,6,1,3.3,7.5,324.3
DO,Otro,4,8,4,1,0,1,0,1,1,1,1,2,30.980614757459353,0.0,7,1,3.3,12.5,462.0
PY,Casa pareada,2,5,1,1,0,1,0,0,0,1,0,2,8.977853982086462,2.846174672449965,4,1,3.3,185.0,250.8
NI,Departamento,3,9,4,0,0,0,1,0,0,1,0,3,18.061332877068644,0.0,5,0,4.0,7.5,361.1
MX,Departamento,5,10,5,4,1,0,0,0,0,1,0,4,21.91939217981281,1.9195091721272353,6,1,4.4,1.2,413.7
DO,Casa,2,6,1,0,1,0,1,0,0,1,0,2,19.750883799325763,4.27261954454244,5,0,8.4,12.5,401.9
UY,Departamento,4,11,4,1,0,0,0,1,0,1,0,1,20.834706305470537,3.7300924690700197,3,0,0.0,8.5,236.6
MX,Casa,1,1,3,0,1,0,1,1,1,1,0,2,0.0,2.8111958953860117,7,1,8.4,1.2,507.6
PY,Departamento,1,2,3,0,0,0,0,0,0,1,1,3,31.816503230464807,0.6984408481926367,5,0,0.0,185.0,216.3
PE,Casa,1,1,1,0,1,0,1,1,1,1,0,1,9.984870526339622,4.420429650359123,6,0,8.4,0.62,459.4
CU,Casa,1,4,2,0,0,0,1,0,0,1,0,1,4.97820956789521,2.753159421017768,3,0,4.0,0.09,290.6
PY,Casa,4,13,5,1,1,0,0,0,0,1,0,1,25.33869239319022,1.9668783656005815,3,1,4.4,185.0,340.3
BO,Departamento,3,6,1,2,0,0,1,0,1,1,1,2,39.35787059812025,3.559934401153606,6,0,4.0,0.6,400.8
MX,Casa,1,2,2,0,0,0,0,0,1,1,0,2,20.846999416792922,3.9879257536525805,4,0,0.0,1.2,162.3
BR,Casa,5,7,1,2,0,1,0,0,1,1,0,0,0.0,4.207904639908499,3,1,3.3,0.75,292.6
GT,Departamento,2,6,4,0,0,1,1,0,1,1,0,1,31.912317729374315,5.6521843895768304,5,1,7.3,1.7,553.1
EC,Otro,3,12,3,2,0,0,1,0,0,1,0,1,23.315666343573586,3.518426177495999,3,0,4.0,0.1,361.7
JM,Departamento,2,5,2,2,0,0,0,0,1,1,0,1,27.713329294051153,1.2885285862015174,3,0,0.0,0.35,174.1
NI,Casa pareada,4,9,4,0,0,0,0,0,0,1,0,3,10.774631433035795,3.8386586269075105,4,0,0.0,7.5,188.3
BR,Casa,3,6,3,1,0,0,1,1,0,1,0,2,27.830481965571856,7.962088987782175,5,0,4.0,0.75,416.1
CR,Casa,3,11,5,1,0,0,0,0,0,1,0,4,20.983784233642247,3.1862754368213997,5,0,0.0,145.0,253.2
CU,Otro,2,8,4,0,0,0,0,0,0,1,1,2,0.0,3.917204342231263,4,0,0.0,0.09,217.4
PA,Casa pareada,0,1,1,0,0,0,0,0,0,1,1,2,27.161102323653555,1.8222678521129398,4,0,0.0,0.17,142.9
CU,Casa,2,5,2,0,0,1,1,0,0,1,0,3,35.301814051454,1.3829341802117567,6,1,7.3,0.09,477.5
UY,Casa,3,4,2,0,0,0,0,0,0,1,0,1,16.253348546196822,1.55270052190655,2,0,0.0,8.5,110.3
BO,Casa,2,5,1,0,0,1,0,0,0,1,0,3,5.159571978204889,4.317485178946814,5,0,3.3,0.6,241.7
HN,Casa,5,14,5,2,0,0,0,0,0,1,0,3,26.083481134868848,4.412590114616709,4,0,0.0,3.5,270.3
HT,Casa pareada,5,11,3,1,0,0,0,0,1,1,1,1,13.86039052461738,4.413916948056045,4,0,0.0,0.14,241.2
DO,Casa,3,7,3,0,0,0,1,0,1,1,1,4,23.80895023736381,1.4646134092930159,8,0,4.0,12.5,430.3
HN,Departamento,1,3,1,0,0,1,0,0,1,1,1,4,9.247304637387128,3.815808901896621,8,0,3.3,3.5,324.1
AR,Casa,3,7,2,2,1,0,0,1,0,1,0,1,19.427114535192825,3.3678970447880348,4,1,4.4,85.0,308.9
PE,Departamento,3,8,3,0,1,1,0,1,1,1,0,3,17.398014261515304,3.1721114842008333,8,1,7.7,0.62,501.9
VE,Departamento,3,7,1,0,1,0,0,0,0,1,1,3,9.351634875027257,3.842905253581536,6,0,4.4,0.01,260.6
BO,Casa pareada,1,8,1,0,0,0,0,0,1,1,0,2,15.86721388209169,4.035367726041702,4,0,0.0,0.6,128.3
GT,Casa,2,5,3,0,0,0,0,0,0,1,0,1,32.195535595848135,0.5124844584666235,2,0,0.0,1.7,142.6
PY,Departamento,1,2,1,0,0,0,1,1,0,1,0,2,31.486607170966344,2.5592993668189727,5,0,4.0,185.0,325.2
GT,Departamento,1,3,1,0,0,0,0,0,0,1,0,2,37.86879980169445,5.2100558131514525,3,0,0.0,1.7,121.9
VE,Departamento,3,6,4,0,1,0,1,1,1,1,0,3,0.0,2.87694213908293,8,1,8.4,0.01,537.9
VE,Casa,4,12,3,2,0,0,0,1,1,1,0,2,29.899256207620255,0.96695505548829,5,0,0.0,0.01,257.1
PE,Casa,2,2,3,1,1,1,1,1,0,1,0,3,31.8051964102,5.219896229731692,8,1,11.7,0.62,694.0
ES,Casa,5,15,3,0,0,0,1,0,0,1,0,2,4.930800423957294,4.848875003189887,4,0,4.0,0.27,332.4
AR,Departamento,3,7,3,0,0,0,0,0,0,1,0,2,30.209480375208756,2.8868342832197804,3,0,0.0,85.0,165.4
VE,Casa,4,14,4,3,1,0,0,0,0,1,0,2,36.93759213265726,2.3704327953655144,4,1,4.4,0.01,363.3
PR,Casa,3,9,1,0,1,0,0,0,0,1,0,2,11.839362426973258,5.754783442620174,4,0,4.4,0.22,221.5
HN,Casa pareada,2,6,3,0,0,0,0,0,1,1,0,2,16.23233914512781,4.7455759822804735,4,0,0.0,3.5,191.6
US,Casa,1,3,3,0,1,0,1,1,0,1,1,0,0.0,4.067852321898928,5,1,8.4,0.16,527.5
BR,Departamento,4,9,8,1,0,0,0,1,0,1,1,2,26.215263867946323,3.589392183426138,5,0,0.0,0.75,414.8
EC,Departamento,4,9,3,3,0,1,1,0,0,1,0,1,25.05687689759963,1.7831669595695603,4,1,7.3,0.1,518.5
SV,Casa,3,7,4,2,0,0,1,0,1,1,0,1,32.142591874421754,2.780459899976372,4,0,4.0,0.19,422.4
PA,Casa pareada,4,9,4,2,0,0,0,0,0,1,0,2,21.529242677673242,1.160179262119019,3,0,0.0,0.17,210.7
GT,Casa,3,7,3,0,0,0,1,1,0,1,0,2,14.435835995357069,2.8715137770704193,5,0,4.0,1.7,372.1
BR,Casa,1,5,1,0,0,0,1,0,1,1,0,1,14.075059362629645,3.700454098080309,4,0,4.0,0.75,298.6
PE,Casa,2,3,1,0,1,1,0,1,0,1,1,3,7.78878221830044,1.6578518705732594,8,0,7.7,0.62,437.8
ES,Departamento,5,11,10,4,1,0,0,0,1,1,1,2,21.668717184146235,5.690097226617221,6,1,4.4,0.27,634.3
BO,Casa,2,9,3,0,0,0,0,0,1,1,0,3,22.299067263660017,2.534612309044488,5,0,0.0,0.6,197.5
PA,Departamento,2,8,2,0,1,0,1,0,1,1,0,4,24.463042336647927,6.303684190498004,8,1,8.4,0.17,496.9
BR,Casa,2,4,2,0,0,0,0,0,1,1,1,2,33.06818899463961,3.3378467326157315,5,0,0.0,0.75,214.5
HN,Departamento,3,6,4,0,1,0,0,0,1,1,0,1,25.00313999872518,3.212646866534566,4,1,4.4,3.5,330.6
MX,Casa,2,5,3,0,0,0,0,0,0,1,0,3,32.262155455555344,2.5089000964438117,4,0,0.0,1.2,180.0
SV,Casa,2,3,2,1,0,1,0,0,0,1,0,2,21.819709134283336,5.28208469599615,4,1,3.3,0.19,302.1
AR,Casa,4,9,3,0,0,0,0,1,1,1,0,2,15.121260522420375,1.324761899132017,5,0,0.0,85.0,216.1
VE,Casa,3,6,2,2,0,0,1,0,0,1,0,2,20.48516811815238,3.7312839647088056,4,0,4.0,0.01,340.8
HN,Casa,1,3,1,0,0,1,1,0,1,1,0,1,21.081507879641567,2.89755592118481,5,0,7.3,3.5,446.7
PY,Casa,5,10,4,2,0,0,0,0,0,1,0,3,5.972070262656393,2.7692533578574876,4,0,0.0,185.0,207.6
EC,Departamento,2,4,2,0,0,0,0,0,1,1,0,3,7.830022972856295,0.8897845391742139,5,0,0.0,0.1,142.0
CL,Casa,3,8,3,0,1,0,1,0,0,1,0,3,11.777948293450372,3.0232600546279644,6,1,8.4,150.0,455.5
HN,Casa,3,10,3,0,0,0,1,0,0,1,0,3,18.32788109280706,4.324675461633747,5,0,4.0,3.5,350.0
MX,Casa,3,4,3,1,1,0,1,0,0,1,0,3,16.79793490313996,0.6747729067261741,6,1,8.4,1.2,466.8
PY,Casa pareada,2,7,1,0,0,0,0,1,1,1,0,1,12.01299763625008,2.307610422394599,4,0,0.0,185.0,151.9
EC,Casa,4,7,2,2,0,0,1,0,1,1,1,1,24.487746691580533,2.4176842205592517,5,0,4.0,0.1,402.2
CL,Casa,3,6,1,0,1,1,0,1,1,1,0,2,26.95009591892189,3.6347834038672238,7,0,7.7,150.0,443.9
PA,Casa,1,6,4,0,0,0,0,0,1,1,1,2,12.68461840869424,3.1161744755813614,5,0,0.0,0.17,256.3
PA,Departamento,3,8,2,2,0,0,0,0,1,1,0,1,19.894379676912212,3.4478892035277924,3,0,0.0,0.17,180.0
CL,Casa,2,4,2,0,0,0,1,0,0,1,0,2,19.19687661486006,1.6569546912393003,4,0,4.0,150.0,300.8
PY,Casa pareada,0,3,1,0,0,0,0,1,1,1,1,3,14.870338436251027,1.444358944891896,7,0,0.0,185.0,208.1
EC,Departamento,4,10,4,1,0,0,1,0,1,1,0,3,11.162372497174008,2.267524171249311,6,0,4.0,0.1,407.2
CR,Departamento,1,3,1,0,0,0,0,1,0,1,0,2,29.376003913213484,0.0,4,0,0.0,145.0,132.4
NI,Departamento,3,8,5,3,1,0,0,0,0,0,0,3,10.561468776550413,2.5660325308217287,4,1,4.4,7.5,341.0
BO,Otro,2,7,3,0,0,0,1,1,0,1,0,3,37.4373937927606,3.5630128358807633,6,0,4.0,0.6,411.1
HN,Departamento,2,3,3,0,0,0,1,1,0,1,0,2,25.622358084801366,1.9665030353640465,5,0,4.0,3.5,377.7
EC,Casa,0,2,1,0,0,0,0,0,1,1,0,4,15.381819367598377,0.565413953649867,6,0,0.0,0.1,127.5
VE,Casa,3,5,1,1,0,0,0,0,1,1,1,2,21.150552718097597,3.320878056830009,5,0,0.0,0.01,189.3
PY,Casa,2,1,4,0,0,0,0,1,1,1,0,2,23.451943068361665,2.9501545144412855,5,0,0.0,185.0,260.1
HN,Casa,3,6,1,0,0,0,0,0,0,1,0,1,26.959826766476425,4.086626875285518,2,0,0.0,3.5,95.7
PY,Casa,4,10,3,0,0,0,0,0,1,1,0,2,12.53108534192152,0.0,4,0,0.0,185.0,168.2
ES,Casa,2,6,2,0,1,0,1,0,1,0,0,1,43.88931859469875,4.1502470208745335,4,1,8.4,0.27,426.6
ES,Otro,3,3,1,1,1,1,0,0,0,1,0,2,11.987646019451057,4.166474849935884,5,1,7.7,0.27,378.4
AR,Casa,3,6,1,1,0,1,0,1,1,1,0,1,22.092524872914485,3.955046537149429,5,1,3.3,85.0,326.7
AR,Casa,2,5,4,0,0,0,1,0,0,1,0,1,0.10429030854250598,4.374756008545967,3,0,4.0,85.0,355.5
CR,Casa,2,8,3,1,0,0,0,0,1,1,0,1,20.637346160769926,2.9438254758540507,3,0,0.0,145.0,193.2
CR,Casa,4,9,1,0,0,0,1,1,1,0,0,1,0.0,5.3369791465656995,4,0,4.0,145.0,303.0
GT,Departamento,3,11,1,1,0,0,0,0,0,1,0,2,22.347610393061423,3.9707080726961452,3,0,0.0,1.7,118.4
DO,Casa,5,12,6,1,0,1,0,0,0,1,0,2,23.14554621041382,3.3597422313455576,4,1,3.3,12.5,415.0
MX,Casa,3,6,1,1,0,0,0,0,0,1,0,3,33.91017836284979,3.805843805189301,4,0,0.0,1.2,142.6
CO,Casa,2,8,2,0,1,0,0,0,1,1,0,1,11.015475744724053,1.1656724637806262,4,1,4.4,820.0,255.9
NI,Departamento,2,4,1,0,0,1,0,0,0,1,0,1,24.859925801616995,4.6369305693935186,3,0,3.3,7.5,245.6
UY,Departamento,2,6,2,0,0,0,0,0,0,1,0,2,14.401438193984717,1.2268303892840309,3,0,0.0,8.5,114.9
HT,Otro,1,6,1,0,0,1,1,0,1,1,0,1,18.250262847169907,4.296424871044655,5,0,7.3,0.14,451.5
GT,Departamento,4,14,3,0,0,0,1,1,0,1,0,3,39.519927956145246,3.0690104392541158,6,0,4.0,1.7,411.7
DO,Casa,2,5,3,1,0,0,1,0,0,1,0,1,12.360227753533838,3.1188630423606885,3,0,4.0,12.5,340.3
NI,Casa móvil,3,7,1,3,0,0,0,0,0,1,0,1,20.61860172383876,5.487929357482313,2,0,0.0,7.5,144.0
SV,Casa,2,3,4,0,0,1,0,0,0,1,0,1,16.711532004179848,4.155330023923817,3,1,3.3,0.19,330.1
CU,Departamento,4,9,2,2,0,1,1,1,0,1,0,2,17.962803700515718,3.3021237251310955,6,1,7.3,0.09,525.4
CU,Casa,4,11,1,1,1,1,1,0,1,1,1,2,20.285722139760466,2.626613787520158,8,1,11.7,0.09,633.5
BR,Otro,2,8,4,0,0,0,0,0,1,1,0,3,14.31766734401667,2.9745442436095146,5,0,0.0,0.75,219.2
DO,Casa,1,5,1,0,1,0,1,1,1,1,0,1,24.785899914979595,4.529553218902592,6,0,8.4,12.5,466.2
BO,Casa,3,7,2,0,0,0,0,0,0,1,0,0,0.0,3.928208913968874,1,0,0.0,0.6,112.8
MX,Departamento,3,7,7,1,1,0,1,0,0,1,0,2,20.722199527674068,2.404224554861099,5,1,8.4,1.2,589.7
GT,Casa,2,2,1,1,0,1,1,0,1,1,0,2,12.004204230321243,0.0,6,1,7.3,1.7,451.2
PE,Casa,2,6,2,1,1,1,0,0,0,1,0,2,23.81738259206076,0.8579919467455945,5,1,7.7,0.62,404.2
PY,Casa,0,3,1,0,0,0,0,0,0,1,0,2,26.875466012068657,0.975782844975563,3,0,0.0,185.0,94.4
CR,Casa,5,10,6,4,1,1,0,0,0,1,1,2,2.381064537082402,1.331807056515495,6,1,7.7,145.0,597.7
BO,Casa,2,1,1,0,1,0,0,0,1,1,0,2,20.511099569583806,4.231615583669755,5,0,4.4,0.6,252.5
UY,Casa,2,5,1,0,0,1,1,0,0,1,0,3,19.79547824414765,5.720015850399533,6,0,7.3,8.5,446.4
UY,Casa,2,6,3,0,0,0,0,0,0,1,0,1,29.492694475501683,1.4714005303787188,2,0,0.0,8.5,145.5
AR,Otro,1,4,3,0,0,0,1,1,0,1,0,3,25.99088860221722,4.017692250219791,6,0,4.0,85.0,398.5
JM,Casa,3,5,1,1,0,0,0,0,1,1,0,1,17.512982248084743,4.358283579591199,3,0,0.0,0.35,137.9
CL,Casa,2,6,2,0,0,0,1,1,1,1,0,2,33.71292602793466,4.377799856540557,6,0,4.0,150.0,395.0
CU,Departamento,2,8,1,0,0,0,0,0,1,1,1,1,48.71961031599394,2.1708310539054017,4,0,0.0,0.09,171.4
HT,Casa pareada,1,3,3,0,0,0,1,0,1,0,1,3,20.80506338540106,3.2677401695284267,6,0,4.0,0.14,387.4
SV,Otro,2,6,1,3,0,0,1,1,0,1,0,4,15.473505859639166,1.3527279959058744,7,0,4.0,0.19,366.0
CU,Departamento,0,1,1,0,1,1,1,0,1,1,0,1,15.629589405671151,2.4264147922189636,6,0,11.7,0.09,561.7
UY,Casa,4,7,7,0,0,0,0,0,1,1,0,1,25.198006759887072,2.6442000259502407,3,0,0.0,8.5,298.8
NI,Departamento,3,8,2,0,0,1,0,0,0,1,0,1,35.846233049551316,2.4430049636012434,3,1,3.3,7.5,270.9
BR,Casa,5,11,1,1,0,0,0,0,0,1,0,1,25.65269329357489,2.155308964571377,2,0,0.0,0.75,101.8
CL,Departamento,3,10,2,0,0,0,1,0,1,1,0,3,0.0,1.5780841031617194,6,0,4.0,150.0,312.9
SV,Casa,4,11,1,2,0,1,0,1,0,1,0,0,0.0,2.4436576691699727,3,1,3.3,0.19,295.0
PY,Otro,3,6,4,1,0,1,1,0,1,1,0,1,28.93887902147881,1.9784997397588209,5,1,7.3,185.0,551.1
SV,Casa,3,9,2,2,1,0,0,0,0,1,0,2,22.158310569803223,1.1223418598645336,4,1,4.4,0.19,270.4
SV,Casa,2,3,1,0,0,0,1,0,1,1,0,1,12.633924602959437,2.747739208124561,4,0,4.0,0.19,293.9
AR,Otro,2,7,2,0,1,0,0,0,0,1,0,1,11.923477902183288,0.6421282605462486,3,1,4.4,85.0,223.9
PY,Casa,3,4,3,0,0,0,1,1,0,1,0,1,14.985246365301311,2.6940400902482655,4,0,4.0,185.0,364.7
US,Departamento,2,7,1,0,1,0,1,0,1,1,1,2,23.041701326221578,4.370034467782274,7,0,8.4,0.16,479.8
SV,Casa,2,4,1,2,0,0,0,1,0,1,0,1,12.48462462922948,6.471582441949206,3,0,0.0,0.19,169.8
CR,Casa móvil,1,4,1,0,0,0,1,0,1,1,0,4,17.219557532924238,4.046936871413007,7,0,4.0,145.0,325.5
JM,Casa,3,8,4,0,0,0,0,0,0,1,0,2,23.66865446646862,2.7874442066291563,3,0,0.0,0.35,189.5
NI,Casa,3,4,3,1,0,0,1,0,1,1,0,3,29.405697660038136,4.499470194009803,6,0,4.0,7.5,410.0
JM,Casa,3,6,3,0,1,0,0,0,1,1,0,3,32.55719133575684,4.537473606682835,6,1,4.4,0.35,338.5
US,Departamento,2,3,3,0,0,0,0,0,0,1,1,1,14.051290634301216,2.713736418145219,3,0,0.0,0.16,188.9
MX,Casa,1,6,3,0,0,0,1,0,1,1,0,2,31.928030798003846,3.313394319622361,5,0,4.0,1.2,378.8
VE,Departamento,3,6,2,0,1,1,0,0,0,1,0,3,26.913306709917492,2.294284373149237,6,1,7.7,0.01,410.1
CU,Casa,2,4,3,0,0,0,0,0,1,1,0,2,13.942366127147737,2.742466788265344,4,0,0.0,0.09,181.1
CR,Departamento,4,8,4,1,1,0,0,0,0,1,0,1,7.724456233798199,1.8973911410759563,3,1,4.4,145.0,302.5
PE,Casa,1,2,1,0,0,0,1,0,0,1,0,2,0.0,3.342218861764272,4,0,4.0,0.62,260.3
HN,Casa,2,4,2,0,0,0,0,0,0,1,1,1,10.978168859842475,3.1375177078775196,3,0,0.0,3.5,159.5
PE,Casa,3,5,3,3,0,0,1,1,0,1,1,2,1.2969595195110237,3.415462223484365,6,0,4.0,0.62,452.9
PA,Casa,4,13,3,1,0,0,0,0,0,1,0,2,12.59941599273457,3.830025687655529,3,0,0.0,0.17,169.5
DO,Otro,3,8,2,1,1,1,1,0,1,1,0,3,8.984959753327079,2.9727608090265965,8,1,11.7,12.5,615.3
AR,Casa,3,8,2,2,1,0,0,1,0,1,0,2,11.398040428379632,1.8321383453070799,5,1,4.4,85.0,304.4
GT,Departamento,3,12,6,0,0,0,1,1,1,1,0,2,19.31306568307032,1.028244196438111,6,0,4.0,1.7,488.4
DO,Casa,1,5,1,0,1,1,0,0,1,1,0,2,5.593508677568376,0.32168981237751204,6,0,7.7,12.5,371.6
MX,Casa,1,1,1,0,1,0,0,0,1,1,0,2,13.860295053972354,5.328313629349726,5,0,4.4,1.2,251.5
HN,Departamento,2,5,5,2,0,0,0,0,0,1,0,2,7.962508824203255,4.382944667651313,3,0,0.0,3.5,243.0
VE,Departamento,2,3,2,0,0,0,1,1,1,1,1,1,20.4106910743907,2.4677697067669677,6,0,4.0,0.01,410.8
EC,Departamento,2,8,4,2,1,0,1,0,0,1,0,4,16.442915869452392,3.733629608405942,7,1,8.4,0.1,532.2
PA,Casa,3,4,7,1,0,0,1,0,1,1,1,2,30.0388457866806,0.4665244052774442,6,0,4.0,0.17,544.7
CO,Casa,3,10,3,0,0,0,0,0,0,1,0,1,23.14441336672689,3.6681481306062667,2,0,0.0,820.0,152.3
JM,Casa,1,7,2,0,1,1,0,0,0,1,0,3,33.04573358335452,5.803689821485139,6,1,7.7,0.35,433.0
VE,Casa,4,11,2,3,0,0,1,0,0,1,0,1,24.909733899508026,2.138163269973699,3,0,4.0,0.01,341.4
CL,Casa pareada,2,6,2,0,1,0,0,1,0,1,0,2,12.314470599950017,5.372539591965195,5,1,4.4,150.0,290.4
PR,Casa,1,2,1,0,0,0,0,0,1,1,0,2,2.4393157922703637,0.0,4,0,0.0,0.22,99.6
PA,Casa,3,4,1,0,0,0,0,0,1,1,0,2,24.319010016840547,2.501204901082355,4,0,0.0,0.17,128.9
UY,Casa,3,6,3,1,1,0,0,0,0,1,0,3,19.225811175076,1.0973721231749134,5,1,4.4,8.5,291.7
BR,Casa,2,9,1,0,0,0,1,0,1,1,0,2,0.930896079346681,4.993878130711135,5,0,4.0,0.75,299.7
PE,Departamento,2,6,1,1,0,0,0,0,0,1,0,3,21.039928430227324,2.8723214943241095,4,0,0.0,0.62,122.2
PA,Casa,2,6,4,0,0,0,0,0,1,1,1,2,23.032548691368703,2.6631350996358716,5,0,0.0,0.17,263.1
US,Casa,5,17,3,4,0,0,0,1,1,1,1,2,15.23780843415652,5.169112885907623,6,0,0.0,0.16,337.3
PA,Casa pareada,3,5,3,1,1,0,0,1,1,1,0,3,10.512710368625442,2.5389428662149705,7,1,4.4,0.17,357.0
MX,Departamento,0,1,3,0,1,1,1,0,0,1,0,1,10.906424688687608,2.537647717534332,5,1,11.7,1.2,590.1
CL,Casa,4,11,6,2,1,0,1,1,0,1,0,1,19.133083569561382,3.2403411719146527,5,1,8.4,150.0,608.2
CO,Casa,3,7,4,0,0,0,0,1,0,1,0,2,28.81710439798971,4.165120307355734,4,0,0.0,820.0,239.8
AR,Casa,2,9,1,0,1,0,0,1,1,1,0,1,31.72307254235824,0.07410545755739228,5,0,4.4,85.0,270.1
US,Casa,3,9,7,0,0,0,0,0,0,1,0,2,18.34339381562372,3.4964699375105335,3,0,0.0,0.16,278.0
BR,Casa pareada,0,1,1,0,0,1,0,0,0,1,0,2,11.992940036137664,2.3715195573439027,4,0,3.3,0.75,236.3
PY,Casa,2,4,1,1,1,0,0,0,0,1,0,2,31.516517147535374,1.904332280605847,4,1,4.4,185.0,236.7
EC,Departamento,3,7,6,0,0,1,0,0,1,1,0,1,35.170987471282686,2.5350933135648037,4,1,3.3,0.1,421.1
JM,Departamento,3,4,4,0,1,0,1,1,0,1,1,3,29.64972505645055,3.7643825246671447,8,1,8.4,0.35,596.1
MX,Departamento,3,10,1,0,1,1,0,0,0,0,1,3,27.555868624128973,3.047482047020329,6,0,7.7,1.2,392.8
EC,Casa pareada,3,5,3,0,0,1,0,0,0,1,0,2,16.52145175405588,3.0660192323630637,4,1,3.3,0.1,303.1
EC,Otro,2,7,2,1,1,0,1,0,0,1,0,2,38.98052235532924,0.22649582152168435,5,1,8.4,0.1,445.9
BO,Departamento,4,11,5,2,1,1,1,0,0,1,1,1,26.769261333226684,3.03097642445405,6,1,11.7,0.6,733.6
HT,Casa,5,10,4,3,0,0,1,1,1,1,0,1,8.499666150715438,3.86604249821593,5,0,4.0,0.14,472.1
US,Departamento,4,10,4,4,0,0,0,0,1,1,0,4,19.847567444071345,2.24888786231192,6,0,0.0,0.16,292.3
JM,Departamento,0,1,3,0,0,0,0,0,1,1,1,1,10.017965324426605,3.515387620262585,4,0,0.0,0.35,220.8
MX,Casa,2,5,4,0,0,0,1,0,0,1,0,2,30.78985871339564,2.760769039759624,4,0,4.0,1.2,375.4
CU,Casa,4,9,4,3,0,1,1,0,0,1,0,4,6.297713826742298,2.631769373474521,7,1,7.3,0.09,554.4
CR,Casa,3,8,1,1,0,0,0,0,1,1,0,2,27.88972392059984,1.6022645462407439,4,0,0.0,145.0,143.1
BR,Casa,4,10,2,2,0,0,0,1,0,1,0,2,26.502050619467635,4.700344640320494,4,0,0.0,0.75,210.1
PE,Casa pareada,4,12,5,1,0,1,1,0,0,1,0,3,31.858799574608113,5.747472310089749,6,1,7.3,0.62,596.8
US,Casa,2,5,1,0,0,0,1,0,1,1,0,2,18.242948021275737,1.3278746079226635,5,0,4.0,0.16,298.7
CO,Casa,4,12,3,2,0,1,0,0,0,1,0,1,31.568861062177685,2.2441521032255842,3,1,3.3,820.0,328.2
MX,Casa pareada,2,7,1,0,1,0,0,0,0,1,1,2,18.953098539790478,2.483915058310566,5,0,4.4,1.2,258.2
DO,Departamento,4,12,3,0,1,1,0,0,1,1,0,2,4.201591045061811,3.7499751982976246,6,1,7.7,12.5,445.1
US,Casa pareada,3,3,1,1,0,1,0,0,0,1,0,1,28.07814889422469,1.3764531226134344,3,1,3.3,0.16,248.0
UY,Departamento,3,7,2,1,0,1,1,0,0,1,0,4,6.615737467589767,2.0014418280971142,7,1,7.3,8.5,462.2
CR,Casa,4,6,7,1,1,0,1,0,0,1,1,1,25.41785143620262,2.6509142551343867,5,1,8.4,145.0,627.9
NI,Casa,1,1,1,0,0,0,0,0,0,1,0,4,19.264295819308703,3.3110495535794557,5,0,0.0,7.5,115.8
HN,Casa,2,8,3,0,0,1,0,0,0,1,0,2,16.084608154300856,2.5532046800525223,4,1,3.3,3.5,300.5
HN,Otro,2,5,4,0,0,1,1,1,0,1,0,2,7.089488071919845,3.3263132358257854,6,1,7.3,3.5,546.3
CU,Casa pareada,3,7,3,0,0,0,1,0,0,1,0,2,28.44777751445207,3.0837965344253377,4,0,4.0,0.09,344.8
GT,Departamento,3,6,2,0,0,0,1,0,1,1,0,2,31.677701137322984,3.5741732891667124,5,0,4.0,1.7,349.7
BO,Casa,4,8,2,1,1,0,0,1,0,1,0,1,22.085566518607834,5.074743561921909,4,1,4.4,0.6,302.3
MX,Casa,2,5,3,0,0,1,0,0,0,1,0,2,14.067285152734474,1.6613694633071718,4,1,3.3,1.2,295.0
PE,Casa,3,7,3,1,1,1,0,0,1,1,0,1,9.248533625472177,3.270738456935049,5,1,7.7,0.62,457.6
SV,Casa,2,5,1,1,0,0,0,0,0,1,0,1,23.944174092141548,1.8972155486019526,2,0,0.0,0.19,100.0
MX,Casa,4,10,6,1,0,0,0,1,0,1,0,3,15.677841253443457,4.762427932325602,5,0,0.0,1.2,313.6
CL,Departamento,2,5,4,0,0,1,0,0,1,1,0,0,0.0,3.9536833935185807,3,1,3.3,150.0,351.5
GT,Departamento,2,5,1,1,1,0,1,1,0,1,0,4,12.156576778209004,1.0921416627749057,8,1,8.4,1.7,448.6
DO,Casa,3,6,3,0,0,0,1,0,0,1,0,3,14.920319418909147,3.927353776272721,5,0,4.0,12.5,344.0
HT,Casa,0,1,1,0,1,0,0,0,0,1,0,0,0.0,2.8483745109218845,2,0,4.4,0.14,197.6
PY,Otro,2,6,1,0,1,0,0,0,0,1,0,1,13.909797844331168,5.948623381874888,3,0,4.4,185.0,217.5
MX,Casa,3,6,4,1,0,0,0,1,0,1,0,2,5.994423051106319,2.8825017466893477,4,0,0.0,1.2,229.9
CO,Departamento,3,8,7,0,0,0,0,1,1,1,0,3,25.89139917733976,4.500175795953377,6,0,0.0,820.0,370.6
SV,Casa,4,10,7,1,1,0,0,0,1,1,0,2,16.000931765255125,2.7519666546320494,5,1,4.4,0.19,437.3
AR,Casa,3,9,1,0,0,0,1,0,1,1,1,2,17.39557402372833,3.795910892844447,6,0,4.0,85.0,353.2
BO,Departamento,1,4,1,0,0,1,0,1,0,1,0,3,19.35682279305268,5.069590169040379,6,0,3.3,0.6,303.1
CO,Casa pareada,3,8,2,2,0,0,1,0,1,1,0,1,31.720356542050794,2.9547370179111883,4,0,4.0,820.0,362.9
UY,Casa,5,11,6,1,1,0,1,0,0,1,0,2,23.95770678423926,0.43394971432642615,5,1,8.4,8.5,554.0
SV,Departamento,2,5,2,0,0,0,1,1,1,1,0,3,26.133203921138765,4.8368770128197145,7,0,4.0,0.19,402.3
CU,Casa,3,5,3,0,0,1,0,1,1,1,0,1,27.66872219051868,2.540266917129122,5,1,3.3,0.09,368.0
HN,Departamento,1,3,1,0,0,0,0,0,1,1,1,2,6.495974938875374,3.9348009555738557,5,0,0.0,3.5,164.5
PY,Casa pareada,3,7,2,2,0,0,1,0,0,1,1,1,10.906672162532889,0.6363702341222743,4,0,4.0,185.0,358.7
BR,Casa pareada,3,6,3,0,0,0,0,0,1,0,0,2,33.077344408478304,1.1528269338427164,3,0,0.0,0.75,154.5
CL,Casa,1,5,1,0,0,1,0,0,1,1,0,1,11.3172221419653,3.0181346661399107,4,0,3.3,150.0,263.0
CU,Departamento,3,6,4,1,0,0,0,1,1,1,0,2,29.92661998618707,4.583874795104961,5,0,0.0,0.09,287.6
UY,Casa,2,4,4,0,1,0,0,0,1,1,0,2,25.547680770599808,2.402307068681717,5,1,4.4,8.5,338.9
PE,Departamento,3,6,4,0,0,0,1,1,1,1,0,2,11.339050386587017,4.432464228484942,6,0,4.0,0.62,436.2
VE,Departamento,2,2,4,0,1,0,1,0,0,1,0,2,22.747624655952876,2.0848832631011662,5,1,8.4,0.01,485.1
DO,Casa,3,8,2,1,1,0,0,0,0,1,0,1,17.592491322623577,3.811953866168103,3,1,4.4,12.5,254.9
NI,Otro,3,7,2,0,1,0,0,1,1,1,0,4,24.298398439507785,0.7060887618522682,8,1,4.4,7.5,332.7
VE,Departamento,2,3,1,1,0,0,1,0,0,1,1,1,10.740595183365599,2.2326287814759063,4,0,4.0,0.01,320.5
SV,Casa,4,9,4,2,1,0,0,0,0,1,0,3,0.0,2.4242556268419855,5,1,4.4,0.19,315.8
PE,Casa,5,12,2,1,0,0,1,0,1,1,1,2,3.3495103557042576,0.24258694023359517,6,0,4.0,0.62,371.1
PY,Otro,5,11,7,3,0,0,1,0,1,1,1,2,15.687550239509118,2.765158646803893,6,0,4.0,185.0,572.3
AR,Casa,3,4,1,0,1,0,1,0,0,1,0,2,17.009887132062257,4.075184058828911,5,0,8.4,85.0,398.7
BR,Departamento,4,8,3,1,1,0,1,1,1,1,0,1,4.959358532607105,5.188544501761016,6,1,8.4,0.75,535.6
MX,Departamento,0,3,1,0,0,0,1,0,1,1,0,4,30.003696530416313,2.1595956251206627,7,0,4.0,1.2,339.1
PR,Departamento,2,5,1,0,1,0,0,1,0,1,0,2,0.0,2.4996481653763283,5,0,4.4,0.22,236.2
DO,Casa,3,5,3,0,0,0,0,0,0,1,0,1,26.71016333878076,0.5335930534569937,2,0,0.0,12.5,140.3
ES,Casa,2,4,1,0,0,0,0,0,0,1,0,1,21.401517807208617,3.9237313058867196,2,0,0.0,0.27,92.6
HN,Casa,4,10,6,1,1,0,0,1,1,1,0,3,7.467097172682223,1.9454747339293106,7,1,4.4,3.5,440.6
US,Departamento,4,6,4,2,0,0,1,0,0,1,1,2,33.01740988400212,3.622361223312039,5,0,4.0,0.16,455.6
JM,Casa,3,10,2,2,1,0,0,1,1,1,0,1,14.729873756925507,2.8795158252216844,5,1,4.4,0.35,334.9
CO,Departamento,2,5,1,1,0,1,0,0,1,1,1,3,25.740901224781346,2.726202069057961,7,1,3.3,820.0,350.8
PE,Casa,4,11,2,0,1,1,0,0,0,1,0,3,15.36873559132779,4.26432098661657,6,1,7.7,0.62,403.9
MX,Departamento,2,6,5,0,0,0,1,0,0,1,0,2,14.875774007555986,3.915100841453892,4,0,4.0,1.2,396.8
CU,Casa,1,3,2,0,0,0,0,0,0,1,0,2,16.14429897930357,1.6503477399581512,3,0,0.0,0.09,118.2
BO,Casa,3,7,1,0,1,0,0,0,0,1,0,2,11.761505460164063,0.32670328147586947,4,0,4.4,0.6,198.2
HT,Casa pareada,4,9,1,1,0,1,0,0,0,1,0,2,17.492580997849632,2.923002522550146,4,1,3.3,0.14,258.3
VE,Casa,4,9,4,1,0,0,0,0,1,0,0,2,0.0,5.54986845422877,3,0,0.0,0.01,188.9
EC,Casa,4,10,5,0,0,0,1,0,0,1,0,1,18.886730828011924,3.951728304322887,3,0,4.0,0.1,391.7
HT,Departamento,2,3,2,1,0,0,0,1,0,1,0,1,3.0473140934230116,3.7307857406893596,3,0,0.0,0.14,169.1
VE,Casa,2,8,4,0,1,1,0,0,0,1,0,0,0.0,2.928984282860569,3,1,7.7,0.01,436.4
BR,Casa pareada,3,6,3,2,0,1,0,0,1,1,0,3,27.01246785952126,1.9154135538617707,6,1,3.3,0.75,379.3
BR,Casa,2,7,2,2,0,1,0,1,1,1,0,3,18.007050377192694,4.33486176511622,7,1,3.3,0.75,388.3
AR,Casa pareada,3,10,2,2,1,0,1,0,0,1,0,2,19.670755412930873,3.7156043513674577,5,1,8.4,85.0,459.4
UY,Departamento,0,3,1,0,1,0,1,0,0,1,0,1,27.354010446931426,3.114079354361513,4,0,8.4,8.5,391.1
PA,Casa,4,11,1,0,0,1,0,0,0,1,0,1,25.627170607896943,0.0,3,0,3.3,0.17,226.1
DO,Casa,3,5,1,1,0,0,0,1,0,1,0,1,4.081401930484734,3.597321989452463,3,0,0.0,12.5,138.9
PE,Casa,3,6,3,1,0,1,1,1,0,1,0,2,26.093387713578018,2.3916903612904603,6,1,7.3,0.62,543.4
ES,Casa,5,12,1,4,0,1,0,1,0,1,1,3,37.982331625816116,3.2784284366925696,7,1,3.3,0.27,423.8
BO,Departamento,1,3,2,0,1,0,1,0,1,1,0,2,14.054267055338139,5.742456020121149,6,1,8.4,0.6,463.5
HT,Casa pareada,3,7,2,0,1,1,1,1,1,1,0,2,29.118115061016262,3.3840589238437184,8,1,11.7,0.14,654.7
NI,Casa,2,6,1,0,1,0,1,1,0,1,1,3,11.930608844289702,4.212990659654602,8,0,8.4,7.5,485.5
HN,Departamento,2,3,1,1,1,0,1,0,1,1,0,3,16.014209135386903,1.9445805925864939,7,1,8.4,3.5,441.4
CO,Casa,3,7,2,1,0,1,0,1,0,1,0,2,20.411372399790096,2.15773431312222,5,1,3.3,820.0,327.6
CU,Casa pareada,2,8,1,1,1,0,0,0,0,1,0,3,19.982135930607758,2.4772190157080645,5,1,4.4,0.09,238.6
JM,Casa,3,8,3,1,0,0,0,0,1,1,0,2,20.248375144285493,3.5968407599769328,4,0,0.0,0.35,205.1
AR,Casa,2,8,3,2,0,1,0,1,0,1,0,3,15.020412064512692,3.1993475447450384,6,1,3.3,85.0,379.6
PE,Casa,4,7,3,3,0,1,0,1,0,1,0,4,13.531434384855864,4.181511953833457,7,1,3.3,0.62,403.3
DO,Departamento,2,5,1,0,1,0,0,1,1,1,0,1,29.396191183575787,3.344195230724528,5,0,4.4,12.5,283.1
BR,Casa,2,4,2,0,1,0,1,0,1,1,0,2,20.886339388792575,4.294313603558347,6,1,8.4,0.75,463.0
NI,Casa,4,11,7,2,0,0,0,1,0,1,0,3,27.96476123629668,3.3636664837052113,5,0,0.0,7.5,368.2
BO,Casa,0,3,1,0,0,0,1,0,0,1,0,4,14.561998877461697,0.3626753629935009,6,0,4.0,0.6,275.1
JM,Departamento,2,7,3,1,1,0,0,1,0,1,0,0,0.0,4.665517442632913,3,1,4.4,0.35,320.5
BR,Casa,3,4,1,0,0,0,0,0,0,1,0,3,24.457488357347703,3.7929525243573137,4,0,0.0,0.75,115.5
UY,Casa,5,13,7,4,1,0,0,0,0,1,0,2,14.573702985046904,4.423633096301634,4,1,4.4,8.5,458.2
BR,Casa,4,9,6,4,0,0,1,0,1,1,0,3,15.24809940617265,5.29496146513116,6,0,4.0,0.75,530.4
ES,Otro,1,1,1,0,1,0,1,0,0,1,0,2,18.9688109357227,3.7230694518264063,5,0,8.4,0.27,398.9
HN,Casa,1,4,3,0,0,0,0,0,0,1,0,2,23.42723853463708,3.229177039851703,3,0,0.0,3.5,161.2
BO,Departamento,3,9,5,0,1,0,0,0,1,1,1,3,31.094593607514277,3.0725145478641287,7,1,4.4,0.6,435.0
UY,Departamento,3,6,1,2,0,0,0,1,0,1,0,1,3.6827650716468874,1.6788326373761602,3,0,0.0,8.5,145.5
SV,Casa,1,1,1,0,0,0,0,0,0,1,0,3,26.68219915813795,6.399595203812448,4,0,0.0,0.19,129.6
SV,Casa,3,10,2,2,0,0,0,0,1,1,1,1,31.343873395542325,4.849487780241322,4,0,0.0,0.19,235.5
DO,Otro,4,9,5,1,1,0,1,0,1,1,1,1,15.905573944811906,3.6180344291936755,6,1,8.4,12.5,598.1
VE,Casa,3,7,1,0,0,1,0,0,0,1,0,1,1.8969135971985658,3.887867025369188,3,0,3.3,0.01,232.7
HT,Casa pareada,2,7,2,0,0,0,1,0,1,1,0,1,32.57764078761349,3.540428276817319,4,0,4.0,0.14,335.8
AR,Departamento,4,7,1,1,0,0,0,1,0,1,0,2,13.48030775337087,2.7189202465235183,4,0,0.0,85.0,145.6
AR,Departamento,3,10,1,0,1,0,0,0,0,1,0,4,0.014707236979244698,4.520279717991521,6,0,4.4,85.0,207.7
VE,Casa,3,6,5,2,0,1,1,1,1,1,0,3,22.386922772107077,4.453264046904401,8,1,7.3,0.01,664.4
MX,Casa,5,12,7,1,0,1,1,1,0,1,0,1,28.851871445710437,2.9690048756466685,5,1,7.3,1.2,655.2
CO,Otro,2,5,2,1,0,0,0,0,1,0,0,2,27.086529058563745,2.160749785382892,3,0,0.0,820.0,138.8
EC,Casa,5,11,4,3,0,0,0,1,0,1,0,4,22.64041565026552,4.746987140709249,6,0,0.0,0.1,302.7
HN,Departamento,2,6,2,1,1,0,1,0,1,1,0,2,23.383423222977875,2.8703556370706886,6,1,8.4,3.5,474.1
MX,Departamento,2,4,1,0,0,0,1,0,1,1,1,3,39.42279375808332,4.1948403353733745,7,0,4.0,1.2,391.1
HN,Casa,2,6,1,0,1,0,1,0,0,1,1,3,24.632331615741116,3.015633816511071,7,0,8.4,3.5,456.5
CU,Otro,4,9,2,1,0,0,1,0,1,1,0,1,20.576103810307146,2.629462123699995,4,0,4.0,0.09,341.8
CL,Otro,1,4,2,0,0,0,0,1,1,1,0,2,30.190654824141944,2.5046302689763067,5,0,0.0,150.0,203.9
DO,Casa,3,7,4,0,0,0,1,0,0,1,0,1,20.823248421831096,2.3198388971547033,3,0,4.0,12.5,355.5
MX,Casa,4,11,1,1,0,0,1,1,1,1,1,3,0.0,1.1889159844203174,8,0,4.0,1.2,380.9
PR,Departamento,3,4,4,1,0,1,1,0,1,1,1,2,35.326711238672964,1.276998398792459,7,1,7.3,0.22,611.1
JM,Departamento,3,9,3,0,1,0,0,0,1,1,0,4,22.5801815210049,0.1507028207529486,7,1,4.4,0.35,317.3
PA,Departamento,3,9,3,1,0,0,1,0,1,1,0,2,33.908659724704776,2.7789583062377012,5,0,4.0,0.17,393.2
JM,Casa pareada,4,11,1,1,1,1,0,0,0,1,0,4,14.264081290192241,6.506934780150242,7,1,7.7,0.35,403.9
PE,Departamento,1,1,3,0,0,0,0,0,1,1,0,1,11.266416043799355,3.338403508349711,3,0,0.0,0.62,175.9
HN,Casa pareada,4,12,2,2,1,0,0,0,0,1,0,2,25.807236181275947,2.7065691158941263,4,1,4.4,3.5,280.3
CU,Departamento,3,5,3,1,0,1,0,0,1,1,0,4,26.023049826782604,1.4446857647148281,7,1,3.3,0.09,372.8
JM,Casa,4,10,2,1,0,1,0,1,1,1,0,1,37.55202005068449,4.506151545454996,5,1,3.3,0.35,365.6
AR,Departamento,2,2,3,1,0,0,0,0,1,1,0,2,33.73063420606057,5.283427717300434,4,0,0.0,85.0,223.8
HT,Casa,3,8,3,0,1,0,0,0,0,1,1,1,4.5651777981100174,0.0,4,1,4.4,0.14,292.7
GT,Casa,4,10,2,1,0,0,0,0,1,1,0,2,13.3076345275146,5.186218966866908,4,0,0.0,1.7,176.1
JM,Casa,0,5,1,0,1,1,0,0,1,1,0,3,35.14712840171085,0.0,7,0,7.7,0.35,410.9
AR,Departamento,2,5,4,1,0,1,0,0,1,1,0,2,32.42624179186853,4.342024751925994,5,1,3.3,85.0,397.2
VE,Otro,3,10,3,2,0,1,1,0,1,1,0,0,0.0,2.2642810432999796,4,1,7.3,0.01,524.3
HN,Casa,4,7,3,1,0,0,0,1,0,1,0,1,11.87746735847795,3.093788409133859,3,0,0.0,3.5,200.1
UY,Casa,3,7,2,0,0,1,0,0,1,1,0,2,11.626272040892903,1.8469649614113508,5,1,3.3,8.5,293.8
CR,Casa,1,7,1,0,0,0,1,0,0,1,0,3,32.35914774620116,1.9916705787478723,5,0,4.0,145.0,297.9
CL,Casa,4,7,1,0,0,0,1,0,0,1,0,1,30.929099662467046,2.2054840103683357,3,0,4.0,150.0,269.3
JM,Casa,2,8,4,0,1,0,0,0,1,1,0,1,15.224953755300064,3.968185831523141,4,1,4.4,0.35,329.7
DO,Departamento,1,3,3,0,0,0,1,0,0,1,1,2,16.653468343407646,1.7883478674879365,5,0,4.0,12.5,373.9
US,Casa pareada,4,11,1,2,0,1,1,0,0,1,0,3,26.248744641160435,3.095334940490202,6,1,7.3,0.16,473.3
CL,Departamento,3,9,1,1,1,0,1,0,0,1,0,2,19.953956240197005,4.4818935240273055,5,1,8.4,150.0,418.0
CU,Departamento,4,9,4,0,1,0,0,0,1,1,0,2,26.58256844708832,0.6125471740631752,5,1,4.4,0.09,332.1
UY,Departamento,2,1,1,0,0,0,1,1,1,1,0,1,25.169352516948187,3.311267437895741,5,0,4.0,8.5,341.8
ES,Casa,2,7,1,0,0,0,0,1,1,1,1,4,6.6046358002725185,3.177888388156962,8,0,0.0,0.27,208.5
NI,Casa,2,4,1,0,0,1,0,1,1,1,1,2,15.765783183096369,2.5057663282380505,7,0,3.3,7.5,354.9
CU,Departamento,4,8,2,1,0,0,0,1,0,1,0,2,28.3265937867632,0.6802085688410449,4,0,0.0,0.09,179.5
HN,Casa,3,9,1,1,0,0,1,1,0,1,0,3,22.989941388449584,3.9416106637909643,6,0,4.0,3.5,349.4
SV,Departamento,2,2,2,1,1,0,1,0,0,1,0,2,40.10776325630039,3.8921774693907354,5,1,8.4,0.19,462.5
CU,Casa,2,6,2,2,0,0,0,1,0,1,1,1,11.671370046202327,2.793365645395609,4,0,0.0,0.09,228.3
AR,Casa,3,6,4,3,0,0,0,0,1,1,1,0,0.0,3.6148103356315593,3,0,0.0,85.0,291.2
PE,Casa,0,3,1,0,0,0,0,0,1,1,1,3,0.0,3.1813580383305773,6,0,0.0,0.62,154.4
PR,Casa,3,6,2,1,0,0,1,0,0,1,0,2,32.73957645270417,3.456494843062705,4,0,4.0,0.22,335.0
HN,Casa,4,8,3,0,0,0,0,1,1,1,1,1,23.860385593892435,3.611023234537245,5,0,0.0,3.5,267.1
JM,Casa móvil,2,5,3,0,0,0,0,0,1,1,1,1,19.538673134483684,2.054735633917476,4,0,0.0,0.35,218.6
BO,Casa,4,11,8,0,1,0,1,0,1,1,0,2,19.163080860924907,0.9337110624414309,6,1,8.4,0.6,627.2
MX,Casa,3,3,9,0,0,0,1,0,0,1,0,4,27.37761897354522,3.5134511601862544,6,0,4.0,1.2,550.4
GT,Casa,3,4,6,0,0,1,1,0,0,1,0,2,10.861450585057655,3.6552247808021083,5,1,7.3,1.7,570.8
BO,Casa,2,5,2,0,0,0,0,0,1,1,0,3,18.854782844936214,2.3640315248757973,5,0,0.0,0.6,162.4
BR,Casa,2,5,1,0,0,0,1,0,1,1,0,2,21.802586580880543,3.93068859518759,5,0,4.0,0.75,312.9
PR,Casa,3,10,1,1,1,0,0,1,1,1,0,2,13.87800144180769,0.9215838298127021,6,1,4.4,0.22,287.7
CO,Departamento,1,5,5,0,0,0,0,0,0,1,1,2,15.880152518995704,2.796286562657881,4,0,0.0,820.0,257.5
HN,Casa,3,7,6,0,1,1,0,0,1,1,0,2,29.512872117960487,4.753913431429168,6,1,7.7,3.5,560.8
HN,Casa,0,4,2,0,0,0,0,0,1,1,0,3,22.587235394133806,4.480052362624882,5,0,0.0,3.5,176.2
CO,Casa,3,7,4,2,0,0,0,0,1,1,1,3,34.661191988722265,3.9386976493501367,6,0,0.0,820.0,323.9
BR,Casa,3,8,3,0,0,1,1,0,0,1,1,1,15.795618315476394,2.196133147487386,5,1,7.3,0.75,516.0
JM,Casa,3,9,3,2,0,0,0,0,0,1,0,3,9.679146494236308,2.4469528166648007,4,0,0.0,0.35,181.0
EC,Casa,3,8,6,0,0,1,1,1,1,1,1,3,21.175933639116472,0.0,9,1,7.3,0.1,688.4
BR,Casa,1,5,1,0,0,0,0,0,1,1,0,1,0.0,2.25777987434346,3,0,0.0,0.75,105.8
PE,Casa,3,8,1,1,0,0,0,0,1,1,0,3,22.203486293058678,2.0045489180189295,5,0,0.0,0.62,150.1
PR,Departamento,3,9,2,0,1,1,0,0,1,1,1,2,23.846440063150908,3.1559410852898573,7,1,7.7,0.22,473.8
PA,Casa,1,5,1,0,0,0,0,0,0,1,0,2,8.734706135156838,2.9161968451463363,3,0,0.0,0.17,87.3
AR,Otro,2,4,1,0,0,1,1,0,1,1,1,1,21.062728083662044,4.143349098135397,6,0,7.3,85.0,496.6
PR,Casa pareada,4,5,2,3,0,1,1,0,1,1,0,2,2.657361892523422,2.7476099587885146,6,1,7.3,0.22,515.1
PY,Casa,2,9,3,0,0,0,0,1,0,1,0,2,19.19817257166,3.4056410266797617,4,0,0.0,185.0,198.4
PA,Departamento,3,9,2,2,1,0,1,1,0,1,0,2,28.853103997557973,2.627264269258916,6,1,8.4,0.17,502.6
MX,Casa,1,1,2,0,1,1,1,0,1,1,1,1,29.098533346452896,2.783837304557036,7,1,11.7,1.2,643.6
PE,Casa,2,8,1,0,0,1,0,0,0,1,0,1,13.106547525552015,4.730064948504431,3,0,3.3,0.62,241.1
DO,Casa,2,6,3,2,0,0,1,1,0,1,0,2,13.347478186939824,2.489957438974414,5,0,4.0,12.5,399.5
UY,Casa pareada,3,7,4,0,0,0,0,1,0,1,0,4,9.2195147541603,2.8654006275443424,6,0,0.0,8.5,226.9
AR,Casa pareada,3,8,1,3,1,0,0,0,1,1,0,3,33.44252835974269,2.192532550320883,6,1,4.4,85.0,314.6
AR,Departamento,4,13,4,0,0,0,1,1,1,1,0,2,10.728414461734312,1.1930715698935144,6,0,4.0,85.0,421.8
NI,Departamento,4,8,5,2,1,0,1,1,1,1,0,1,1.3237516948909054,2.5462749480663627,6,1,8.4,7.5,597.7
BO,Casa,2,3,1,0,0,1,0,0,1,1,1,1,26.552777047727226,3.812597544556521,5,0,3.3,0.6,317.6
VE,Casa,2,5,2,0,0,1,0,0,0,0,0,3,0.0,2.617524834092824,4,1,3.3,0.01,219.7
GT,Casa,1,6,2,0,1,1,1,0,1,1,1,2,23.000306729078627,1.9941581450650083,8,1,11.7,1.7,648.1
MX,Casa,2,6,1,1,0,0,1,0,0,1,0,1,38.87442602653042,3.317857943833868,3,0,4.0,1.2,292.4
SV,Departamento,3,7,3,3,0,0,0,0,1,1,0,0,0.0,2.8161204351359808,2,0,0.0,0.19,213.2
EC,Casa,4,13,3,0,0,0,1,1,0,1,0,2,28.93437405237679,1.9243807237875523,5,0,4.0,0.1,380.3
CO,Casa,2,4,2,0,1,1,1,0,0,1,0,1,31.447683435247793,3.4009539857918782,5,1,11.7,820.0,572.5
CL,Departamento,3,6,3,0,0,0,0,0,0,1,0,3,26.629343241454198,3.860071839779122,4,0,0.0,150.0,178.6
CL,Departamento,3,9,3,1,0,0,0,0,0,1,0,3,5.31858604899311,3.6918507663845253,4,0,0.0,150.0,165.8
DO,Casa,2,6,1,0,1,1,1,0,0,1,0,1,8.234625961995059,1.791615170426053,5,0,11.7,12.5,525.8
US,Casa,4,9,2,0,0,1,0,0,1,1,0,2,27.978971709946634,2.048356573188684,5,1,3.3,0.16,308.6
PE,Casa,2,7,1,2,0,0,0,0,0,1,1,1,15.405530333389605,2.36670298104075,3,0,0.0,0.62,158.0
PR,Casa,2,4,3,1,0,0,1,0,1,1,0,3,9.778736178652473,1.4422865415681811,6,0,4.0,0.22,371.9
JM,Departamento,4,10,1,2,0,0,0,1,1,1,1,1,23.05508172858126,3.6513031521315993,5,0,0.0,0.35,236.9
PR,Departamento,4,7,3,0,0,0,1,0,1,1,0,1,32.64674393490208,4.410098801935538,4,0,4.0,0.22,369.6
DO,Casa,4,8,1,1,0,0,0,1,0,1,0,2,13.185992138579655,2.4724317152329167,4,0,0.0,12.5,144.3
CR,Casa,1,7,3,0,1,0,0,0,0,1,1,2,16.66799024771685,4.756743502001626,5,1,4.4,145.0,326.0
PE,Casa,1,3,1,0,1,0,1,0,0,1,0,2,20.78574242310356,0.6935270725383464,5,0,8.4,0.62,387.4
PE,Otro,5,10,3,0,1,0,1,0,0,1,0,4,23.923355626872848,0.41844711133163104,7,1,8.4,0.62,470.7
ES,Casa,2,6,4,1,0,0,0,0,0,1,0,1,15.593835551143606,2.2068724820099455,2,0,0.0,0.27,187.8
PY,Casa,1,4,1,0,0,1,0,0,0,1,0,1,25.673802659838504,2.6574844745352646,3,0,3.3,185.0,237.5
PR,Otro,2,4,1,0,1,0,1,0,0,1,1,2,22.909155043809815,4.121308239344744,6,0,8.4,0.22,448.6
CO,Departamento,2,7,1,1,1,1,0,0,1,1,0,1,30.878346245047418,1.8975291881186784,5,1,7.7,820.0,400.9
PY,Casa,3,6,2,1,1,0,0,1,0,1,0,1,31.773755161609056,2.585738268359284,4,1,4.4,185.0,295.7
CR,Casa,5,13,5,0,1,0,0,1,0,1,0,2,33.25178699864801,3.9191774404420707,5,1,4.4,145.0,391.9
EC,Casa pareada,3,7,1,1,1,1,1,1,0,1,1,4,18.497188704742435,2.630920937130374,10,1,11.7,0.1,659.1
CU,Departamento,3,7,5,2,0,0,0,0,1,1,0,1,35.47657608117795,3.4218739449161553,3,0,0.0,0.09,276.5
US,Casa,3,5,3,1,0,0,0,0,0,1,0,2,15.83318412260985,2.3725110784537464,3,0,0.0,0.16,166.1
PR,Departamento,0,1,1,0,1,0,1,0,0,1,0,1,10.875543878090038,2.097608348227144,4,0,8.4,0.22,379.7
EC,Departamento,1,5,1,0,0,0,0,0,1,1,0,2,19.65980776680092,3.661848674310601,4,0,0.0,0.1,129.9
PE,Departamento,3,6,1,0,1,1,0,0,1,0,0,2,33.308599814699335,2.625619696745412,5,0,7.7,0.62,368.9
CU,Departamento,2,5,1,0,0,0,1,0,1,1,0,4,19.58614855329277,1.0800596892296905,7,0,4.0,0.09,316.8
DO,Casa pareada,4,5,2,1,0,1,1,1,0,1,0,2,14.464435965296897,3.399341780653435,6,1,7.3,12.5,507.9
NI,Otro,3,4,4,2,0,1,1,0,0,1,0,1,19.79491369693104,0.509130732285338,4,1,7.3,7.5,525.8
CL,Otro,2,2,1,2,1,0,1,0,0,1,0,1,15.625011327235043,4.82429963359443,4,1,8.4,150.0,423.4
AR,Casa,0,1,1,0,0,0,0,0,0,1,1,1,17.789292023569658,4.854694398509308,3,0,0.0,85.0,139.7
MX,Departamento,1,2,1,0,0,1,0,0,1,1,0,2,20.27262370699527,4.720293796038318,5,0,3.3,1.2,283.5
EC,Casa,2,6,1,0,0,0,0,0,1,0,0,1,33.87802583930206,2.810853451115659,2,0,0.0,0.1,87.2
EC,Casa,3,5,1,1,1,1,1,0,0,1,0,2,23.023523817690922,0.3896791797205732,6,1,11.7,0.1,551.5
BO,Departamento,2,6,4,0,0,0,0,0,0,1,0,2,9.390109213021665,0.6424251774840504,3,0,0.0,0.6,168.2
HN,Casa,4,12,3,1,0,0,0,1,1,1,1,1,8.876330044437903,1.068202916645129,5,0,0.0,3.5,264.9
PR,Casa,3,9,5,0,0,0,0,0,1,1,1,2,26.97600571074507,2.0734081305824903,5,0,0.0,0.22,293.9
CO,Casa,2,5,1,0,1,0,0,1,1,1,0,1,29.893088927565863,1.7610135385084114,5,0,4.4,820.0,276.5
US,Casa,2,5,3,0,1,0,0,0,0,1,1,1,37.72366713660068,2.8452449835739397,4,1,4.4,0.16,318.9
PY,Casa,0,3,1,0,0,0,0,0,0,1,0,2,18.80592406395289,2.8188454458237473,3,0,0.0,185.0,95.5
SV,Casa,3,6,4,0,0,0,0,0,1,1,0,1,15.20879664676503,3.828367805900929,3,0,0.0,0.19,209.7
GT,Casa móvil,1,2,1,0,0,0,0,0,1,1,0,2,28.379910153352156,3.2892182700600587,4,0,0.0,1.7,135.7
UY,Departamento,3,6,3,0,0,0,0,0,1,1,1,2,6.735430522123533,2.8800059273152963,5,0,0.0,8.5,220.2
EC,Casa,0,3,1,0,1,0,1,1,1,1,0,2,25.48759380707895,1.854489604753055,7,0,8.4,0.1,466.6
BO,Departamento,2,6,4,1,0,0,0,0,0,1,1,3,8.72359463821077,3.9412687339046015,5,0,0.0,0.6,245.8
PE,Casa móvil,2,6,1,0,0,0,0,0,0,1,0,1,3.2982876317140324,3.195523208414471,2,0,0.0,0.62,81.8
NI,Casa pareada,0,2,1,0,0,0,0,0,0,1,0,4,37.651195801164306,3.0634045593185224,5,0,0.0,7.5,145.9
CO,Departamento,1,5,3,0,1,0,0,1,1,1,1,0,0.0,3.0740227729747764,5,1,4.4,820.0,373.4
UY,Casa,2,1,2,0,0,0,0,1,0,1,0,1,0.0,2.6470085385527304,3,0,0.0,8.5,147.4
NI,Casa,2,2,3,0,0,0,1,0,0,1,1,0,0.0,2.2530645705304804,3,0,4.0,7.5,360.3
CR,Departamento,2,4,2,1,0,1,0,0,0,1,1,2,4.5736288067619935,2.3602746425432586,5,1,3.3,145.0,319.6
HT,Departamento,3,5,2,1,1,1,0,0,0,1,0,1,3.645185304459183,2.714947452254335,4,1,7.7,0.14,392.8
CO,Casa,4,8,2,0,0,1,0,0,1,1,1,2,7.510796010222624,1.4062553306402923,6,1,3.3,820.0,333.1
BR,Casa,2,7,2,1,0,0,1,0,0,1,1,3,24.635145498838945,3.270915777064292,6,0,4.0,0.75,383.2
PR,Departamento,1,1,1,0,1,0,1,0,0,1,1,1,17.809364574560735,4.16935180123811,5,0,8.4,0.22,436.2
HN,Departamento,4,11,1,2,0,0,1,0,1,1,0,1,41.87713715835825,2.6016463353338084,4,0,4.0,3.5,335.7
CR,Casa,1,5,1,0,0,0,0,0,1,1,1,4,29.378651896031037,1.278313558368986,7,0,0.0,145.0,198.9
BR,Departamento,3,4,4,0,1,0,0,0,0,1,0,2,23.33956459316005,3.493649050499447,4,1,4.4,0.75,311.6
BR,Departamento,1,3,1,0,1,0,0,0,0,1,0,4,8.949791040335683,5.2188994853057835,6,0,4.4,0.75,225.8
EC,Casa,1,1,3,0,1,0,0,1,0,1,1,1,22.90909557256596,1.5734569615330471,5,1,4.4,0.1,347.3
GT,Casa móvil,3,5,3,3,1,0,1,0,0,1,1,2,10.356800701220838,2.7861057782924292,6,1,8.4,1.7,537.2
PY,Casa pareada,4,9,5,3,0,1,1,0,0,1,1,2,17.76025909227988,1.9971410354073666,6,1,7.3,185.0,629.2
GT,Casa,1,2,1,0,0,0,0,0,0,1,0,2,22.620522086343446,3.8482784263144145,3,0,0.0,1.7,103.1
HT,Casa,3,9,3,1,0,0,0,0,1,1,0,1,11.761802850673282,4.884395628097588,3,0,0.0,0.14,197.7
JM,Casa pareada,3,9,2,0,0,1,1,0,0,1,0,4,37.865198755779176,0.0,7,1,7.3,0.35,491.6
PY,Casa,3,11,7,0,0,1,0,1,0,1,0,2,24.903238770860497,3.511039901076311,5,1,3.3,185.0,472.2
DO,Casa,4,12,3,0,0,0,1,1,1,1,1,2,23.289057845928617,5.8134325289824735,7,0,4.0,12.5,466.9
NI,Casa,3,10,2,0,0,0,0,0,0,1,0,3,24.368951030890642,2.8070841044147894,4,0,0.0,7.5,141.2
MX,Departamento,4,9,2,0,1,1,0,1,0,1,0,4,32.5620296557426,0.0,8,1,7.7,1.2,462.1
BO,Casa,3,10,2,0,0,1,1,1,0,1,0,0,0.0,0.0770183932930113,4,1,7.3,0.6,464.9
JM,Casa,3,11,1,0,0,1,1,0,1,1,0,2,17.81257510235739,2.5750857487190104,6,0,7.3,0.35,452.2
HN,Casa,1,4,1,0,0,1,0,0,1,1,1,1,15.383699146813168,6.918003947337758,5,0,3.3,3.5,326.1
CU,Casa,1,4,1,0,0,0,1,0,1,1,1,3,34.59768042088325,3.028567046819816,7,0,4.0,0.09,379.9
CR,Casa,4,8,3,1,0,0,0,0,0,1,0,1,26.87418239229258,2.240040944243762,2,0,0.0,145.0,162.7
JM,Departamento,2,4,1,0,1,0,1,0,0,1,0,2,23.767204772702684,3.32960572207791,5,0,8.4,0.35,401.3
GT,Casa,2,4,1,0,0,0,1,0,0,1,0,4,23.060677312367567,0.9230611680210945,6,0,4.0,1.7,292.0
PE,Casa,0,2,1,0,0,1,1,0,1,1,0,2,20.156236797326297,2.4413252916664963,6,0,7.3,0.62,453.6
AR,Departamento,2,7,3,2,0,0,0,0,1,1,0,4,30.970349475310694,4.521950757580596,6,0,0.0,85.0,260.9
PE,Casa,2,3,4,0,0,0,0,0,0,1,0,3,21.978116010565508,4.8192629030769805,4,0,0.0,0.62,206.8
US,Departamento,2,3,1,1,1,0,0,0,0,1,0,2,10.632335840604593,5.328660210459512,4,1,4.4,0.16,233.7
UY,Departamento,4,10,2,0,0,0,0,0,1,1,0,2,26.1402326116512,4.557638438561662,4,0,0.0,8.5,169.2
BR,Casa,3,7,4,0,0,0,0,0,0,1,0,3,18.42977089588014,6.540585845770702,4,0,0.0,0.75,209.7
MX,Casa,5,10,1,2,0,0,0,1,0,1,0,2,24.25557898267612,4.18645032759278,4,0,0.0,1.2,176.0
BO,Casa pareada,4,10,5,2,0,0,0,0,1,1,0,2,7.788466350223997,2.3519298189828683,4,0,0.0,0.6,264.2
US,Casa,3,11,3,1,0,0,0,1,1,1,0,2,1.0056518996462742,4.592450529353053,5,0,0.0,0.16,233.1
SV,Casa,3,7,3,0,1,0,0,1,1,1,0,1,18.973532257164138,1.0147921461152123,5,1,4.4,0.19,328.7
MX,Departamento,3,3,3,0,0,0,0,0,1,1,0,3,0.0,3.219764738619887,5,0,0.0,1.2,169.9
HT,Casa,2,1,6,0,1,1,1,0,1,1,0,2,28.65086779178054,3.083212672389655,7,1,11.7,0.14,732.9
VE,Casa,2,4,5,2,0,0,1,0,0,1,0,1,24.444978106129447,6.109520344837428,3,0,4.0,0.01,433.3
PR,Casa,1,2,1,0,0,1,1,1,0,1,0,1,10.826407091400307,1.6608353724654872,5,0,7.3,0.22,447.0
PR,Casa móvil,1,6,2,0,1,0,0,1,0,1,0,2,28.07137711523624,3.776947901404802,5,1,4.4,0.22,296.9
BR,Casa,4,9,4,0,1,1,1,0,0,1,0,1,43.575372331782994,0.487057695022187,5,1,11.7,0.75,625.2
CO,Departamento,5,10,8,0,0,0,0,0,1,1,0,1,38.42431348203573,0.14913485256156012,3,0,0.0,820.0,323.8
PE,Casa pareada,2,7,2,1,0,1,0,0,1,1,0,2,12.538205889757993,2.559916684612208,5,1,3.3,0.62,312.6
PR,Casa,2,6,2,2,0,0,1,0,1,1,0,3,41.34711013330696,5.2635743758598625,6,0,4.0,0.22,413.4
PA,Departamento,3,6,1,0,0,0,0,0,1,1,1,0,0.0,0.8475270676487092,3,0,0.0,0.17,144.4
SV,Casa,3,6,4,0,1,0,0,0,1,1,0,3,29.460472083323396,3.483595020640342,6,1,4.4,0.19,360.1
CU,Departamento,2,5,5,0,1,1,0,0,1,1,0,1,23.760092178318747,4.1307051257756875,5,1,7.7,0.09,512.5
PR,Departamento,2,5,2,1,0,0,1,0,0,1,0,0,0.0,2.348533838086093,2,0,4.0,0.22,301.1
UY,Casa,4,13,3,0,0,0,1,0,1,1,0,1,19.670466833051847,3.09437645612067,4,0,4.0,8.5,358.4
EC,Departamento,3,5,2,1,1,0,1,0,1,1,1,1,22.759381292141317,0.0,6,1,8.4,0.1,495.5
PY,Casa,1,1,2,0,1,0,0,0,0,1,0,2,22.207938143038056,3.8398443526146666,4,1,4.4,185.0,252.1
SV,Departamento,3,6,4,0,0,0,1,1,1,1,1,3,12.197067507454307,2.3573110471479835,8,0,4.0,0.19,478.6
HT,Departamento,4,11,3,2,0,0,0,1,1,1,0,2,20.782117883787286,5.2879919365972,5,0,0.0,0.14,267.9
JM,Casa,0,4,3,0,1,1,0,1,1,1,0,3,30.371523607236334,3.3481115341108434,8,1,7.7,0.35,519.2
PY,Otro,4,7,5,1,1,0,0,1,0,1,0,1,22.75673655480473,0.2910397517219865,4,1,4.4,185.0,372.1
PE,Departamento,0,3,1,0,0,0,0,0,1,1,0,2,21.606939735519298,3.486023437152053,4,0,0.0,0.62,130.8
SV,Casa,0,1,4,0,1,0,0,1,0,1,0,1,22.60552933566678,4.509987469299639,4,1,4.4,0.19,345.1
PE,Casa,2,5,2,0,1,0,0,1,0,1,0,3,20.275849834037533,2.293931970494608,6,1,4.4,0.62,293.3
CR,Casa pareada,3,6,4,1,1,0,1,0,0,1,0,3,23.824170163169487,3.897417214427854,6,1,8.4,145.0,519.6
PR,Casa,3,7,2,0,0,0,1,0,1,1,0,2,15.41688584855246,1.545644318349926,5,0,4.0,0.22,327.2
CO,Departamento,2,8,1,0,0,0,0,0,1,1,0,3,33.66180223945143,3.9251460059823944,5,0,0.0,820.0,157.9
UY,Departamento,4,6,1,1,0,0,1,0,1,1,1,0,0.0,4.366142123059169,4,0,4.0,8.5,354.4
MX,Departamento,3,9,4,2,0,0,0,0,1,1,0,1,15.941227760297412,2.0222300230694024,3,0,0.0,1.2,232.2
VE,Casa,1,1,1,0,0,0,0,0,1,1,1,1,33.11373451217131,4.325104843501983,4,0,0.0,0.01,174.0
US,Casa,5,9,4,1,0,0,0,0,1,1,0,1,15.54868354293368,3.72652969537597,3,0,0.0,0.16,224.4
JM,Otro,4,8,1,1,0,0,1,1,0,1,0,1,11.261179580530973,1.1047687316482924,4,0,4.0,0.35,311.3
PE,Casa,5,13,2,1,0,1,1,0,0,1,1,3,25.655990720744484,1.260042720717404,7,1,7.3,0.62,524.4
CO,Departamento,2,5,2,0,0,1,1,0,1,1,0,2,11.770198894696774,0.6008114609509452,6,1,7.3,820.0,468.6
NI,Casa pareada,2,3,1,1,0,0,0,0,0,1,0,1,29.878397100670036,3.030485965878011,2,0,0.0,7.5,107.4
PE,Casa,3,8,1,2,1,0,0,1,1,1,0,0,0.0,3.485250174003231,4,1,4.4,0.62,300.5
BO,Departamento,3,7,4,0,1,1,0,0,0,1,0,3,16.919444071678864,4.957531670494137,6,1,7.7,0.6,468.8
DO,Otro,3,12,2,0,1,0,1,0,0,1,0,2,37.965100148361145,4.031720712544768,5,1,8.4,12.5,446.3
PR,Casa,3,5,2,0,0,1,0,0,1,1,0,2,11.576768847995819,3.8243243463158967,5,1,3.3,0.22,302.2
MX,Otro,1,4,2,0,0,0,1,0,1,1,0,2,25.51324172414386,2.5893565437755997,5,0,4.0,1.2,340.3
HN,Casa,3,8,1,0,0,0,0,0,1,1,0,1,17.01014857627083,2.106349903727714,3,0,0.0,3.5,113.1
ES,Casa,5,14,3,1,1,0,0,0,0,1,0,2,35.98363454882741,4.382803362923777,4,1,4.4,0.27,311.1
CU,Casa pareada,1,5,1,0,1,0,1,1,1,1,0,1,33.40274725139121,3.007584251733572,6,0,8.4,0.09,463.3
DO,Casa,5,12,3,0,0,0,0,0,0,1,1,2,23.04991501028216,2.266749458503295,4,0,0.0,12.5,201.3
ES,Casa,2,5,4,1,0,0,0,0,0,1,0,3,9.413846681232226,5.543531015629143,4,0,0.0,0.27,208.9
EC,Casa,2,6,1,1,1,0,0,0,0,1,0,1,19.93463971988302,5.09265460932847,3,1,4.4,0.1,231.4
DO,Departamento,0,5,1,0,1,0,1,0,0,1,0,3,18.935975128332522,4.091998894996743,6,0,8.4,12.5,409.2
BO,Departamento,2,5,2,2,0,0,0,0,0,1,0,2,19.65689662094035,2.885282348785374,3,0,0.0,0.6,156.5
PY,Casa,3,8,4,1,1,0,0,1,0,1,0,2,29.540796113182942,2.5406594176553163,5,1,4.4,185.0,367.9
CL,Casa,0,2,1,0,0,0,1,0,1,1,0,2,16.39029288458518,4.701711637864623,5,0,4.0,150.0,311.6
BO,Casa,3,7,1,3,1,0,1,0,1,1,0,2,34.50232652675645,3.073338516287339,6,1,8.4,0.6,484.4
PE,Casa pareada,3,5,1,2,0,0,0,1,1,1,0,1,6.891354298555562,2.0919512307841357,4,0,0.0,0.62,178.8
PY,Departamento,3,8,5,2,1,0,1,0,0,1,0,2,22.965614982585414,4.5412744614512714,5,1,8.4,185.0,555.8
CR,Casa,2,6,3,0,0,1,0,0,0,1,0,1,29.3423077869993,3.1600702636541445,3,1,3.3,145.0,301.2
PY,Casa,3,7,2,0,0,0,0,1,1,1,0,2,18.431235580959985,2.8834680392203222,5,0,0.0,185.0,195.6
BO,Departamento,3,7,1,0,0,0,0,0,1,1,0,1,20.45917403652177,4.475467039919649,3,0,0.0,0.6,124.7
SV,Casa,4,9,9,0,1,0,0,1,1,1,0,1,15.025208866601812,2.1994207677101,5,1,4.4,0.19,512.1
BO,Casa,3,5,4,0,1,0,0,1,0,1,0,2,24.50444553655518,4.954794294044348,5,1,4.4,0.6,358.9
CL,Casa,1,3,1,0,0,1,0,0,1,1,0,0,0.0,2.6745230383550758,3,0,3.3,150.0,256.1
CL,Casa,1,3,1,0,0,0,1,1,1,1,0,3,15.663677579013296,5.007295107189169,7,0,4.0,150.0,359.7
ES,Departamento,4,8,3,1,0,0,0,1,0,1,0,1,3.904015623751185,0.0,3,0,0.0,0.27,183.4
CL,Departamento,2,4,2,1,1,1,0,0,0,1,1,3,11.962594059393934,2.9332790561747784,7,1,7.7,150.0,453.5
VE,Departamento,2,4,6,1,0,0,0,1,1,1,0,2,10.2974622183025,2.790999684794247,5,0,0.0,0.01,323.3
UY,Otro,4,9,4,1,1,0,1,0,1,1,0,2,8.201441074335829,3.2090789482378037,6,1,8.4,8.5,522.6
DO,Departamento,2,7,3,0,0,0,1,0,1,1,0,1,9.313613662982592,4.773249122472617,4,0,4.0,12.5,361.2
ES,Casa móvil,2,5,2,0,0,1,0,0,0,1,1,2,26.688359478228662,3.5059484359658715,5,1,3.3,0.27,328.3
UY,Casa,3,9,4,3,1,0,1,0,0,1,0,3,20.15200352545447,4.983974044218802,6,1,8.4,8.5,549.6
CR,Departamento,3,5,4,1,0,0,1,0,0,1,0,3,10.446322305764962,2.6088135526245866,5,0,4.0,145.0,377.6
PY,Casa,2,6,4,0,0,0,1,1,1,1,0,4,19.381264029679926,6.512523851815595,8,0,4.0,185.0,469.8
AR,Casa pareada,3,8,2,2,0,1,0,0,0,1,0,3,13.700520666770704,4.670543594405991,5,1,3.3,85.0,314.1
PE,Departamento,3,11,7,1,0,0,0,0,1,1,0,1,16.46823413944816,3.8892846766315206,3,0,0.0,0.62,315.5
SV,Casa,2,4,2,1,1,0,0,0,1,1,0,2,22.865534881754478,2.6623182482510876,5,1,4.4,0.19,292.7
NI,Departamento,2,6,3,1,0,0,1,0,0,1,0,3,21.499141646725388,1.2384359453149008,5,0,4.0,7.5,355.8
CO,Casa,4,13,4,1,0,0,0,0,1,1,0,2,22.16400807793805,5.157270792260061,4,0,0.0,820.0,243.4
AR,Casa,5,10,3,1,1,0,0,0,0,1,0,3,6.790761926341929,2.873333474057164,5,1,4.4,85.0,283.5
JM,Departamento,2,4,2,0,1,0,0,0,0,1,0,3,18.859590500232464,4.52218660350778,5,1,4.4,0.35,260.9
CO,Departamento,3,6,3,1,1,0,0,0,0,1,0,1,25.984886112055843,3.1966249556051185,3,1,4.4,820.0,285.8
CU,Casa,3,8,5,3,0,0,0,0,0,1,0,3,30.615707513753087,1.7335693746784964,4,0,0.0,0.09,279.6
PR,Casa,1,1,1,0,0,0,0,0,1,1,0,2,23.500915407790554,2.966973243642586,4,0,0.0,0.22,130.2
JM,Departamento,4,9,2,1,0,0,0,0,0,1,0,1,31.66293375444604,3.6605193030417484,2,0,0.0,0.35,140.8
GT,Casa,2,10,2,0,0,0,1,1,1,1,0,2,24.799461486776018,1.440295442318329,6,0,4.0,1.7,374.8
CU,Casa,1,4,4,0,0,0,1,1,0,1,0,3,15.207344910722231,2.814180968076869,6,0,4.0,0.09,409.6
AR,Casa,3,9,2,1,1,0,0,0,1,1,0,2,21.342186736139233,2.826072947522232,5,1,4.4,85.0,292.1
PY,Otro,1,1,2,0,1,1,0,0,1,1,0,3,22.798750153559546,1.8361856082392884,7,1,7.7,185.0,433.0
SV,Casa,3,8,6,2,1,1,1,0,0,1,1,2,18.74468252272693,0.8383358769171676,7,1,11.7,0.19,759.5
BO,Departamento,4,9,6,1,0,0,1,1,0,1,0,4,30.156763210706284,2.5313193571022508,7,0,4.0,0.6,516.0
AR,Casa,3,6,3,0,1,0,0,0,1,1,0,1,12.378588876638084,3.7062581450179586,4,1,4.4,85.0,297.3
VE,Casa,3,6,6,1,0,1,1,0,0,1,0,3,13.620659223537466,1.404751671197879,6,1,7.3,0.01,585.0
HN,Casa,3,7,3,1,0,0,1,0,1,1,0,4,24.211714224390615,0.7335432235345456,7,0,4.0,3.5,398.2
MX,Casa,0,4,1,0,1,0,0,0,0,1,1,2,30.135450872232678,4.11225301563451,5,0,4.4,1.2,274.7
PE,Casa,3,7,3,1,1,1,0,0,1,1,0,1,24.90351266984838,4.124453545928651,5,1,7.7,0.62,467.9
BO,Departamento,2,7,3,1,1,0,1,0,1,1,0,1,26.529246386258677,5.452291119043675,5,1,8.4,0.6,505.8
PA,Casa,4,10,3,2,0,0,0,0,1,1,0,1,24.0038357747184,4.1693437259294965,3,0,0.0,0.17,214.9
PE,Casa pareada,2,3,2,0,0,1,1,0,1,1,0,1,35.01761622664947,0.9434626314098544,5,1,7.3,0.62,474.2
JM,Casa pareada,5,13,6,3,1,0,0,1,0,1,0,3,31.1616627332848,4.1934502244507685,6,1,4.4,0.35,480.2
EC,Departamento,1,7,3,0,0,0,1,0,0,1,0,1,17.508271783861282,4.0951943355869265,3,0,4.0,0.1,331.7
BR,Casa,1,2,3,0,0,0,0,0,1,1,0,3,23.35748257232045,3.2310674965563804,5,0,0.0,0.75,201.8
NI,Casa,3,10,3,0,1,0,1,1,0,1,0,3,16.264509171333195,2.838501184584627,7,1,8.4,7.5,500.5
CR,Casa,1,4,1,0,1,0,1,0,1,1,0,2,21.193725922664246,2.048497096424564,6,0,8.4,145.0,423.7
CO,Casa,3,7,5,0,0,0,1,0,1,1,0,2,18.63609263467609,3.488297667090951,5,0,4.0,820.0,428.3
GT,Casa,3,6,1,0,0,0,0,0,1,1,0,3,13.442707393633412,3.9296266808562725,5,0,0.0,1.7,132.2
BO,Casa,3,7,1,2,0,1,1,1,0,1,1,2,13.891293890073234,3.56378650555658,7,1,7.3,0.6,537.7
ES,Departamento,2,6,1,0,0,0,0,1,0,1,0,3,28.021339902839017,4.643720390201549,5,0,0.0,0.27,163.8
DO,Casa,4,6,6,1,0,0,1,0,1,1,0,3,27.563496992187382,0.6931081405302062,6,0,4.0,12.5,481.3
CU,Casa,2,6,1,0,0,0,1,0,0,1,0,2,15.519612503880394,0.20440463268304754,4,0,4.0,0.09,261.5
HN,Casa,0,1,1,0,0,1,1,0,0,1,0,4,26.945184363459447,4.095179569267453,7,0,7.3,3.5,460.7
HN,Departamento,2,6,5,2,0,0,1,0,0,1,0,1,33.06872776772495,3.857790088134302,3,0,4.0,3.5,427.3
DO,Casa pareada,3,12,6,1,1,0,0,0,0,1,0,3,17.28315856629402,3.478151805377717,5,1,4.4,12.5,389.5
PE,Casa,2,5,1,1,0,0,0,0,1,1,0,1,8.060093899606946,3.244082686218065,3,0,0.0,0.62,129.1
PA,Departamento,2,4,2,0,0,0,1,0,0,1,0,2,16.967748999658646,4.3633875545003455,4,0,4.0,0.17,310.5
EC,Casa,1,2,1,0,1,1,1,1,1,1,0,1,7.080233975935215,0.0,7,0,11.7,0.1,587.8
CO,Casa,3,6,4,1,0,0,1,0,0,1,0,3,4.842690337736924,0.025851799100837347,5,0,4.0,820.0,359.4
CL,Otro,2,9,1,0,1,1,0,0,0,1,0,1,19.13599772717733,1.9834262202352606,4,0,7.7,150.0,351.2
EC,Casa,3,6,5,3,0,0,0,0,1,1,0,2,29.26289362672654,2.4522573523733113,4,0,0.0,0.1,297.9
AR,Departamento,2,9,3,1,0,1,0,0,0,1,0,4,28.32580316232309,1.3630764030490612,6,1,3.3,85.0,346.3
US,Casa,4,5,2,1,0,0,1,1,0,1,0,2,0.0,3.407203001763769,5,0,4.0,0.16,345.7
NI,Casa,1,3,2,0,0,0,0,0,0,1,0,4,9.262886613803719,3.3084528062780105,5,0,0.0,7.5,128.8
CL,Casa pareada,4,10,1,1,0,0,1,0,1,1,1,1,26.463279433592124,2.0782693746538,5,0,4.0,150.0,356.6
AR,Casa,3,7,6,0,0,1,1,0,0,1,0,1,17.787758784526225,2.1043941782652644,4,1,7.3,85.0,561.8
AR,Casa,4,10,5,0,0,0,1,0,1,1,0,2,5.650533348870006,3.912397439568734,5,0,4.0,85.0,419.1
HT,Casa pareada,3,6,1,0,0,0,1,1,1,1,0,2,25.012476382056267,4.463086147963574,6,0,4.0,0.14,357.9
VE,Otro,2,7,3,0,1,0,0,0,0,1,0,3,23.549311911297167,2.6760685345550383,5,1,4.4,0.01,289.0
HT,Casa,2,6,2,0,0,0,1,0,0,1,0,1,29.851094422282443,6.215165086637043,3,0,4.0,0.14,316.0
EC,Casa,3,5,2,1,1,0,0,0,0,1,0,2,14.86811767178167,3.46719595425832,4,1,4.4,0.1,259.3
CU,Departamento,1,4,3,0,0,1,0,0,1,1,0,2,17.613335522351477,1.927916031776563,5,1,3.3,0.09,329.2
PA,Casa,4,8,2,1,1,1,1,1,1,1,0,2,30.995154694227388,3.491058818236084,8,1,11.7,0.17,671.8
SV,Casa,2,6,2,0,0,0,1,1,1,1,0,3,32.686910748780775,1.9427055627524552,7,0,4.0,0.19,398.3
PR,Departamento,4,10,5,0,1,0,1,0,0,1,0,1,40.51295577604651,3.0715816341660482,4,1,8.4,0.22,516.5
BR,Casa,4,10,1,0,1,0,0,0,0,1,0,1,16.34776485276176,3.3899174499446363,3,0,4.4,0.75,207.6
PE,Casa,3,8,2,0,0,0,0,0,1,1,0,3,22.850455590019305,1.3974853516055723,5,0,0.0,0.62,163.3
UY,Departamento,2,7,2,1,1,0,1,0,0,1,1,3,22.779454663400966,2.2110554973451997,7,1,8.4,8.5,495.7
CO,Casa,4,13,4,1,0,0,0,0,1,1,1,1,14.381939400358863,0.6964086175186877,4,0,0.0,820.0,255.5
HT,Casa,2,4,1,1,1,1,0,1,1,1,0,1,9.41227322628459,7.433804519828343,6,1,7.7,0.14,453.8
JM,Casa pareada,3,8,2,1,1,0,0,0,0,1,0,2,29.30655232662565,4.750591922338915,4,1,4.4,0.35,277.1
JM,Departamento,1,3,2,0,1,0,1,0,1,1,0,3,11.759580428591027,3.849399207402127,7,1,8.4,0.35,459.1
PE,Casa,0,1,1,0,1,0,1,0,0,1,0,2,16.84982158300151,5.7792798952652245,5,0,8.4,0.62,405.9
AR,Departamento,3,4,3,2,1,0,1,1,0,1,1,1,19.511094715690383,3.75107989653587,6,1,8.4,85.0,565.2
PR,Casa,3,8,2,1,0,0,0,0,0,1,0,2,19.311569685371122,1.9688177236999507,3,0,0.0,0.22,137.3
UY,Casa,0,2,3,0,1,0,1,0,1,0,0,4,6.528064900288733,3.352362158244606,7,1,8.4,8.5,447.8
BO,Casa,3,8,2,0,0,0,0,1,1,1,1,4,34.5399751453337,3.202729382474455,8,0,0.0,0.6,286.0
UY,Casa,5,13,7,1,0,1,0,0,1,1,0,2,23.560774034313827,3.1393147985135053,5,1,3.3,8.5,474.5
GT,Casa,3,9,4,0,0,0,0,0,0,1,0,3,24.69415754919843,4.316123066533529,4,0,0.0,1.7,208.1
VE,Casa,3,8,1,2,1,0,0,0,0,1,0,2,34.80204965436495,4.168885794042984,4,1,4.4,0.01,264.2
ES,Departamento,1,5,1,0,1,1,1,0,0,1,1,3,19.815523069143232,3.6303297878587717,8,0,11.7,0.27,601.5
VE,Otro,3,9,1,0,1,0,0,0,1,1,0,1,14.24841235258583,3.195973522118505,4,0,4.4,0.01,235.9
JM,Casa,4,10,2,0,0,0,0,0,1,1,0,3,4.7793821594464205,2.693798151616039,5,0,0.0,0.35,145.9
PY,Casa,3,7,1,1,1,0,1,0,1,1,0,2,26.625780051699323,2.7260284671186463,6,1,8.4,185.0,446.2
JM,Casa,2,7,3,0,0,1,1,0,1,1,0,0,0.0,2.3992208240984993,4,1,7.3,0.35,494.9
CO,Casa pareada,2,7,1,1,0,0,0,0,1,1,1,1,21.858302662506176,0.0,4,0,0.0,820.0,165.7
VE,Casa,4,10,1,1,0,0,1,0,1,1,0,1,0.4612164822195517,5.676322672458237,4,0,4.0,0.01,316.3
MX,Casa,2,7,1,3,1,0,1,0,1,1,0,2,27.893432031148905,3.800578236421684,6,1,8.4,1.2,481.9
HT,Casa,2,7,1,1,1,0,0,0,1,1,0,1,20.970988723007068,2.5652188295885034,4,1,4.4,0.14,251.1
CO,Casa,2,3,2,2,0,0,1,0,1,1,0,2,28.08506359380197,6.3745902484147905,5,0,4.0,820.0,388.7
HT,Casa,3,10,5,0,0,0,1,0,1,1,1,1,39.48790048020392,4.978395423620925,5,0,4.0,0.14,479.5
JM,Departamento,2,1,1,0,0,0,1,0,0,1,0,3,38.04654920289095,1.2794002849341308,5,0,4.0,0.35,302.1
GT,Casa,2,7,2,0,0,0,0,1,1,1,0,3,8.511291500691263,3.325974000156524,6,0,0.0,1.7,193.4
JM,Departamento,1,2,5,0,0,0,0,0,1,1,0,2,13.070568039714425,3.467664082275675,4,0,0.0,0.35,243.5
VE,Casa,3,7,2,2,1,0,1,0,1,1,0,2,20.525343682549064,2.7683063113274917,6,1,8.4,0.01,486.2
PY,Casa,0,1,1,0,0,0,0,0,0,1,0,2,24.927235832150046,2.6098541038804153,3,0,0.0,185.0,99.8
NI,Casa,0,2,1,0,1,1,0,0,1,1,1,1,9.01782750705589,1.2823689978390695,6,0,7.7,7.5,418.7
CR,Casa,3,8,1,1,1,0,0,0,1,1,0,2,40.03687421620589,2.098328209900778,5,1,4.4,145.0,274.9
CL,Casa,2,5,2,1,1,1,0,0,1,1,0,2,22.31466529630475,4.257714674484928,6,1,7.7,150.0,447.6
CL,Casa,3,8,3,0,0,0,1,1,0,1,0,0,0.0,2.789468024188509,3,0,4.0,150.0,358.0
EC,Casa móvil,1,7,3,0,0,0,0,0,0,1,1,2,4.090721402787459,2.664055744969066,4,0,0.0,0.1,187.0
EC,Casa,1,4,3,0,1,0,1,0,0,1,0,2,31.445669523188464,2.2569287447128255,5,1,8.4,0.1,463.2
NI,Departamento,3,10,2,0,0,0,1,0,1,1,0,4,3.446518250870618,1.828715256166582,7,0,4.0,7.5,322.7
BR,Departamento,3,7,3,0,0,0,1,0,1,1,1,1,31.083264698729963,2.6976687248907614,5,0,4.0,0.75,406.2
CO,Casa,2,4,2,0,0,0,1,1,1,1,0,1,32.12060039942697,1.9453905985177793,5,0,4.0,820.0,368.9
AR,Casa,2,4,1,2,1,0,0,0,0,1,0,1,29.236594798815524,3.6857643825806896,3,1,4.4,85.0,244.3
DO,Casa pareada,0,5,1,0,0,1,1,0,0,1,1,1,26.97346592948057,0.44431081902935343,5,0,7.3,12.5,453.2
US,Departamento,0,2,1,0,0,1,1,0,1,1,1,1,25.497134345152507,0.7858470621252356,6,0,7.3,0.16,484.1
NI,Casa,1,6,2,0,0,1,1,0,1,1,0,1,21.38855456512355,2.149458869304631,5,1,7.3,7.5,473.6
ES,Departamento,1,2,1,0,0,0,0,1,1,1,0,3,5.098914740357985,4.15296523660689,6,0,0.0,0.27,162.6
PY,Departamento,0,1,3,0,0,0,0,0,1,1,0,1,13.331885244868406,2.6922923089701944,3,0,0.0,185.0,174.0
PA,Departamento,0,1,1,0,0,1,1,0,0,1,1,2,14.346423544834073,0.8241679449885164,6,0,7.3,0.17,456.3
JM,Departamento,2,2,1,1,0,0,0,0,0,1,0,1,10.192256065214133,6.000272214809432,2,0,0.0,0.35,111.8
UY,Departamento,4,10,6,1,0,0,1,1,1,1,0,1,31.401573344420797,1.6151194912564577,5,0,4.0,8.5,502.1
PE,Casa,2,6,3,0,1,0,0,0,1,1,1,2,20.264240810274092,2.728789660027255,6,1,4.4,0.62,350.4
PY,Departamento,2,4,2,0,1,0,0,0,1,1,0,3,8.249961533375052,3.332739502075792,6,1,4.4,185.0,272.4
ES,Casa,1,6,3,0,1,1,0,0,1,1,1,2,31.318077257726884,1.831761533042142,7,1,7.7,0.27,504.5
CR,Casa,3,7,2,0,1,0,1,0,1,1,0,2,28.044496981035948,2.822440599977757,6,1,8.4,145.0,462.8
CL,Casa,3,9,1,0,0,0,0,0,0,1,1,1,19.22097730357865,6.001138354845834,3,0,0.0,150.0,145.2
CL,Casa,4,13,5,1,1,0,0,0,1,1,0,2,24.212660932677515,5.339428888204895,5,1,4.4,150.0,395.4
BR,Casa,2,3,1,0,0,0,1,0,1,1,0,1,13.511647497950573,1.4049076110837828,4,0,4.0,0.75,288.6
CO,Departamento,3,12,1,0,0,0,0,0,0,1,0,2,11.073511118781953,2.342590275738853,3,0,0.0,820.0,86.9
EC,Departamento,2,4,4,1,0,0,0,0,0,1,0,2,15.684848487426564,5.4653651576218465,3,0,0.0,0.1,209.2
MX,Casa móvil,2,7,4,0,0,0,1,1,0,1,0,1,14.464920045255855,3.879817658717662,4,0,4.0,1.2,399.6
MX,Casa,3,7,4,2,1,0,1,0,0,1,0,2,24.733661855367107,4.307189908338646,5,1,8.4,1.2,526.3
EC,Casa,2,5,3,1,1,1,0,0,0,1,1,2,10.453672696368496,1.616406338436292,6,1,7.7,0.1,470.8
CU,Otro,1,1,3,0,0,1,1,1,0,1,1,2,21.630745024661557,2.5315054282035576,7,1,7.3,0.09,569.9
ES,Departamento,4,10,2,2,1,0,0,0,0,1,0,1,28.32948748844167,3.3065400612266482,3,1,4.4,0.27,272.3
JM,Casa,2,5,2,0,0,1,1,0,1,1,0,3,26.062451721318418,2.2984002144893574,7,1,7.3,0.35,499.8
DO,Casa,5,13,9,2,0,0,1,0,1,1,0,1,27.85108069506208,4.287508383509961,4,0,4.0,12.5,577.0
PR,Casa,3,9,1,0,0,0,0,0,1,1,0,2,5.30031392325861,1.0293183311228598,4,0,0.0,0.22,106.4
PE,Casa,3,4,3,1,1,0,1,0,0,1,0,2,3.4802967562386655,3.0009926097313375,5,1,8.4,0.62,457.6
VE,Casa,2,4,1,0,0,0,0,0,1,1,1,3,34.600294279938495,3.1101000100132485,6,0,0.0,0.01,200.3
NI,Casa,5,12,5,1,0,0,0,0,0,1,0,2,27.060693409907902,2.9257936244388363,3,0,0.0,7.5,237.9
EC,Departamento,2,8,2,0,0,1,0,0,0,1,1,2,28.9705340524233,2.704433785215434,5,1,3.3,0.1,326.8
HN,Otro,3,8,3,2,0,1,0,0,1,1,1,1,39.668441870519544,1.7737454196751317,5,1,3.3,3.5,404.4
PE,Departamento,2,6,1,0,1,0,0,0,0,1,0,2,2.284105564494901,4.795972750831814,4,0,4.4,0.62,209.3
CL,Casa pareada,3,6,3,2,0,0,0,0,1,1,0,2,35.23832826383463,2.0026558904508986,4,0,0.0,150.0,226.0
JM,Otro,2,5,2,0,0,0,0,0,1,1,0,2,22.354478266136052,4.2235649284387256,4,0,0.0,0.35,164.6
CR,Casa,3,7,5,0,1,0,1,0,0,1,0,1,18.230397654802502,1.1550531060160727,4,1,8.4,145.0,498.8
BR,Otro,4,11,1,0,1,0,1,0,1,1,0,2,21.43546710983582,1.9935377712406979,6,0,8.4,0.75,423.6
GT,Departamento,2,4,2,0,0,1,1,0,0,1,0,2,14.23590601590739,0.7988859756455637,5,1,7.3,1.7,441.4
ES,Casa,3,5,4,1,0,0,0,0,1,1,1,4,18.63930062440637,4.125967944633308,7,0,0.0,0.27,297.9
PA,Departamento,3,8,3,0,0,1,0,0,0,1,0,2,31.36823083369531,3.154221947418151,4,1,3.3,0.17,316.1
PA,Casa,3,9,8,1,1,0,0,0,0,1,0,2,27.412913610365337,6.297130246763416,4,1,4.4,0.17,462.1
ES,Casa,1,4,2,0,0,0,0,0,1,1,0,2,4.485113433277055,1.8457708669231447,4,0,0.0,0.27,139.2
EC,Casa,2,4,4,1,0,0,0,0,1,1,0,2,16.94733263096809,2.8730787291560644,4,0,0.0,0.1,229.2
SV,Departamento,2,2,4,0,0,0,0,0,1,1,0,2,22.001823007100768,4.111692359803692,4,0,0.0,0.19,223.8
DO,Casa,2,4,3,1,0,1,1,1,0,1,0,1,19.036239118804758,1.0046369888746964,5,1,7.3,12.5,522.7
HN,Casa,3,9,6,3,1,0,1,0,0,1,0,3,23.70708761664392,4.976934566087419,6,1,8.4,3.5,614.1
US,Casa pareada,2,8,1,0,0,0,1,0,0,1,0,1,9.14329338741564,2.304557690689193,3,0,4.0,0.16,260.5
US,Casa pareada,2,4,1,2,0,0,1,0,0,1,0,3,25.20667332058229,1.2654520565954277,5,0,4.0,0.16,315.7
PY,Casa pareada,4,11,3,1,0,1,1,0,0,1,0,3,20.6625043336272,2.867083166187575,6,1,7.3,185.0,510.2
UY,Casa,2,3,4,0,1,0,1,1,1,1,0,1,18.035539392663203,2.3864643348462136,6,1,8.4,8.5,544.1
MX,Casa,1,3,1,0,0,0,0,0,1,1,0,2,30.138027644999376,3.462276897241665,4,0,0.0,1.2,137.9
MX,Casa,3,9,5,1,1,0,1,0,0,1,0,1,19.515468904377805,2.061551225477753,4,1,8.4,1.2,518.2
PA,Casa,2,5,3,1,0,0,1,1,0,1,0,2,19.005914057283693,1.9664586498088574,5,0,4.0,0.17,387.1
PE,Casa,3,15,3,1,1,0,1,0,1,1,0,1,12.007324784436067,5.658764465660381,5,1,8.4,0.62,500.5
AR,Casa,1,6,1,0,1,0,0,0,0,1,0,2,18.152658096736314,4.117472172657224,4,0,4.4,85.0,219.9
HT,Casa pareada,3,6,1,2,1,0,1,1,0,1,0,2,27.27798845684545,6.136721275193771,6,1,8.4,0.14,486.4
CU,Casa,1,2,5,0,0,0,0,0,0,1,1,2,23.094375938561555,2.719531835694357,4,0,0.0,0.09,263.3
ES,Casa,3,4,4,0,0,0,0,0,1,0,0,1,14.86797371980772,4.97130042537613,2,0,0.0,0.27,178.4
PR,Casa,1,1,4,0,0,1,0,1,0,1,0,1,23.6051989220878,3.8658283514158773,4,1,3.3,0.22,371.9
BO,Casa,3,11,4,0,0,0,0,0,0,1,0,1,21.80745055938392,3.8705673590448715,2,0,0.0,0.6,182.6
PR,Departamento,3,5,3,0,0,0,1,0,0,1,0,2,23.626106072115725,3.702596376989011,4,0,4.0,0.22,343.4
PA,Departamento,4,14,5,3,0,0,0,0,0,1,1,2,22.14758846197123,4.162423216750122,4,0,0.0,0.17,313.7
SV,Casa,1,3,1,0,0,0,1,0,0,1,0,4,14.269601004981922,3.4219517972755487,6,0,4.0,0.19,287.8
ES,Casa,1,5,1,0,1,0,0,0,1,1,0,1,23.026507965424393,2.757711003559649,4,0,4.4,0.27,237.8
NI,Casa,2,4,2,1,0,0,0,1,0,1,0,3,23.02108877273497,3.5325493989788996,5,0,0.0,7.5,197.7
GT,Casa pareada,5,14,1,1,0,0,1,1,1,1,1,1,8.314214275689231,2.9619915484341988,6,0,4.0,1.7,392.7
US,Casa,3,6,3,0,0,0,0,0,0,1,0,2,22.746743674470903,0.0,3,0,0.0,0.16,146.7
CL,Departamento,3,11,1,0,0,0,1,0,0,1,0,2,18.144706072295236,2.963721988595774,4,0,4.0,150.0,275.5
UY,Casa,0,1,1,0,0,0,0,0,1,0,1,3,22.35279845845614,5.3474243296675965,5,0,0.0,8.5,158.3
DO,Casa,3,6,1,0,0,0,0,0,1,1,1,3,22.37027718248119,2.8350769273531884,6,0,0.0,12.5,183.5
CU,Casa,1,2,1,0,0,1,1,0,0,1,1,1,26.16792342833306,5.160684311934224,5,0,7.3,0.09,473.1
HT,Casa,4,9,3,2,0,1,1,1,1,1,0,1,18.574535757376914,2.6388706533467596,6,1,7.3,0.14,574.6
VE,Casa,2,4,1,0,0,0,0,1,0,1,0,2,8.562584977007377,2.539506852304668,4,0,0.0,0.01,125.7
CO,Casa,2,7,1,0,0,0,0,1,0,1,0,2,15.964246388235336,2.2468539706385524,4,0,0.0,820.0,130.7
SV,Departamento,3,8,4,1,0,0,0,0,1,1,0,4,21.29090715699084,3.2681016467049413,6,0,0.0,0.19,254.1
CO,Departamento,4,10,4,0,0,0,0,0,0,1,0,1,12.526723963253932,3.7475951976647917,2,0,0.0,820.0,178.1
SV,Casa,3,8,4,1,1,0,0,0,0,1,0,3,12.856813290391692,1.8395658721912285,5,1,4.4,0.19,316.8
ES,Casa,3,9,5,0,1,1,1,1,0,1,0,1,8.419973180280882,5.369956743877128,6,1,11.7,0.27,701.3
CL,Casa,4,9,4,3,0,0,1,0,0,1,1,1,19.470287904620942,2.020413064571513,4,0,4.0,150.0,443.3
CL,Casa,3,10,4,0,1,1,1,0,0,1,0,1,9.461463937680154,2.837002062970836,5,1,11.7,150.0,620.8
HT,Casa,3,9,1,0,1,1,1,0,1,1,0,1,17.22336699110047,2.0174455928105033,6,0,11.7,0.14,560.7
CO,Casa,4,11,2,3,1,1,0,0,1,1,1,2,11.382788613406987,5.306806235636101,7,1,7.7,820.0,517.5
CO,Casa pareada,1,4,4,0,1,1,0,0,0,1,0,2,14.304565160785954,3.8957647107917954,5,1,7.7,820.0,454.2
VE,Casa pareada,3,9,5,1,0,0,0,1,1,1,0,1,12.443624252304305,2.6210572969472787,4,0,0.0,0.01,288.4
DO,Casa,2,5,2,1,0,1,0,1,1,1,0,1,21.198351268769898,1.8771043810030534,5,1,3.3,12.5,347.4
EC,Casa pareada,3,12,3,0,0,0,1,0,1,1,0,2,19.14472810789856,2.7173998186997204,5,0,4.0,0.1,365.4
PR,Casa móvil,4,9,3,2,0,0,0,0,0,1,0,1,14.34101567447476,1.1316953732018282,2,0,0.0,0.22,167.7
US,Otro,3,7,8,1,1,1,0,0,0,1,0,1,20.195573709043444,3.179727760858457,4,1,7.7,0.16,581.8
GT,Casa,1,7,1,0,0,0,1,0,1,1,1,1,26.01022287888651,3.464775581268168,5,0,4.0,1.7,347.3
CU,Casa móvil,2,5,2,0,0,0,0,1,1,1,0,4,19.979554701970596,3.3511419094441726,7,0,0.0,0.09,217.3
SV,Departamento,3,7,3,2,1,0,0,0,1,1,0,3,34.02072438351583,5.166915424609135,6,1,4.4,0.19,373.1
HN,Departamento,2,5,1,0,0,0,1,0,1,1,1,1,27.636458311884198,2.209700736370441,5,0,4.0,3.5,342.6
BO,Casa,3,11,6,0,1,0,1,0,0,1,0,2,0.0,3.209909621646624,5,1,8.4,0.6,529.1
PA,Casa,2,7,3,0,0,1,0,0,0,1,0,2,10.68385873350595,3.5815203525883392,4,1,3.3,0.17,300.4
US,Casa,2,7,4,0,0,0,0,0,1,1,0,1,19.07984313668349,1.8880779749058008,3,0,0.0,0.16,203.0
CR,Casa,2,6,2,0,1,0,0,0,0,0,0,3,17.388081072443978,1.1122343588947552,4,1,4.4,145.0,208.4
NI,Casa pareada,3,6,2,2,1,1,0,0,0,1,0,2,23.63814413667813,2.280134221061001,5,1,7.7,7.5,425.2
NI,Casa,2,6,4,1,0,0,0,0,0,1,0,1,0.0,5.161313759921839,2,0,0.0,7.5,193.1
CU,Departamento,4,10,4,2,0,0,0,0,1,1,0,4,24.59177787409297,2.602193729596237,6,0,0.0,0.09,271.9
CR,Departamento,3,4,4,1,1,0,1,0,1,1,0,1,22.501834353664847,3.7243718118743887,5,1,8.4,145.0,526.7
BR,Casa,5,14,5,2,0,0,0,1,0,1,0,2,12.857381041645642,2.7288683332530907,4,0,0.0,0.75,280.1
PR,Casa pareada,0,1,1,0,0,0,0,0,1,1,0,2,24.79027231267258,0.7403914022540334,4,0,0.0,0.22,121.7
HN,Casa,2,3,1,0,0,1,0,0,0,1,1,2,29.927905923040537,3.029341374537833,5,0,3.3,3.5,299.0
HT,Otro,3,6,2,1,0,1,1,0,0,1,0,3,22.534967357671068,4.91907826494543,6,1,7.3,0.14,491.4
UY,Casa,3,9,7,1,0,1,0,0,0,1,1,4,26.569336033271284,4.452435839078293,7,1,3.3,8.5,521.2
MX,Casa pareada,3,8,5,0,0,0,0,0,1,1,0,1,17.83435115229521,4.911984480847521,3,0,0.0,1.2,245.4
PY,Casa,1,4,2,0,0,1,0,0,0,1,1,2,26.688450827814666,3.430323398242084,5,1,3.3,185.0,327.9
UY,Departamento,3,10,1,1,1,0,0,0,0,1,0,3,18.923378819680206,0.3516841971371907,5,1,4.4,8.5,228.2
NI,Departamento,0,1,2,0,1,0,0,0,1,1,0,2,26.26508698242122,4.101581645554274,5,1,4.4,7.5,286.8
HN,Casa,1,4,1,0,0,1,0,0,1,1,0,2,8.187424852153814,4.188086966837969,5,0,3.3,3.5,270.9
ES,Casa pareada,1,3,2,0,1,0,1,0,0,1,0,2,17.21970786264216,2.37169700663202,5,1,8.4,0.27,421.6
BO,Casa,3,8,3,2,0,0,1,1,0,1,0,4,0.0,4.6343116805167845,7,0,4.0,0.6,395.9
HN,Departamento,1,1,3,0,1,0,0,1,1,1,0,1,16.95803574227545,0.35795086515862984,5,1,4.4,3.5,325.0
CR,Casa pareada,2,5,1,1,0,1,0,0,0,1,0,1,14.531232381554066,1.723766670411451,3,1,3.3,145.0,243.8
SV,Casa,5,15,9,2,1,0,1,0,0,1,0,1,0.0,3.604159450929218,4,1,8.4,0.19,650.8
EC,Casa,2,5,3,0,0,0,0,0,0,1,0,1,28.008664540458547,3.429762609612196,2,0,0.0,0.1,153.3
ES,Casa,0,1,1,0,1,0,1,0,1,1,0,2,21.959742395021895,2.9944889598675486,6,0,8.4,0.27,428.4
CL,Casa,2,9,3,0,0,1,0,1,0,1,1,3,18.97831713780297,1.158455178348508,7,1,3.3,150.0,390.5
CR,Departamento,3,8,2,0,0,0,0,0,0,1,0,2,30.728879554613755,3.072066009104777,3,0,0.0,145.0,136.7
VE,Otro,1,2,2,0,0,1,0,0,1,1,0,4,14.165570794937294,2.5054355841249416,7,1,3.3,0.01,312.2
MX,Casa,2,6,3,1,0,0,0,0,1,1,0,4,20.881368524433263,1.4288859466676027,6,0,0.0,1.2,215.5
HN,Departamento,2,4,3,0,1,0,0,0,1,1,0,3,19.988841215160015,2.612900587423036,6,1,4.4,3.5,314.3
CL,Casa,2,5,2,0,1,0,1,0,0,1,1,1,17.8841323105997,0.23945332438946432,5,1,8.4,150.0,449.4
UY,Departamento,4,9,3,2,0,0,0,0,0,1,0,1,12.884394523585083,3.635686913990859,2,0,0.0,8.5,177.8
UY,Casa,1,1,2,0,0,0,1,0,1,1,0,1,4.205378721431954,2.780174340811967,4,0,4.0,8.5,320.5
ES,Casa móvil,3,8,3,0,1,0,1,0,0,1,0,3,14.487529090688373,4.144872793312575,6,1,8.4,0.27,463.8
NI,Departamento,1,9,2,0,1,0,0,0,1,1,0,2,33.492153708552124,3.6083088763503075,5,1,4.4,7.5,290.8
PR,Casa,4,12,2,3,1,0,1,1,1,1,0,2,19.325928070803343,3.4234479150309354,7,1,8.4,0.22,543.1
CL,Casa,0,2,1,0,0,0,0,1,0,1,0,3,21.439028735343594,3.528287379827943,5,0,0.0,150.0,150.6
PE,Casa,1,4,1,0,0,1,0,0,1,1,0,1,27.42255367627808,1.2212393100223213,4,0,3.3,0.62,262.2
HN,Departamento,3,6,4,0,0,0,1,0,1,0,1,2,0.0,0.7218818849293465,5,0,4.0,3.5,377.8
SV,Casa pareada,3,7,4,0,1,0,0,1,0,1,0,2,16.932601966170168,3.333898639927661,5,1,4.4,0.19,345.6
JM,Departamento,3,9,5,2,0,0,0,0,1,1,0,2,27.14483031281354,3.7414477837685736,4,0,0.0,0.35,286.6
PR,Casa,2,4,1,1,0,0,1,0,1,1,0,2,18.355372399368736,2.9025144590486427,5,0,4.0,0.22,320.6
CO,Departamento,1,6,1,0,0,1,0,0,1,1,1,1,26.873562401958694,1.6677954240425361,5,0,3.3,820.0,308.5
CU,Otro,1,2,3,0,1,0,1,0,1,1,0,1,8.261302266417925,0.0,5,1,8.4,0.09,459.7
HN,Casa,1,1,1,0,0,0,0,0,1,1,0,3,29.69613238164884,3.529603062190535,5,0,0.0,3.5,151.2
US,Departamento,3,6,1,0,0,1,1,0,0,1,0,1,17.33961028213194,0.8673363099538456,4,0,7.3,0.16,406.3
PA,Casa,2,2,2,0,1,0,0,0,1,0,0,2,12.13393174839319,5.963278918987054,4,1,4.4,0.17,246.8
SV,Departamento,3,9,1,1,0,0,0,0,1,1,0,1,1.2098906760951422,5.404682150258165,3,0,0.0,0.19,135.5
GT,Casa,3,7,1,4,0,0,1,0,0,1,0,2,32.74353563561674,2.0248877630829476,4,0,4.0,1.7,343.9
US,Departamento,4,8,4,3,1,0,1,0,0,1,1,2,22.06814555523201,4.881284629865306,6,1,8.4,0.16,586.1
US,Casa,4,11,3,1,0,1,1,1,0,1,0,2,28.30905478095014,2.1166767756578695,6,1,7.3,0.16,544.1
EC,Casa,2,4,1,0,1,1,0,0,1,1,0,1,25.551819574367002,3.9883622029937156,5,0,7.7,0.1,392.6
CU,Casa,4,7,3,2,1,0,0,0,0,1,0,2,33.955348168614016,4.251780000776443,4,1,4.4,0.09,323.9
SV,Casa,3,9,1,0,1,0,0,0,0,1,0,1,19.097694931130757,1.2254250276349734,3,0,4.4,0.19,199.5
CO,Casa,2,5,2,1,0,1,0,0,0,1,0,4,14.611490181756086,0.43971954138084257,6,1,3.3,820.0,289.1
BO,Casa,2,7,2,1,1,0,1,0,1,1,1,1,15.559703320819573,5.71678128748299,6,1,8.4,0.6,516.9
VE,Casa,0,1,1,0,0,0,0,0,0,1,1,2,25.6968175249805,2.1849449647299997,4,0,0.0,0.01,143.2
PY,Casa,3,6,2,0,0,0,1,0,1,1,0,3,25.87999844633056,6.326958947406539,6,0,4.0,185.0,368.3
HT,Casa,0,3,1,0,1,0,1,0,1,1,0,3,15.997982149398258,1.3125695416937881,7,0,8.4,0.14,423.6
SV,Departamento,5,11,3,2,1,1,0,0,1,1,0,1,25.074969630860487,1.4477850110508246,5,1,7.7,0.19,471.5
GT,Casa,3,7,1,0,0,0,0,1,0,1,1,1,30.58523859016497,2.2725479320268436,4,0,0.0,1.7,174.2
PE,Casa,4,12,2,1,1,0,1,0,0,1,0,1,14.835385200930933,3.8908320408497437,4,1,8.4,0.62,434.1
CU,Casa móvil,1,2,1,0,0,0,0,1,1,1,0,1,10.478473625270958,4.881207164430533,4,0,0.0,0.09,162.2
EC,Casa,1,5,1,0,1,0,1,0,0,1,0,4,20.02623563647233,6.48457425354397,7,0,8.4,0.1,430.1
ES,Casa pareada,2,8,4,1,1,1,0,0,1,1,0,1,18.980390862377135,0.9700890932982063,5,1,7.7,0.27,481.9
VE,Otro,4,5,3,4,0,1,0,0,0,1,0,3,5.226544534679769,4.436709513578631,5,1,3.3,0.01,362.3
PA,Departamento,3,9,5,0,0,1,0,0,0,1,1,0,0.0,0.4715734860715024,3,1,3.3,0.17,381.2
PA,Casa,3,8,5,4,1,0,0,0,0,1,0,1,19.79838733263088,0.7448047825270159,3,1,4.4,0.17,377.7
PR,Departamento,2,5,1,0,0,1,0,0,0,1,0,3,26.540184389323954,5.447324075354462,5,0,3.3,0.22,273.8
BR,Casa,3,7,3,1,0,0,0,0,0,0,1,1,13.748975024806215,3.9183995423677125,2,0,0.0,0.75,173.0
DO,Otro,1,7,2,0,1,0,1,0,0,1,0,1,36.02134934289538,3.132524417057612,4,1,8.4,12.5,424.8
GT,Casa pareada,1,2,1,0,1,0,0,0,1,1,0,2,0.26486945408815643,4.170748763997423,5,0,4.4,1.7,235.0
BO,Casa pareada,2,9,3,0,0,1,0,1,0,1,1,2,30.117067906554496,3.577885586963808,6,1,3.3,0.6,401.5
CU,Departamento,3,7,3,0,1,0,1,1,1,1,0,3,27.680109656028833,2.669570325859959,8,1,8.4,0.09,544.4
CO,Casa,2,1,3,0,1,0,0,0,0,1,0,2,18.672608938759954,5.747276311830662,4,1,4.4,820.0,287.3
HT,Departamento,2,6,3,0,0,1,0,0,1,1,0,2,31.535512155576928,5.574431157680475,5,1,3.3,0.14,356.7
ES,Casa,2,3,1,0,0,0,1,0,0,1,1,2,23.030975331273613,3.0508391625737183,5,0,4.0,0.27,324.7
JM,Departamento,1,3,1,0,0,0,1,0,0,1,0,2,21.532015860695214,1.8437791585226577,4,0,4.0,0.35,273.6
PR,Casa,3,11,2,0,0,0,0,0,0,1,1,1,15.671706728679762,0.9228386000774398,3,0,0.0,0.22,152.0
NI,Casa pareada,2,3,1,0,1,1,1,0,0,1,0,2,7.550891289806085,1.3602766566946174,6,0,11.7,7.5,527.6
UY,Casa,3,8,3,0,1,1,0,0,1,1,0,2,3.6335630553720897,1.8175263266235206,6,1,7.7,8.5,436.3
AR,Departamento,3,5,2,3,1,1,0,0,0,1,0,1,9.37682675701484,2.1532729512901962,4,1,7.7,85.0,422.8
NI,Otro,3,8,1,0,0,1,1,0,0,1,0,1,18.271377865159653,4.978499112825301,4,0,7.3,7.5,424.3
BR,Departamento,0,1,2,0,0,1,1,0,0,1,0,3,10.360222320228633,1.7006804585510613,6,1,7.3,0.75,447.1
VE,Casa,1,7,1,0,0,0,0,0,0,1,0,2,24.368231032916142,6.2435452082374,3,0,0.0,0.01,114.9
CO,Departamento,3,4,4,0,0,1,1,0,1,1,0,1,38.97156939334272,3.600285030658579,5,1,7.3,820.0,547.3
CO,Departamento,2,6,1,1,0,0,0,0,0,1,1,0,0.0,2.2698468150769826,2,0,0.0,820.0,135.4
PR,Departamento,0,3,1,0,0,0,0,0,1,1,0,3,16.193132372885483,4.5414054151135606,5,0,0.0,0.22,138.3
GT,Casa,2,6,1,1,0,0,0,0,0,1,0,2,13.847207149372695,3.9832607157368556,3,0,0.0,1.7,111.3
UY,Departamento,1,4,2,0,0,0,1,0,0,1,1,2,5.0275600158421305,0.0,5,0,4.0,8.5,326.4
CU,Departamento,1,3,3,0,0,0,0,1,0,1,0,4,0.0,3.5356096166192357,6,0,0.0,0.09,181.2
MX,Departamento,3,4,3,1,0,0,0,0,0,1,0,3,22.776974778625625,1.2271557299986795,4,0,0.0,1.2,177.4
PE,Departamento,3,8,1,0,0,1,0,0,0,1,0,3,7.241864636011261,3.8918520958411627,5,0,3.3,0.62,242.6
BR,Departamento,3,8,1,3,1,0,1,0,0,1,0,2,8.888753022855129,2.2144908200560773,5,1,8.4,0.75,428.9
US,Casa,1,4,2,0,0,0,0,0,1,1,0,2,20.972070994306474,1.6543527282229233,4,0,0.0,0.16,152.4
PA,Departamento,1,1,3,0,1,0,0,1,0,1,0,2,14.208933141319495,4.638726866795254,5,1,4.4,0.17,318.8
SV,Departamento,3,6,2,2,0,1,0,0,1,1,0,3,11.599145601488619,3.3352170724523833,6,1,3.3,0.19,335.8
PY,Casa,1,2,3,0,0,0,0,0,1,1,0,1,22.13226838910228,4.459794736433112,3,0,0.0,185.0,185.3
UY,Departamento,3,6,4,2,1,0,1,0,0,1,0,3,9.11595480751042,2.4100163309714784,6,1,8.4,8.5,509.5
BR,Otro,3,7,5,0,1,1,1,0,0,0,1,1,0.0,0.9593139396850545,5,1,11.7,0.75,646.6
AR,Casa,2,5,1,0,0,0,0,0,1,1,0,1,16.976458668377525,0.41469886214708795,3,0,0.0,85.0,105.8
AR,Casa,4,10,4,0,0,1,0,0,1,1,0,2,16.281085991650365,1.8088360663717733,5,1,3.3,85.0,357.6
NI,Casa,1,3,4,0,0,0,0,1,0,1,0,2,15.561825810441018,4.232196372345955,4,0,0.0,7.5,228.9
BR,Departamento,4,10,2,1,0,0,1,1,0,1,1,4,10.919888955353073,3.9638665509417113,8,0,4.0,0.75,414.1
UY,Casa,2,3,2,0,1,0,0,0,0,1,0,2,16.69165010696,3.058578349826976,4,1,4.4,8.5,244.1
BR,Departamento,4,7,2,0,1,0,1,0,1,1,0,1,17.32539127836948,2.5988518848498616,5,1,8.4,0.75,444.7
SV,Casa,2,6,1,0,0,0,0,0,0,1,0,2,0.0,4.796917197061479,3,0,0.0,0.19,86.6
CL,Casa,4,12,1,3,0,1,1,1,0,1,0,3,10.189581581563994,3.635681568233154,7,1,7.3,150.0,510.3
PE,Casa,3,5,4,0,0,0,1,0,1,1,0,1,17.192669400160508,2.077946373726359,4,0,4.0,0.62,383.0
CR,Departamento,1,2,1,0,0,1,0,1,1,1,0,1,9.67424051876488,4.959009036590202,5,0,3.3,145.0,310.7
MX,Departamento,3,10,5,0,1,1,0,0,0,1,0,0,0.0,1.2042649165635027,3,1,7.7,1.2,459.1
US,Departamento,3,6,2,0,0,0,0,0,1,1,0,2,17.42121952311958,3.7445808964978564,4,0,0.0,0.16,158.4
AR,Casa,0,1,1,0,0,0,1,0,1,0,0,4,7.749726865356063,1.003738404980465,6,0,4.0,85.0,260.4
PY,Casa pareada,2,6,1,0,0,0,0,0,0,1,0,1,29.646480538342892,1.8606200105118853,2,0,0.0,185.0,87.3
ES,Casa,0,4,1,0,0,1,0,1,0,1,1,2,30.593144121719174,4.334261087054291,6,0,3.3,0.27,345.2
AR,Departamento,3,9,1,0,0,1,1,0,0,1,0,0,0.0,2.2894896106605804,3,0,7.3,85.0,404.3
CO,Casa,3,7,2,1,0,0,0,1,1,1,0,4,6.01627979086288,3.0609242307826685,7,0,0.0,820.0,207.4
MX,Casa,3,5,4,2,1,0,0,0,1,1,0,2,21.617295537852712,0.6460191429291022,5,1,4.4,1.2,358.0
ES,Casa,2,6,1,1,0,0,0,0,0,1,1,1,12.780294860186153,2.008922248048399,3,0,0.0,0.27,140.4
JM,Casa,3,8,5,0,1,0,0,1,1,1,1,2,37.62804463279221,6.782774138820726,7,1,4.4,0.35,482.6
ES,Departamento,4,7,2,0,1,0,0,0,1,1,0,2,20.024320466464825,4.421704348260025,5,1,4.4,0.27,282.9
SV,Otro,4,10,1,0,0,0,1,1,1,1,0,1,22.619413337692738,2.03256563108883,5,0,4.0,0.19,335.2
MX,Casa pareada,3,3,2,0,0,1,0,0,0,1,0,1,29.87157665291694,5.600777623051163,3,1,3.3,1.2,281.9
DO,Casa,1,3,1,0,0,0,0,0,0,1,0,1,4.994272500221719,2.474708877662935,2,0,0.0,12.5,79.5
GT,Casa,3,6,2,1,0,0,0,1,0,1,0,2,18.666949949611734,2.5956333031191434,4,0,0.0,1.7,179.5
BR,Casa pareada,2,5,4,2,0,0,0,0,1,1,0,2,47.157979317139464,2.114476498630152,4,0,0.0,0.75,266.6
CO,Casa,3,6,4,3,1,0,0,0,0,1,0,3,17.561197098145495,2.524349877510646,5,1,4.4,820.0,355.7
JM,Casa,2,6,3,1,0,1,0,0,0,1,1,1,35.6762223721845,3.5534945154440614,4,1,3.3,0.35,365.2
GT,Casa,1,3,1,0,0,0,0,0,1,1,0,1,33.90923730726078,2.4045809418025867,3,0,0.0,1.7,121.5
DO,Departamento,3,9,3,0,0,0,0,0,1,1,1,3,33.3648162771472,2.9252648847055363,6,0,0.0,12.5,257.9
VE,Casa,3,9,4,2,0,0,0,0,0,1,0,2,13.039528104733002,1.3590070591954686,3,0,0.0,0.01,204.3
PE,Casa,1,3,2,0,0,0,0,0,0,1,0,3,20.98609573550196,4.1449435847482405,4,0,0.0,0.62,142.6
HN,Departamento,4,11,4,1,0,0,0,0,1,0,0,3,21.9319082544407,1.3063326309722803,4,0,0.0,3.5,200.8
SV,Casa,3,9,1,4,0,0,1,0,1,1,0,2,28.38167508036075,2.9841059906480356,5,0,4.0,0.19,374.4
BO,Casa,3,10,1,0,0,0,0,0,1,1,0,1,9.848589359346342,2.531552176650347,3,0,0.0,0.6,111.8
PY,Departamento,2,5,2,1,0,0,0,0,1,1,0,2,2.4355807026311886,2.450530451082451,4,0,0.0,185.0,155.1
HN,Casa,4,8,8,1,0,0,0,0,0,1,0,3,32.7580350088607,2.792548041069182,4,0,0.0,3.5,346.8
BR,Departamento,3,8,2,0,0,0,0,0,1,1,0,2,18.056919192218267,3.847882706637258,4,0,0.0,0.75,159.3
PA,Departamento,2,7,1,0,0,0,0,0,0,0,0,1,27.43389490119887,1.43709147163301,1,0,0.0,0.17,48.5
PA,Casa,3,7,3,0,1,0,0,1,1,1,0,2,15.29217397566995,1.9420192385156734,6,1,4.4,0.17,338.3
SV,Casa móvil,2,4,1,0,1,0,0,0,0,1,0,4,25.828991206464234,1.2882288279784615,6,0,4.4,0.19,237.6
CO,Casa,2,7,4,0,0,0,0,0,0,1,1,3,18.1819222957024,3.092284594350769,5,0,0.0,820.0,239.2
AR,Casa,3,4,2,0,0,0,0,1,0,1,0,3,15.977923660226065,3.652470965436724,5,0,0.0,85.0,174.2
CO,Departamento,4,9,1,2,1,1,1,0,1,1,1,0,0.0,2.2596933573031315,6,1,11.7,820.0,628.3
PE,Casa,5,11,2,0,1,0,0,0,0,1,0,1,29.36816628509607,2.624013714362559,3,1,4.4,0.62,239.8
MX,Casa,3,8,3,0,0,0,0,0,0,1,0,1,12.632651294265214,2.797963118250186,2,0,0.0,1.2,144.1
BO,Departamento,2,2,4,0,0,1,0,0,1,1,1,3,33.870058328385966,3.4776210041259072,7,1,3.3,0.6,439.4
CL,Otro,2,5,2,1,0,1,0,0,0,1,0,1,31.382862665391237,4.4025355039442635,3,1,3.3,150.0,292.4
CO,Departamento,3,2,3,2,1,0,0,0,0,1,1,2,32.94571796671302,0.0,5,1,4.4,820.0,349.4
CU,Departamento,2,9,1,0,0,1,0,0,0,1,1,1,14.029516635689191,2.2963103552880435,4,0,3.3,0.09,275.6
CR,Departamento,1,2,2,0,0,0,0,0,0,1,0,2,17.238923125715136,3.3155871749072046,3,0,0.0,145.0,126.3
CU,Casa,3,8,2,1,0,0,1,0,1,1,0,1,14.939599012172769,0.16016326358752053,4,0,4.0,0.09,328.8
UY,Departamento,0,1,1,0,0,0,0,0,1,1,0,2,20.229483975536276,1.7270204449147633,4,0,0.0,8.5,122.1
BR,Casa,3,6,2,1,0,0,0,1,0,1,0,1,22.783985847761166,2.2177182365109207,3,0,0.0,0.75,171.0
AR,Casa,0,3,1,0,0,1,1,0,1,1,0,1,29.98579028924527,4.468757791638135,5,0,7.3,85.0,457.2
BR,Departamento,2,6,2,1,0,0,0,0,0,1,0,1,13.648158047207762,2.933862423902353,2,0,0.0,0.75,130.1
US,Casa,3,7,3,1,0,0,0,0,0,1,0,3,9.056426841476227,2.0701793106541455,4,0,0.0,0.16,163.6
JM,Casa,2,8,3,1,0,0,1,1,1,1,0,3,24.37905440671456,4.333748250143341,7,0,4.0,0.35,442.9
CU,Casa,2,3,1,1,1,0,0,0,0,1,0,3,0.0,3.045592267861755,5,1,4.4,0.09,213.4
VE,Departamento,4,5,5,0,1,0,0,0,0,1,0,3,23.978613407887618,0.0,5,1,4.4,0.01,338.1
MX,Casa,3,9,1,0,0,1,0,1,1,1,0,3,10.693335940517782,3.8862453327180715,7,0,3.3,1.2,317.1
BO,Departamento,2,7,3,1,0,1,0,1,1,1,0,2,12.58874305465571,3.403909772002221,6,1,3.3,0.6,386.4
US,Departamento,3,7,5,1,0,0,1,0,0,1,0,2,10.272722342768786,3.7014643491361503,4,0,4.0,0.16,407.0
CO,Casa,3,6,2,1,0,0,1,0,0,1,1,1,32.91223281309639,2.5731540805626123,4,0,4.0,820.0,361.4
GT,Casa,1,2,1,0,1,1,1,0,1,1,0,1,30.160883697046113,5.649639207900233,6,0,11.7,1.7,581.7
JM,Casa,3,7,4,0,0,0,0,0,1,1,0,1,16.35348507468594,0.6564759143777579,3,0,0.0,0.35,196.6
AR,Casa,3,6,4,0,1,0,0,0,0,1,0,1,6.710958546381322,4.499215640750965,3,1,4.4,85.0,298.2
CR,Departamento,4,13,2,1,1,0,0,1,1,1,0,3,6.6399338408527555,3.860218645485684,7,1,4.4,145.0,327.7
DO,Casa,2,4,6,0,0,0,0,0,1,1,0,2,19.351133070221866,3.7428374205073265,4,0,0.0,12.5,280.0
BO,Casa,3,5,4,0,1,0,1,0,0,1,1,2,16.526141369701406,2.5297211923909386,6,1,8.4,0.6,526.3
PR,Casa pareada,2,7,1,0,1,1,0,1,1,1,0,1,21.46147825891671,4.085081449924293,6,0,7.7,0.22,431.4
DO,Departamento,2,5,1,1,1,0,1,1,1,1,0,2,0.0,2.3343900813944245,7,1,8.4,12.5,460.6
AR,Casa,3,8,5,1,0,0,1,0,1,1,1,1,6.883530009532592,1.5866062188448882,5,0,4.0,85.0,466.2
DO,Casa pareada,3,10,7,1,1,1,0,0,0,1,0,1,11.517294340840278,3.456782871543976,4,1,7.7,12.5,549.3
US,Departamento,3,8,4,0,0,0,1,0,0,1,1,1,16.234378983125996,4.2631759737079244,4,0,4.0,0.16,406.5
CU,Casa,3,6,3,0,0,0,1,0,0,1,1,2,22.803359700780973,3.97190651221502,5,0,4.0,0.09,388.4
PR,Casa,2,5,1,1,0,0,1,1,1,1,0,3,15.952083807601815,6.489694139117308,7,0,4.0,0.22,381.4
ES,Casa,4,14,1,1,1,0,1,0,1,1,0,2,9.147212111643707,3.823003457099031,6,1,8.4,0.27,436.1
UY,Departamento,5,11,5,1,0,0,0,0,0,1,1,2,17.964091856355136,2.7968165140311,4,0,0.0,8.5,274.3
BO,Casa,0,1,3,0,0,0,0,0,0,1,0,2,20.770139511928992,3.7572787387112934,3,0,0.0,0.6,161.2
BR,Casa,1,1,3,0,0,1,0,0,0,1,0,1,16.77988596735356,0.6944419903820611,3,1,3.3,0.75,285.3
US,Departamento,2,6,2,3,0,0,0,0,0,1,0,1,20.586078392850983,2.395961278801983,2,0,0.0,0.16,160.7
HT,Departamento,4,6,3,3,1,0,0,1,0,1,0,3,27.945687772254153,3.879075977072919,6,1,4.4,0.14,384.8
MX,Casa,1,3,1,0,0,0,0,0,1,1,0,1,24.07595119893344,3.5569247495714613,3,0,0.0,1.2,122.3
DO,Departamento,3,9,5,0,0,1,1,0,0,1,0,0,0.0,1.4348160384447215,3,1,7.3,12.5,520.6
DO,Casa,3,6,4,0,0,0,0,0,1,1,1,1,25.04391677816492,3.2280010071280025,4,0,0.0,12.5,255.9
VE,Casa,2,5,3,1,1,1,0,0,1,1,0,2,23.17451030264114,3.2854981512356214,6,1,7.7,0.01,474.2
HT,Casa,2,5,3,1,1,0,0,0,0,1,1,1,16.94530773213131,2.5645777808899997,4,1,4.4,0.14,323.9
JM,Casa,0,1,1,0,0,0,1,0,1,1,0,3,20.108685976340073,4.30130271003173,6,0,4.0,0.35,322.3
MX,Departamento,0,1,1,0,1,0,1,1,1,1,0,1,6.724801917863854,2.987835834565033,6,0,8.4,1.2,451.9
HT,Casa,2,4,4,0,1,0,0,1,0,1,0,2,5.91880916338118,0.0,5,1,4.4,0.14,321.9
PA,Departamento,5,8,3,1,0,0,0,0,1,1,0,2,27.078246570859598,3.260330664609731,4,0,0.0,0.17,209.5
JM,Casa,2,3,1,0,1,1,0,1,1,1,0,1,18.724149938789456,3.0782826143789297,6,0,7.7,0.35,425.9
BR,Casa,2,5,4,0,0,0,1,1,0,1,0,0,0.0,3.068217926195317,3,0,4.0,0.75,389.2
BR,Departamento,0,1,1,0,1,1,1,0,1,1,0,3,17.149541201192697,0.0,8,0,11.7,0.75,568.0
PE,Departamento,3,9,5,0,1,1,1,0,0,1,0,1,17.928233654011418,5.881281995118494,5,1,11.7,0.62,667.4
BO,Departamento,2,6,1,3,0,0,1,0,0,1,1,2,12.122877943794037,3.7989142991040312,5,0,4.0,0.6,363.6
BR,Casa,5,13,5,0,1,1,0,0,0,1,0,2,31.971737097553522,1.9641358661837978,5,1,7.7,0.75,490.9
CO,Casa pareada,2,7,3,2,1,0,1,0,0,1,0,1,15.722051430571412,2.4563527415156736,4,1,8.4,820.0,473.3
SV,Casa pareada,3,8,3,1,1,0,0,0,0,1,0,3,13.223690409389992,6.551882573157959,5,1,4.4,0.19,307.5
SV,Departamento,1,5,2,0,0,0,0,0,1,1,0,3,0.0,2.493470151935438,5,0,0.0,0.19,136.8
PY,Casa,4,9,4,1,0,0,0,0,1,1,0,0,0.0,4.052705859935438,2,0,0.0,185.0,218.5
DO,Casa,5,10,4,2,0,1,0,0,1,1,0,1,9.315611934830292,1.8599848314851257,4,1,3.3,12.5,377.2
CO,Departamento,1,3,1,0,0,0,0,0,0,0,0,1,24.4994996256409,0.0,1,0,0.0,820.0,41.1
UY,Otro,3,8,4,2,0,0,0,0,1,1,1,2,25.591491486936008,5.1028448465133245,5,0,0.0,8.5,305.8
JM,Casa,2,10,4,0,1,1,0,0,1,1,0,1,17.8186113472274,2.731378490726524,5,1,7.7,0.35,474.0
GT,Casa,1,6,3,0,1,1,0,1,1,1,0,1,13.695055427815008,2.5391417208801856,6,1,7.7,1.7,481.5
DO,Departamento,2,7,2,2,1,0,1,0,1,1,1,1,3.1765367629573156,2.1665873852039437,6,1,8.4,12.5,511.5
HN,Casa,2,9,1,1,1,0,0,0,0,1,0,1,17.61031441836765,4.300945399795891,3,1,4.4,3.5,227.0
UY,Casa,1,2,1,0,0,0,0,0,0,1,0,2,11.642798318546735,3.120009453226,3,0,0.0,8.5,90.7
JM,Casa móvil,3,9,1,0,0,1,1,0,1,1,0,2,17.34192922770707,3.0463621282386395,6,0,7.3,0.35,453.8
GT,Departamento,2,7,2,0,1,0,1,0,0,1,0,2,15.963264554612593,2.2359016616858733,5,1,8.4,1.7,420.0
CU,Casa,2,5,1,0,1,1,0,0,1,1,0,0,0.0,3.0240753222753995,4,0,7.7,0.09,376.9
PY,Casa,0,1,1,0,1,0,1,0,1,1,0,1,10.888866367497936,5.611043952955708,5,0,8.4,185.0,424.9
MX,Departamento,3,9,2,0,0,0,0,0,0,1,1,2,16.993564028742078,3.1513567816457257,4,0,0.0,1.2,170.0
HN,Departamento,4,12,5,0,1,0,0,1,0,1,1,2,4.129112018755489,4.771131462566232,6,1,4.4,3.5,415.5
UY,Casa,3,7,3,1,0,0,1,1,0,1,0,1,10.176976920721884,2.0751229684744867,4,0,4.0,8.5,375.0
CL,Departamento,3,6,3,0,1,1,1,1,1,1,0,1,11.627004795419575,4.606443604118946,7,1,11.7,150.0,669.4
SV,Casa,5,11,2,3,0,0,0,0,1,1,0,3,28.5862284725546,1.4867409145584973,5,0,0.0,0.19,216.0
BR,Casa,3,6,4,0,0,1,0,1,0,1,0,2,18.015146412331074,4.64456796420496,5,1,3.3,0.75,381.2
PR,Casa,2,1,3,1,0,0,1,0,1,1,0,1,28.012431895710225,2.601748035220964,4,0,4.0,0.22,374.9
ES,Casa,3,5,4,1,0,1,0,1,1,1,1,4,24.618404553070526,0.0,9,1,3.3,0.27,479.0
PY,Departamento,3,10,3,1,0,0,1,0,0,1,0,2,13.90732883930978,2.3751456654175245,4,0,4.0,185.0,344.4
EC,Casa,3,6,3,1,1,0,1,0,0,1,1,3,26.757387303165068,4.386981001246187,7,1,8.4,0.1,540.0
BR,Departamento,4,8,7,1,1,1,0,1,1,1,0,3,5.6193335515908345,4.838298181404872,8,1,7.7,0.75,629.1
DO,Casa pareada,5,12,6,3,0,0,0,1,0,1,0,4,7.38235129720562,4.0260102741780495,6,0,0.0,12.5,333.7
GT,Casa,2,4,2,1,1,1,0,0,0,1,1,3,15.850225963374019,2.229130637993215,7,1,7.7,1.7,455.4
BR,Casa pareada,3,6,1,0,0,1,1,0,0,1,0,2,21.83805272075916,2.5823674697834744,5,0,7.3,0.75,425.5
JM,Departamento,3,7,2,2,0,1,1,0,1,1,0,1,30.100631773167834,3.4151771364089374,5,1,7.3,0.35,512.7
DO,Casa,3,6,1,0,0,0,0,0,0,1,1,1,23.679444717196358,3.5227780681078364,3,0,0.0,12.5,136.5
PA,Casa pareada,3,8,1,0,1,0,1,0,1,1,0,2,9.53069571222807,4.736217860535179,6,0,8.4,0.17,425.3
CU,Casa,2,6,4,0,0,1,1,1,0,1,0,2,21.70119889083841,2.544316284940484,6,1,7.3,0.09,555.3
MX,Departamento,3,10,2,2,0,0,0,1,1,1,1,1,35.3058301717424,3.667679655747959,5,0,0.0,1.2,272.2
US,Departamento,2,9,1,0,0,1,0,1,0,1,0,3,36.27669015506305,0.0,6,0,3.3,0.16,302.9
UY,Departamento,3,7,3,0,0,1,1,1,0,1,0,4,26.918391231752477,4.936068877208037,8,1,7.3,8.5,564.3
UY,Casa,0,5,1,0,0,0,0,0,0,1,0,2,28.782511640654043,2.757484916898917,3,0,0.0,8.5,103.7
PR,Departamento,4,11,2,1,1,0,1,0,0,1,1,3,19.767823793380813,2.8945691675962695,7,1,8.4,0.22,494.8
JM,Casa,5,12,4,1,1,0,0,1,1,0,0,2,30.99339427817001,0.9987520380205508,5,1,4.4,0.35,356.6
CO,Otro,3,4,4,0,1,1,1,0,0,1,0,3,15.899640107209397,2.3300936192041966,7,1,11.7,820.0,636.3
SV,Casa,2,9,6,2,1,0,0,0,0,1,0,2,16.450724629255596,0.2793852168984823,4,1,4.4,0.19,382.0
CO,Casa,3,3,2,1,0,0,1,1,1,1,1,4,20.651061402790397,3.819072548544253,9,0,4.0,820.0,460.1
NI,Casa,3,8,3,1,0,0,1,0,1,1,1,2,40.9981668227673,3.373563711576841,6,0,4.0,7.5,446.4
CR,Casa,2,6,1,1,0,1,0,0,0,1,1,2,18.689868484025638,2.0155346726418206,5,1,3.3,145.0,300.1
BO,Departamento,1,2,1,0,0,1,0,0,1,1,0,2,18.721944327352553,3.045094179580731,5,0,3.3,0.6,275.0
AR,Casa,2,11,1,0,0,0,0,0,0,1,0,2,13.245444245104167,6.270558973701777,3,0,0.0,85.0,105.5
ES,Casa,2,6,1,0,1,0,1,1,1,1,0,4,23.68621657858044,4.019800782999392,9,0,8.4,0.27,495.9
HT,Casa,3,5,4,1,0,1,0,0,0,1,0,2,8.56715795207152,3.5934526091928993,4,1,3.3,0.14,343.6
UY,Departamento,2,6,3,0,0,0,1,1,0,1,0,3,40.63588884488496,1.6527158129471866,6,0,4.0,8.5,407.0
HN,Casa pareada,3,8,2,1,1,1,1,0,1,1,0,2,19.61701519527704,4.462686537561939,7,1,11.7,3.5,626.2
CL,Casa,4,9,2,1,1,0,1,1,1,1,0,2,8.291417665335302,3.1163279841621736,7,1,8.4,150.0,502.4
ES,Casa,3,7,5,1,0,1,1,0,1,1,0,1,30.20776020439936,4.800955387278334,5,1,7.3,0.27,593.7
BR,Casa,0,1,1,0,0,0,0,1,0,1,0,3,19.911501160543295,3.8420843455390954,5,0,0.0,0.75,150.0
DO,Casa,2,9,1,0,0,0,1,0,1,1,0,1,5.278425512158991,3.5466204548512104,4,0,4.0,12.5,294.2
VE,Departamento,3,11,3,1,1,0,0,1,1,1,0,2,0.010871942581438532,1.8506196550826104,6,1,4.4,0.01,339.9
JM,Casa,3,9,4,1,0,0,1,0,1,1,0,1,18.75267971792592,4.375216296111678,4,0,4.0,0.35,408.5
CO,Departamento,1,6,1,0,0,0,1,1,1,1,0,2,13.001736469146012,2.23390353423851,6,0,4.0,820.0,338.2
DO,Departamento,0,1,2,0,0,0,0,0,0,1,1,2,11.643276607426262,0.4451838208224861,4,0,0.0,12.5,153.9
CL,Casa,1,2,2,0,0,0,1,0,0,1,0,1,13.69994712435687,6.999464377531311,3,0,4.0,150.0,312.5
CU,Departamento,0,1,1,0,0,1,1,0,1,1,0,2,27.649858205440566,4.685347099610199,6,0,7.3,0.09,469.6
VE,Otro,1,5,1,0,0,0,0,0,1,1,1,2,18.032288660571925,0.6179476868308091,5,0,0.0,0.01,160.1
CR,Casa,3,7,3,0,0,0,1,0,0,1,0,2,27.066179408680206,3.3234440435080925,4,0,4.0,145.0,344.6
BR,Departamento,2,7,2,2,0,1,1,0,1,1,0,1,2.7497387057964033,2.568828487388061,5,1,7.3,0.75,497.5
GT,Departamento,2,8,1,0,0,1,0,1,0,1,1,1,26.549052679593874,3.9712918133520985,5,0,3.3,1.7,328.2
BO,Casa pareada,3,9,4,3,0,0,1,0,1,1,0,2,23.715190335465422,2.184048303655495,5,0,4.0,0.6,442.0
PR,Casa,2,1,1,0,0,1,0,0,1,1,0,1,18.34502367952175,2.46717613247322,4,0,3.3,0.22,263.7
PE,Casa móvil,0,1,1,0,0,0,0,0,0,1,0,2,14.613270379030048,6.403645920632634,3,0,0.0,0.62,107.3
SV,Casa,4,10,2,0,0,0,1,0,1,1,0,1,37.376839761871885,0.8789789053252739,4,0,4.0,0.19,326.4
JM,Casa pareada,1,7,1,0,0,0,0,0,1,1,0,3,14.659354399660533,4.534635999987163,5,0,0.0,0.35,136.3
GT,Casa,3,5,4,0,1,0,0,0,1,1,1,1,40.013277040679164,0.6898130106651417,5,1,4.4,1.7,370.8
JM,Casa,3,8,2,0,1,0,1,0,0,1,0,3,19.459542245389205,2.4068167467723893,6,1,8.4,0.35,432.6
PR,Casa,1,5,1,0,0,1,1,0,0,1,0,1,37.33478655428755,4.901538608653246,4,0,7.3,0.22,432.1
BR,Casa,3,5,4,1,0,0,0,0,1,1,0,1,17.903189506545086,3.1373432503329113,3,0,0.0,0.75,222.9
PY,Casa,3,8,3,1,0,1,0,0,0,1,0,1,30.82257353349087,2.3234548964821977,3,1,3.3,185.0,313.3
ES,Departamento,3,7,9,1,0,0,0,0,1,1,0,3,23.603197898066455,2.575142975421042,5,0,0.0,0.27,394.3
AR,Casa pareada,0,1,1,0,0,0,0,0,0,1,0,1,11.081085485742692,2.4253225150893845,2,0,0.0,85.0,81.8
HN,Casa,3,7,5,1,0,1,1,0,0,1,0,1,23.634583941076265,2.7645004946741056,4,1,7.3,3.5,552.1
AR,Casa pareada,4,9,3,3,1,0,0,0,1,1,0,2,14.124988830621543,1.6102295531002122,5,1,4.4,85.0,340.8
BO,Casa,3,7,4,1,0,0,0,0,0,1,0,3,28.866235860716763,3.540512783379723,4,0,0.0,0.6,225.1
JM,Casa móvil,1,5,2,0,0,0,1,0,1,1,0,1,1.4929904940906944,0.0237406176614674,4,0,4.0,0.35,307.5
NI,Departamento,2,2,1,0,0,0,1,0,1,1,0,2,3.7730210474521613,1.2974775175081648,5,0,4.0,7.5,286.3
NI,Casa,3,6,3,0,1,0,1,0,0,1,0,1,31.884377551242558,2.9731562575620196,4,1,8.4,7.5,452.4
SV,Departamento,4,12,4,0,0,0,0,1,1,1,0,1,23.915747100634633,5.552496888195716,4,0,0.0,0.19,260.8
AR,Casa pareada,1,3,3,0,0,1,0,0,1,1,0,2,22.02810517720325,1.2376965341901762,5,1,3.3,85.0,330.0
ES,Casa,4,8,4,2,0,0,1,0,1,1,0,2,9.540239452268793,2.461408795244538,5,0,4.0,0.27,416.2
US,Casa,2,4,2,0,0,0,0,0,0,1,0,1,22.676928009944216,3.8802435058601032,2,0,0.0,0.16,123.0
US,Departamento,3,10,2,2,1,1,1,1,0,1,0,1,25.54087341350615,0.8482518516978148,6,1,11.7,0.16,629.2
HT,Casa,5,15,3,2,0,0,1,1,0,1,0,2,12.473659911116211,3.4160761237145416,5,0,4.0,0.14,402.7
CU,Casa,4,12,2,0,0,0,0,0,0,1,0,2,3.207297736164257,6.754628058290043,3,0,0.0,0.09,129.1
PA,Casa,2,3,1,0,1,1,1,0,0,1,0,2,24.42698339091084,2.261749055838361,6,0,11.7,0.17,545.8
PY,Casa,3,6,3,3,0,0,1,1,1,1,0,1,26.56707727186457,5.22389300777691,5,0,4.0,185.0,455.5
PA,Casa,2,5,1,0,0,0,0,0,0,1,0,2,29.448937053968095,1.991014513399949,3,0,0.0,0.17,101.0
BO,Casa,4,11,4,1,1,0,1,1,1,1,1,2,14.606815955002798,4.033596327575967,8,1,8.4,0.6,616.3
CL,Casa,3,5,2,1,1,1,1,0,1,1,1,4,13.853478943980251,2.4584769133872717,10,1,11.7,150.0,670.5
US,Departamento,2,3,1,0,0,0,0,0,1,1,1,2,29.778706809715437,3.509368414749253,5,0,0.0,0.16,182.5
BO,Casa pareada,2,8,2,0,0,0,0,0,0,1,0,1,24.6707564898716,2.024844512379176,2,0,0.0,0.6,115.9
AR,Casa,2,7,1,0,0,0,0,0,0,1,0,2,26.353139701827963,4.115815778605049,3,0,0.0,85.0,107.4
CR,Casa,2,8,2,0,0,0,1,0,0,1,0,1,16.191785041080063,1.2668056263164778,3,0,4.0,145.0,289.0
AR,Casa,2,6,3,2,0,0,0,0,0,1,0,1,27.139215855936474,2.5350633987043776,2,0,0.0,85.0,179.1
HN,Casa,5,8,5,1,1,0,1,0,0,1,0,3,16.449343034041355,1.5051140491813018,6,1,8.4,3.5,529.9
CR,Casa,2,8,5,0,0,0,0,0,0,1,0,4,23.940835335490387,3.1504134688725025,5,0,0.0,145.0,243.0
NI,Casa,3,6,1,0,1,1,1,0,0,1,1,4,47.260577781706715,3.2261264063038646,9,0,11.7,7.5,655.5
JM,Departamento,0,5,1,0,0,0,0,1,0,1,0,2,4.566711586092236,1.6709513033677499,4,0,0.0,0.35,118.5
UY,Casa,1,4,4,0,0,1,0,0,0,1,0,1,13.968667769509807,4.1788451989363145,3,1,3.3,8.5,329.1
CL,Casa pareada,2,4,4,0,0,1,1,0,0,1,0,1,19.33402581895862,2.4675579900200812,4,1,7.3,150.0,504.0
NI,Otro,2,6,1,0,1,0,0,0,1,1,0,1,15.958248321027144,0.610371748067255,4,0,4.4,7.5,225.6
PE,Departamento,3,3,4,0,1,0,1,0,1,1,1,2,21.403968325420564,2.0932177727377805,7,1,8.4,0.62,558.7
CU,Casa,1,6,3,0,1,1,1,1,0,1,0,2,24.750498927363168,4.011550007075089,7,1,11.7,0.09,653.6
MX,Casa,3,7,1,1,0,0,0,1,0,1,0,4,14.523123963888594,1.8572568675818086,6,0,0.0,1.2,156.6
HN,Casa,4,10,2,1,0,1,0,0,0,1,1,3,32.44688011180915,3.2709420094870545,6,1,3.3,3.5,361.6
HN,Casa,2,3,3,0,1,0,1,0,1,1,0,1,25.30990126335572,1.0038996058024927,5,1,8.4,3.5,471.2
ES,Casa,2,9,2,1,0,1,1,1,1,1,0,3,32.95551858890053,0.0,8,1,7.3,0.27,553.8
DO,Casa,1,3,1,0,1,0,1,0,1,1,0,4,17.145515565169188,4.442985473330823,8,0,8.4,12.5,446.5
BR,Casa,2,4,1,1,1,0,1,0,1,1,0,1,19.039322725382345,2.3228971130753786,5,1,8.4,0.75,429.2
CL,Departamento,2,6,2,0,0,0,0,0,0,1,1,1,23.416569110860863,5.603269313669006,3,0,0.0,150.0,175.3
HN,Casa,4,9,6,1,0,0,1,0,0,1,1,1,19.727772580256694,0.12304584413840836,4,0,4.0,3.5,465.3
EC,Casa,2,6,2,0,0,1,1,0,1,1,0,1,17.571705359710474,1.177460754403472,5,1,7.3,0.1,467.8
HN,Casa,1,5,3,0,0,0,0,0,1,1,0,2,7.259183829473432,1.112254974318734,4,0,0.0,3.5,168.5
HN,Casa,2,1,3,0,0,0,1,0,0,1,0,1,31.93578480937231,3.696186017764097,3,0,4.0,3.5,336.1
CR,Departamento,3,8,5,0,1,0,1,0,0,1,0,0,0.0,1.7029248421132552,3,1,8.4,145.0,492.7
UY,Casa,1,3,1,0,1,0,0,1,1,1,0,3,3.826029596432562,2.82934153843785,7,0,4.4,8.5,274.7
DO,Departamento,0,2,1,0,0,0,0,1,0,1,0,2,21.92327143039381,3.9950299054073275,4,0,0.0,12.5,143.2
HT,Departamento,0,1,1,0,0,0,0,1,0,1,1,1,15.910916431094662,2.6739234028920897,4,0,0.0,0.14,169.6
US,Casa,3,8,5,1,0,1,1,0,0,1,0,2,35.22797731744178,5.811568318233612,5,1,7.3,0.16,585.7
SV,Casa pareada,5,11,3,0,0,0,0,0,1,1,0,4,11.233623316116269,0.0,6,0,0.0,0.19,178.0
SV,Casa,3,7,1,1,1,0,1,0,0,1,0,3,30.217687776423837,3.8603671416818104,6,1,8.4,0.19,437.6
PY,Casa,4,11,1,2,0,0,0,0,1,1,0,2,19.118692411418944,3.017445307729128,4,0,0.0,185.0,156.7
CR,Casa,0,1,1,0,0,0,1,0,1,1,0,3,15.528200611328842,1.7611617396502268,6,0,4.0,145.0,305.6
MX,Casa,3,7,2,1,0,0,0,0,0,1,0,2,3.1621189180499982,1.096666938485996,3,0,0.0,1.2,119.8
DO,Casa pareada,3,11,1,1,0,1,0,1,0,1,0,2,13.038132463514305,0.0,5,1,3.3,12.5,282.1
VE,Casa,3,6,1,1,0,0,0,0,1,1,0,1,17.36416593562615,3.05739651133037,3,0,0.0,0.01,132.3
CU,Casa,2,6,3,1,0,0,0,1,0,0,0,3,24.092598718660806,1.8930731816557502,4,0,0.0,0.09,186.0
CR,Casa pareada,3,4,6,1,1,0,0,0,0,1,0,2,19.884420104438878,1.5945925341401321,4,1,4.4,145.0,375.5
